caminho,extensao,tamanho_bytes,etapa,descricao,sha256_16
.gitignore,,308,configuracao,Exclusões do controle de versão (artefatos do R e exportações brutas de bases),47d325b4ce9a6fc1
CITATION.cff,cff,1519,documentacao,Metadados de citação do repositório e do artigo (formato Citation File Format),9d3c1254ceffc749
LICENSE,,1610,documentacao,Licença MIT para o código e nota sobre CC BY-NC 4.0 para os demais materiais,53fa899f496dccf9
MANIFEST.csv,csv,0,documentacao,Este inventário: relação de todos os arquivos do repositório,
README.md,md,8099,documentacao,"Apresentação do repositório, estrutura, fluxo de trabalho e limitações",209f6d1026738619
dados/Scopus_exported_refine_values.csv,csv,20514,dados derivados,Valores agregados de refinamento exportados da Scopus,9eb8dfbf01661caa
dados/curadoria_resumos/abstracts_nao_ingles.csv,csv,12999,3-resumos,"Resumos cujo idioma detectado não é inglês, exportados para revisão",13a4554bf5257bd5
dados/curadoria_resumos/abstracts_para_traduzir.csv,csv,41593,3-resumos,"Resumos em português ou de idioma não identificado, exportados para tradução manual",11ec6b2f25f9b20e
dados/curadoria_resumos/resumos_para_limpeza_manual.csv,csv,302016,3-resumos,"Autor, ano, título, resumo e DOI de todos os artigos, exportados para limpeza manual dos resumos",5b15ab8e39b590e6
dados/lista_artigos_para_filtragem.csv,csv,62140,dados derivados,"Listagem dos artigos com título, autores, ano e fonte, usada na triagem manual",5628abc39e097ca9
dados/wos_scopus_filtrados.rds,rds,949165,dados derivados,"Base final de artigos após merge, deduplicação, filtragem e correções (objeto bibliometrix em RDS)",4e8969b13f22b1a1
iramuteq/corpus_iramuteq_corrigido.txt,txt,210532,4-corpus,"Corpus textual final formatado para o IRaMuTeQ, com resumos pré-processados",f7cb7520031e5e52
iramuteq/corpus_iramuteq_corrigido_corpus_2/Corpus.cira,cira,925,analise textual - projeto,Arquivo de projeto/banco do corpus no IRaMuTeQ,19e3f91f2557bdec
iramuteq/corpus_iramuteq_corrigido_corpus_2/corpus.db,db,217088,analise textual - projeto,Arquivo de projeto/banco do corpus no IRaMuTeQ,4070096a4218d2b9
iramuteq/corpus_iramuteq_corrigido_corpus_2/corpus_iramuteq_corrigido_alceste_2/AFC2DCL.png,png,6226,analise textual - CHD,"Classificação hierárquica descendente (método Reinert): perfis, antiperfis, dendrogramas e AFC das classes",05df18b85dd06432
iramuteq/corpus_iramuteq_corrigido_corpus_2/corpus_iramuteq_corrigido_alceste_2/AFC2DEL.png,png,29846,analise textual - CHD,"Classificação hierárquica descendente (método Reinert): perfis, antiperfis, dendrogramas e AFC das classes",fcf2b6208f95d271
iramuteq/corpus_iramuteq_corrigido_corpus_2/corpus_iramuteq_corrigido_alceste_2/AFC2DEL.png_notplotted.csv,csv,9804,analise textual - CHD,"Classificação hierárquica descendente (método Reinert): perfis, antiperfis, dendrogramas e AFC das classes",06881314c56590f6
iramuteq/corpus_iramuteq_corrigido_corpus_2/corpus_iramuteq_corrigido_alceste_2/AFC2DL.png,png,38217,analise textual - CHD,"Classificação hierárquica descendente (método Reinert): perfis, antiperfis, dendrogramas e AFC das classes",2f0b53cd76fe3b4c
iramuteq/corpus_iramuteq_corrigido_corpus_2/corpus_iramuteq_corrigido_alceste_2/AFC2DL.png_notplotted.csv,csv,2474,analise textual - CHD,"Classificação hierárquica descendente (método Reinert): perfis, antiperfis, dendrogramas e AFC das classes",394d397fcfac59e1
iramuteq/corpus_iramuteq_corrigido_corpus_2/corpus_iramuteq_corrigido_alceste_2/AFC2DSL.png,png,27514,analise textual - CHD,"Classificação hierárquica descendente (método Reinert): perfis, antiperfis, dendrogramas e AFC das classes",ec2eabd93285579a
iramuteq/corpus_iramuteq_corrigido_corpus_2/corpus_iramuteq_corrigido_alceste_2/Analyse.ira,ira,707,analise textual - CHD,"Classificação hierárquica descendente (método Reinert): perfis, antiperfis, dendrogramas e AFC das classes",48a355e0d1a4b304
iramuteq/corpus_iramuteq_corrigido_corpus_2/corpus_iramuteq_corrigido_alceste_2/RData.RData,rdata,242584,analise textual - CHD,"Classificação hierárquica descendente (método Reinert): perfis, antiperfis, dendrogramas e AFC das classes",821d27ed92dd1609
iramuteq/corpus_iramuteq_corrigido_corpus_2/corpus_iramuteq_corrigido_alceste_2/SbyClasseOut.csv,csv,11276,analise textual - CHD,"Classificação hierárquica descendente (método Reinert): perfis, antiperfis, dendrogramas e AFC das classes",eccc100d999139bf
iramuteq/corpus_iramuteq_corrigido_corpus_2/corpus_iramuteq_corrigido_alceste_2/TableUc1.csv,csv,125399,analise textual - CHD,"Classificação hierárquica descendente (método Reinert): perfis, antiperfis, dendrogramas e AFC das classes",d3b5bae5ae3b7195
iramuteq/corpus_iramuteq_corrigido_corpus_2/corpus_iramuteq_corrigido_alceste_2/afc_col.csv,csv,817,analise textual - CHD,"Classificação hierárquica descendente (método Reinert): perfis, antiperfis, dendrogramas e AFC das classes",b111262e9fd48585
iramuteq/corpus_iramuteq_corrigido_corpus_2/corpus_iramuteq_corrigido_alceste_2/afc_facteur.csv,csv,173,analise textual - CHD,"Classificação hierárquica descendente (método Reinert): perfis, antiperfis, dendrogramas e AFC das classes",f52529c5868ec471
iramuteq/corpus_iramuteq_corrigido_corpus_2/corpus_iramuteq_corrigido_alceste_2/afc_row.csv,csv,279615,analise textual - CHD,"Classificação hierárquica descendente (método Reinert): perfis, antiperfis, dendrogramas e AFC das classes",9bcc78f36587d035
iramuteq/corpus_iramuteq_corrigido_corpus_2/corpus_iramuteq_corrigido_alceste_2/antiprofiles.csv,csv,52003,analise textual - CHD,"Classificação hierárquica descendente (método Reinert): perfis, antiperfis, dendrogramas e AFC das classes",c478a3cffe5deab5
iramuteq/corpus_iramuteq_corrigido_corpus_2/corpus_iramuteq_corrigido_alceste_2/arbre_1.png,png,2448,analise textual - CHD,"Classificação hierárquica descendente (método Reinert): perfis, antiperfis, dendrogramas e AFC das classes",58ea429c684b51a6
iramuteq/corpus_iramuteq_corrigido_corpus_2/corpus_iramuteq_corrigido_alceste_2/chisqtable.csv,csv,49009,analise textual - CHD,"Classificação hierárquica descendente (método Reinert): perfis, antiperfis, dendrogramas e AFC das classes",b6934789c7558b04
iramuteq/corpus_iramuteq_corrigido_corpus_2/corpus_iramuteq_corrigido_alceste_2/classe_mod.csv,csv,14175,analise textual - CHD,"Classificação hierárquica descendente (método Reinert): perfis, antiperfis, dendrogramas e AFC das classes",7f1a1d75a2b0eda1
iramuteq/corpus_iramuteq_corrigido_corpus_2/corpus_iramuteq_corrigido_alceste_2/dendro1.png,png,3116,analise textual - CHD,"Classificação hierárquica descendente (método Reinert): perfis, antiperfis, dendrogramas e AFC das classes",d5e85d66a868938c
iramuteq/corpus_iramuteq_corrigido_corpus_2/corpus_iramuteq_corrigido_alceste_2/dendrogramme.RData,rdata,904,analise textual - CHD,"Classificação hierárquica descendente (método Reinert): perfis, antiperfis, dendrogramas e AFC das classes",9313f5aff3078f32
iramuteq/corpus_iramuteq_corrigido_corpus_2/corpus_iramuteq_corrigido_alceste_2/dendrogramme_1.png,png,14901,analise textual - CHD,"Classificação hierárquica descendente (método Reinert): perfis, antiperfis, dendrogramas e AFC das classes",5e430caabe7f2b48
iramuteq/corpus_iramuteq_corrigido_corpus_2/corpus_iramuteq_corrigido_alceste_2/dendrogramme_2.png,png,14146,analise textual - CHD,"Classificação hierárquica descendente (método Reinert): perfis, antiperfis, dendrogramas e AFC das classes",676c735205a6cfd3
iramuteq/corpus_iramuteq_corrigido_corpus_2/corpus_iramuteq_corrigido_alceste_2/info.txt,txt,532,analise textual - CHD,"Classificação hierárquica descendente (método Reinert): perfis, antiperfis, dendrogramas e AFC das classes",4d9b3a46e815f8e9
iramuteq/corpus_iramuteq_corrigido_corpus_2/corpus_iramuteq_corrigido_alceste_2/listeUCE1.csv,csv,7733,analise textual - CHD,"Classificação hierárquica descendente (método Reinert): perfis, antiperfis, dendrogramas e AFC das classes",3fc403795e9dd6d9
iramuteq/corpus_iramuteq_corrigido_corpus_2/corpus_iramuteq_corrigido_alceste_2/liste_graph_afc.txt,txt,485,analise textual - CHD,"Classificação hierárquica descendente (método Reinert): perfis, antiperfis, dendrogramas e AFC das classes",9386dc98aa10c072
iramuteq/corpus_iramuteq_corrigido_corpus_2/corpus_iramuteq_corrigido_alceste_2/liste_graph_chd.txt,txt,426,analise textual - CHD,"Classificação hierárquica descendente (método Reinert): perfis, antiperfis, dendrogramas e AFC das classes",4d851e4cb9debd94
iramuteq/corpus_iramuteq_corrigido_corpus_2/corpus_iramuteq_corrigido_alceste_2/n1-1.csv,csv,24967,analise textual - CHD,"Classificação hierárquica descendente (método Reinert): perfis, antiperfis, dendrogramas e AFC das classes",7b3881deaf63ef11
iramuteq/corpus_iramuteq_corrigido_corpus_2/corpus_iramuteq_corrigido_alceste_2/n1.csv,csv,7848,analise textual - CHD,"Classificação hierárquica descendente (método Reinert): perfis, antiperfis, dendrogramas e AFC das classes",9a9128b82dc3850f
iramuteq/corpus_iramuteq_corrigido_corpus_2/corpus_iramuteq_corrigido_alceste_2/profiles.csv,csv,54236,analise textual - CHD,"Classificação hierárquica descendente (método Reinert): perfis, antiperfis, dendrogramas e AFC das classes",a951497931415b23
iramuteq/corpus_iramuteq_corrigido_corpus_2/corpus_iramuteq_corrigido_alceste_2/ptable.csv,csv,30157,analise textual - CHD,"Classificação hierárquica descendente (método Reinert): perfis, antiperfis, dendrogramas e AFC das classes",5f4a83a0654680de
iramuteq/corpus_iramuteq_corrigido_corpus_2/corpus_iramuteq_corrigido_alceste_2/tableet.csv,csv,7781,analise textual - CHD,"Classificação hierárquica descendente (método Reinert): perfis, antiperfis, dendrogramas e AFC das classes",0105dd6d3708a7be
iramuteq/corpus_iramuteq_corrigido_corpus_2/corpus_iramuteq_corrigido_alceste_2/tablesup.csv,csv,3209,analise textual - CHD,"Classificação hierárquica descendente (método Reinert): perfis, antiperfis, dendrogramas e AFC das classes",30e98b04f08578d3
iramuteq/corpus_iramuteq_corrigido_corpus_2/corpus_iramuteq_corrigido_alceste_2/uce.csv,csv,7848,analise textual - CHD,"Classificação hierárquica descendente (método Reinert): perfis, antiperfis, dendrogramas e AFC das classes",9a9128b82dc3850f
iramuteq/corpus_iramuteq_corrigido_corpus_2/corpus_iramuteq_corrigido_spec_1/Analyse.ira,ira,514,analise textual - especificidades,Análise de especificidades e AFC por modalidade de variável,cd5e809fe462e093
iramuteq/corpus_iramuteq_corrigido_corpus_2/corpus_iramuteq_corrigido_spec_1/liste_graph_afcf.txt,txt,44,analise textual - especificidades,Análise de especificidades e AFC por modalidade de variável,67f2095694f730ce
iramuteq/corpus_iramuteq_corrigido_corpus_2/corpus_iramuteq_corrigido_spec_1/liste_graph_afct.txt,txt,44,analise textual - especificidades,Análise de especificidades e AFC por modalidade de variável,0ca5c1cf77ab8487
iramuteq/corpus_iramuteq_corrigido_corpus_2/corpus_iramuteq_corrigido_spec_1/statbyet.csv,csv,18252,analise textual - especificidades,Análise de especificidades e AFC por modalidade de variável,018c7a495b4760e2
iramuteq/corpus_iramuteq_corrigido_corpus_2/corpus_iramuteq_corrigido_spec_1/tableafcm.csv,csv,402312,analise textual - especificidades,Análise de especificidades e AFC por modalidade de variável,f882729752fb73b6
iramuteq/corpus_iramuteq_corrigido_corpus_2/corpus_iramuteq_corrigido_spec_1/tabletypem.csv,csv,145,analise textual - especificidades,Análise de especificidades e AFC por modalidade de variável,de3e37cf52414fa2
iramuteq/corpus_iramuteq_corrigido_corpus_2/corpus_iramuteq_corrigido_stat_1/Analyse.ira,ira,454,analise textual - estatisticas,"Estatísticas lexicais do corpus: formas ativas, hapax, curva de Zipf, tamanho dos segmentos",353bc2eb1e86a463
iramuteq/corpus_iramuteq_corrigido_corpus_2/corpus_iramuteq_corrigido_stat_1/formes_actives.csv,csv,55521,analise textual - estatisticas,"Estatísticas lexicais do corpus: formas ativas, hapax, curva de Zipf, tamanho dos segmentos",3110e29fe65341bd
iramuteq/corpus_iramuteq_corrigido_corpus_2/corpus_iramuteq_corrigido_stat_1/formes_supplémentaires.csv,csv,6211,analise textual - estatisticas,"Estatísticas lexicais do corpus: formas ativas, hapax, curva de Zipf, tamanho dos segmentos",03fdb14dfc598666
iramuteq/corpus_iramuteq_corrigido_corpus_2/corpus_iramuteq_corrigido_stat_1/glob.txt,txt,201,analise textual - estatisticas,"Estatísticas lexicais do corpus: formas ativas, hapax, curva de Zipf, tamanho dos segmentos",70a7b613c1afbea5
iramuteq/corpus_iramuteq_corrigido_corpus_2/corpus_iramuteq_corrigido_stat_1/hapax.csv,csv,29991,analise textual - estatisticas,"Estatísticas lexicais do corpus: formas ativas, hapax, curva de Zipf, tamanho dos segmentos",4212936eaffdecd6
iramuteq/corpus_iramuteq_corrigido_corpus_2/corpus_iramuteq_corrigido_stat_1/segments_size.png,png,2751,analise textual - estatisticas,"Estatísticas lexicais do corpus: formas ativas, hapax, curva de Zipf, tamanho dos segmentos",7479ce9d003ffa7c
iramuteq/corpus_iramuteq_corrigido_corpus_2/corpus_iramuteq_corrigido_stat_1/stsize.csv,csv,3527,analise textual - estatisticas,"Estatísticas lexicais do corpus: formas ativas, hapax, curva de Zipf, tamanho dos segmentos",f5847ea44874156c
iramuteq/corpus_iramuteq_corrigido_corpus_2/corpus_iramuteq_corrigido_stat_1/total.csv,csv,31741,analise textual - estatisticas,"Estatísticas lexicais do corpus: formas ativas, hapax, curva de Zipf, tamanho dos segmentos",10fd0eeb78459e15
iramuteq/corpus_iramuteq_corrigido_corpus_2/corpus_iramuteq_corrigido_stat_1/zipf.png,png,2751,analise textual - estatisticas,"Estatísticas lexicais do corpus: formas ativas, hapax, curva de Zipf, tamanho dos segmentos",83c4b143924ce05e
iramuteq/corpus_iramuteq_corrigido_corpus_2/corpus_iramuteq_corrigido_wordcloud_1/Analyse.ira,ira,778,analise textual - nuvem,Nuvem de palavras do corpus (primeira configuração),8e8cb57d01766bb4
iramuteq/corpus_iramuteq_corrigido_corpus_2/corpus_iramuteq_corrigido_wordcloud_1/actives_eff.csv,csv,13719,analise textual - nuvem,Nuvem de palavras do corpus (primeira configuração),ee39f0165b7b2eb9
iramuteq/corpus_iramuteq_corrigido_corpus_2/corpus_iramuteq_corrigido_wordcloud_1/nuage_1.png,png,64398,analise textual - nuvem,Nuvem de palavras do corpus (primeira configuração),c1e0cf915e7a71e8
iramuteq/corpus_iramuteq_corrigido_corpus_2/corpus_iramuteq_corrigido_wordcloud_1/selected.csv,csv,5902,analise textual - nuvem,Nuvem de palavras do corpus (primeira configuração),280071fd929eb89e
iramuteq/corpus_iramuteq_corrigido_corpus_2/corpus_iramuteq_corrigido_wordcloud_2/Analyse.ira,ira,778,analise textual - nuvem,Nuvem de palavras do corpus (segunda configuração),14fb99f0c5949706
iramuteq/corpus_iramuteq_corrigido_corpus_2/corpus_iramuteq_corrigido_wordcloud_2/actives_eff.csv,csv,13719,analise textual - nuvem,Nuvem de palavras do corpus (segunda configuração),ee39f0165b7b2eb9
iramuteq/corpus_iramuteq_corrigido_corpus_2/corpus_iramuteq_corrigido_wordcloud_2/nuage_1.png,png,39311,analise textual - nuvem,Nuvem de palavras do corpus (segunda configuração),268ffc9a91f78805
iramuteq/corpus_iramuteq_corrigido_corpus_2/corpus_iramuteq_corrigido_wordcloud_2/selected.csv,csv,1585,analise textual - nuvem,Nuvem de palavras do corpus (segunda configuração),91f9d55161105db8
iramuteq/corpus_iramuteq_corrigido_corpus_2/formes.db,db,385024,analise textual - projeto,Arquivo de projeto/banco do corpus no IRaMuTeQ,ecdb13560d704d6b
iramuteq/corpus_iramuteq_corrigido_corpus_2/uces.db,db,225280,analise textual - projeto,Arquivo de projeto/banco do corpus no IRaMuTeQ,732e3ca97be8ebe8
scripts/analise_biblio.R,r,9832,5-analise,"Análises bibliométricas: descritivas, citações, redes de palavras-chave, mapas temáticos, three fields plot",bc8f56ac5e308aa7
scripts/biblio_organizado.R,r,10100,1-coleta e integracao,"Importa WoS e Scopus, une bases, remove duplicatas, filtra artigos fora do escopo e aplica correção de autores",6c4edf21133dfbae
scripts/exploratorios/abstract_iramuteq.R,r,2559,0-exploratorio,Versão anterior da preparação do corpus para o IRaMuTeQ,c96295b47b08c5cc
scripts/exploratorios/base.R,r,1212,0-exploratorio,Comandos básicos do pacote bibliometrix (estudo do pacote),46dff81310be7a40
scripts/exploratorios/bibliometria_muitobom.R,r,4197,0-exploratorio,Versão anterior do pipeline de importação e análise,a3d19c741230e3c7
scripts/exploratorios/ciento.R,r,1513,0-exploratorio,Teste de co-citação e identificação de artigos citantes das referências mais citadas,80b0f08ff7d7fb7e
scripts/normalizar_arigos_resumos.R,r,1426,3-resumos,Detecta idioma dos resumos (cld3) e exporta os não ingleses para revisão/tradução manual,9b02b7031f3d3bd0
scripts/normalizar_citacoes.R,r,3499,2-normalizacao,Normaliza variantes de referências citadas no campo CR por expressões regulares,f472f96a22776cb5
scripts/resumos_para_iramuteq.R,r,1561,4-corpus,Reincorpora resumos traduzidos e gera o corpus formatado para o IRaMuTeQ,0258943e3c096141
