black;40;54;55
race;60;29;100
article;18;45;66
social;20;27;60
racial;24;45;39
study;29;41;40
gender;27;9;75
brazil;23;24;43
woman;20;25;40
brazilian;10;32;42
analyze;27;12;38
research;16;39;15
aim;11;36;21
present;9;21;30
relation;7;15;37
analysis;12;13;38
work;5;36;22
class;13;6;43
education;23;23;11
base;12;25;22
understand;0;21;27
result;38;8;10
health;11;29;4
de;7;5;3
inequality;27;10;13
white;25;4;14
school;36;5;7
discuss;5;33;12
color;34;7;8
racism;3;30;16
public;13;20;15
population;17;18;6
policy;9;18;16
political;3;13;20
relationship;11;4;15
practice;7;14;13
person;19;10;8
high;30;6;4
process;5;12;19
group;15;10;12
student;27;3;4
context;7;10;16
state;5;20;10
debate;0;22;13
data;23;7;8
point;9;5;19
objective;12;8;10
action;3;20;8
experience;3;5;18
relate;8;9;19
field;2;8;24
concept;4;9;10
focus;2;16;13
society;3;7;15
order;4;17;7
identity;3;1;21
cultural;1;1;22
issue;0;18;11
movement;0;13;10
discourse;1;3;21
violence;2;16;3
theoretical;0;21;11
historical;2;8;18
year;16;5;5
show;10;6;12
national;9;7;11
construction;0;9;14
century;1;5;5
science;3;6;15
paper;8;5;6
form;2;5;14
production;0;15;12
produce;2;8;14
paulo;6;1;1
seek;0;10;10
role;3;15;4
propose;3;7;14
main;2;10;9
city;7;1;7
approach;3;21;3
african;0;8;3
access;12;6;5
rio;6;0;1
method;16;5;2
low;22;0;1
ethnic;6;10;5
difference;8;7;10
critical;0;7;16
contribute;4;14;2
university;1;4;5
são;6;0;0
perspective;1;10;10
identify;4;10;6
history;1;10;6
discussion;2;9;12
category;2;2;16
theory;0;17;6
text;0;14;10
reflect;1;4;13
knowledge;4;8;8
investigate;7;5;7
highlight;1;9;11
develop;1;19;3
aspect;5;3;13
worker;2;10;6
time;3;8;4
subject;1;1;17
representation;3;1;15
project;1;3;17
literature;4;17;1
include;7;6;8
idea;0;5;8
effect;12;3;5
body;0;2;13
question;4;10;8
part;3;2;12
author;1;8;9
area;7;4;11
age;18;2;2
theme;2;9;8
language;0;3;2
family;6;3;2
examine;1;5;8
dialogue;0;10;3
case;9;0;5
slavery;0;7;1
skin;18;2;1
marker;5;4;9
man;10;3;4
life;1;3;9
income;18;0;2
culture;0;4;13
condition;8;1;9
aid;14;0;3
term;4;5;4
reflection;0;10;6
profile;11;2;5
power;1;5;11
performance;6;5;3
observe;10;4;3
level;14;1;3
law;4;9;4
janeiro;5;0;1
feminism;0;11;5
federal;8;5;0
factor;12;4;3
conduct;10;4;4
conclude;2;7;7
system;6;8;3
scientific;1;9;7
reveal;4;5;9
promote;1;7;8
narrative;1;0;12
live;11;1;0
interview;4;7;5
individual;12;4;1
impact;6;4;5
economic;6;3;0
due;3;7;6
discrimination;8;8;1
disability;8;0;5
young;15;0;2
struggle;0;6;7
strategy;5;6;2
professional;3;11;1
period;4;4;6
intellectual;2;1;5
great;7;2;6
feminist;0;9;3
establish;1;4;10
end;2;4;3
classification;7;4;1
academic;1;13;2
survey;13;2;1
structure;3;7;6
report;9;7;0
labor;4;2;5
formation;0;2;13
find;12;3;2
explore;1;6;2
child;4;3;1
care;3;7;4
world;1;2;1
trajectory;2;3;8
suggest;4;4;5
set;1;8;0
segregation;7;0;4
physical;6;1;5
newspaper;0;2;2
importance;1;9;4
hand;6;5;3
female;10;3;2
eugenics;0;1;6
element;0;3;10
demonstrate;2;2;9
contribution;1;10;3
association;8;2;5
afro;0;6;3
address;0;9;4
view;0;1;9
source;1;8;1
socioeconomic;14;1;0
rural;2;4;3
review;3;11;1
information;11;2;1
increase;11;1;2
image;0;0;9
hiv;10;0;3
effort;2;9;2
central;1;1;9
analyse;6;1;5
american;0;8;1
variable;8;1;3
teach;2;8;2
specific;0;6;7
space;1;5;6
region;5;6;0
qualitative;5;5;2
post;0;0;3
portuguese;3;2;3
notion;0;3;1
model;7;0;7
male;11;0;0
interpretation;1;1;8
intend;1;3;7
influence;5;2;3
important;3;2;5
country;0;8;5
conclusion;10;2;1
compare;9;1;1
colonial;0;2;5
carry;5;4;2
call;2;4;6
bring;0;11;3
activity;4;1;7
urban;3;0;4
teacher;1;11;0
status;7;1;5
racist;0;2;9
publish;2;1;4
perception;4;2;5
meaning;0;3;7
link;3;5;4
intersectionality;0;5;5
hierarchy;2;5;2
educational;4;7;2
dimension;4;0;6
construct;0;3;3
change;6;2;3
brown;8;1;2
addition;2;9;0
95percci;8;0;0
structural;2;4;4
service;4;3;3
racialized;0;0;9
position;2;1;5
past;1;1;8
methodology;1;9;1
material;3;2;6
market;3;0;6
mark;0;3;4
intersection;1;1;8
framework;0;9;2
describe;2;2;6
decolonial;0;6;2
deal;2;3;6
contemporary;1;6;4
conception;2;5;2
common;5;5;1
center;0;7;5
census;6;1;3
book;0;2;8
argue;0;8;4
affirmative;0;9;2
adolescent;8;2;0
train;1;9;0
speech;0;1;2
sexuality;1;0;9
sex;6;0;5
sense;1;8;0
risk;9;0;1
reference;2;6;0
play;2;4;1
place;1;2;3
organization;0;5;4
object;0;3;6
mobilize;0;2;6
methodological;0;10;0
medical;1;2;1
human;2;3;6
development;2;4;0
characteristic;6;1;2
build;1;3;5
apply;6;4;1
anti;0;2;6
wage;6;1;1
transformation;1;2;4
tax;4;0;1
sport;6;0;1
specifically;0;5;4
sociological;0;6;4
situation;3;6;1
racialization;0;0;5
questionnaire;6;2;0
pattern;7;0;2
participation;1;5;1
mental;5;0;0
memory;0;2;4
magazine;0;0;4
long;3;3;2
local;2;2;2
literary;0;6;2
line;2;6;1
legal;0;9;1
international;0;6;3
institution;4;2;3
informal;5;1;3
hypothesis;0;6;4
global;0;3;0
football;2;0;2
figure;0;1;7
ethnicity;3;3;2
demographic;4;1;5
current;0;4;4
community;3;2;2
challenge;0;5;2
type;4;0;4
support;2;1;0
story;0;3;2
socio;5;0;2
silence;0;3;3
significant;3;6;0
reproduction;0;3;5
represent;0;1;5
remain;4;2;3
religious;0;5;1
purpose;1;3;5
proposal;2;4;3
problem;1;6;1
possibility;0;3;5
patient;5;1;0
open;2;4;3
occur;8;0;0
network;1;1;1
nation;0;0;6
medium;0;5;3
measure;5;3;1
map;0;4;1
journal;1;1;2
investigation;1;5;2
intersectional;0;4;5
general;1;4;3
face;0;3;6
explain;2;4;2
empirical;2;4;3
draw;1;7;0
decision;2;1;5
database;5;1;1
daily;0;2;1
criminal;3;5;0
cohort;7;0;0
chance;6;0;0
brazilians;1;3;3
articulate;0;0;8
argument;0;0;6
affect;5;0;3
1930s;0;2;2
writer;0;3;1
write;0;6;2
vulnerability;6;0;2
unite;0;3;3
tradition;0;5;2
topic;0;5;3
territory;0;1;4
start;0;5;1
south;1;1;1
sociology;0;2;5
sexual;6;0;1
regression;8;0;0
read;0;5;1
private;4;2;2
poverty;2;0;2
phenomenon;3;3;2
participate;0;0;5
participant;2;1;1
origin;3;0;3
occupation;3;1;3
modernity;0;0;5
modern;0;1;5
light;0;1;5
lead;0;3;3
involve;2;0;5
institutional;3;4;1
ideology;0;3;1
fundamental;0;7;1
favela;0;0;6
exclusion;2;3;2
event;0;0;6
essay;0;3;0
equity;5;2;0
equality;1;1;4
enable;1;4;2
employ;4;2;2
domination;0;2;2
district;7;0;0
disparity;4;2;2
descendant;0;2;1
decade;2;2;3
create;2;5;0
content;1;0;6
constitute;1;1;4
composition;3;0;5
collect;3;4;1
character;0;2;4
bully;6;0;0
average;7;0;0
attention;0;5;2
articulation;0;2;5
victim;3;2;0
user;2;2;1
turn;1;4;0
trend;2;1;2
treatment;3;1;0
total;5;2;0
survival;5;0;0
suffer;3;1;2
statistical;6;0;1
short;2;1;1
ses;5;0;0
religion;0;4;0
relevant;0;6;0
relevance;1;1;2
reduce;3;1;1
recognition;0;4;2
recent;1;2;3
reason;0;6;0
rate;7;0;0
psychosocial;2;2;2
provide;1;5;0
program;0;2;3
presence;0;2;2
popular;2;0;3
percentage;6;0;0
pedagogical;0;4;1
offer;2;0;4
numb;2;0;3
nature;1;5;0
municipality;6;0;0
mother;2;1;0
metropolitan;6;0;1
maria;0;1;2
lack;1;5;1
labour;0;0;6
implication;1;4;1
immigrant;0;4;1
hold;3;1;2
historically;0;1;3
gap;1;3;3
gain;1;4;0
finally;1;4;1
express;1;4;0
existence;3;4;0
evidence;1;4;1
ethnographic;2;2;2
emphasize;1;3;2
emergence;0;2;1
dynamic;0;2;2
dropout;3;2;0
document;1;3;3
discipline;0;6;0
differential;3;1;1
determinant;1;2;2
descriptive;4;1;1
demand;0;7;0
dance;1;0;2
continuity;0;0;6
constitution;0;0;6
consequence;2;3;2
condom;5;0;0
coloniality;0;1;3
collection;1;4;1
brasil;0;0;5
boy;3;0;0
assess;6;0;0
anthropological;0;6;1
analytical;0;2;4
agency;0;4;1
youth;2;3;0
whiteness;0;4;1
verify;1;4;0
undertake;0;4;1
tool;0;3;2
target;0;2;3
strong;3;1;2
stress;0;4;1
statistic;2;0;4
sociability;0;0;4
small;3;0;2
sector;1;1;1
search;3;1;2
scope;1;4;0
sample;6;0;0
researcher;3;1;2
reproductive;0;2;3
reinforce;0;2;3
queer;0;3;2
prejudice;0;4;0
pr;4;0;0
positive;3;1;2
organize;0;1;4
obtain;4;1;1
migratory;0;0;5
middle;3;0;2
menstrual;0;1;2
mechanism;1;3;1
maternal;6;0;0
marielle;0;0;3
limit;0;3;1
latin;0;6;0
key;0;1;4
intersect;0;1;4
implementation;0;4;1
ideal;0;6;0
household;6;0;0
home;0;0;4
half;0;1;2
generation;2;1;2
fully;0;3;0
feminine;2;1;3
evident;3;1;1
estimate;4;0;1
epistemological;0;2;4
distribution;3;2;1
dispute;0;2;3
determine;5;0;1
democracy;0;6;0
crt;0;5;0
cross;3;0;3
criticism;0;1;3
coverage;4;0;0
colour;4;0;1
bibliographic;3;3;0
assume;0;4;1
answer;3;2;1
agenda;1;3;0
adopt;1;4;0
act;2;1;1
8perc;4;0;0
20th;0;1;2
1960s;0;1;3
voice;0;2;1
variation;3;0;2
universidade;2;2;0
textbook;0;1;2
subjectivity;0;0;5
std;5;0;0
southern;1;1;1
semi;2;2;1
selection;0;0;4
retention;4;0;0
respective;2;1;1
respect;0;1;4
regulation;0;1;2
regressivity;3;0;0
regional;2;2;0
refer;0;4;1
reduction;3;1;0
recidivism;3;0;0
real;0;2;3
ratio;3;0;0
quota;2;1;2
publication;0;5;0
proportion;4;0;1
police;0;2;1
perform;2;0;2
perceive;0;5;0
pay;1;0;2
original;0;5;0
oppress;0;3;1
onwards;1;2;1
occupational;4;0;0
obesity;2;2;0
nationality;0;3;0
moment;0;3;1
mobility;1;2;1
majority;2;1;1
legitimize;0;4;0
large;1;0;3
kinship;0;0;4
intervention;2;2;1
interface;0;3;2
interest;0;2;1
institute;3;0;2
horizonte;2;0;3
guide;0;2;3
grade;2;1;0
goal;0;2;1
future;0;3;1
foster;0;1;2
food;0;0;4
fear;3;1;0
favor;2;1;1
fashion;0;0;3
expansion;3;0;1
exist;0;4;1
engage;1;1;3
encourage;0;3;1
emotional;5;0;0
educate;2;1;1
dossier;0;4;0
diversity;0;0;5
disadvantage;3;1;0
direct;2;1;0
desire;0;0;3
degree;2;2;0
definition;1;1;2
define;1;2;2
curriculum;0;4;0
contrast;0;2;3
contextual;4;0;0
consideration;2;1;1
conceptual;0;1;3
complex;2;1;1
comparison;1;1;1
childhood;0;1;2
birth;4;0;0
bibliography;0;3;0
belo;2;0;3
belief;0;3;1
background;3;1;1
attribute;1;3;0
assumption;0;3;0
artistic;0;0;5
apc;3;0;0
ancestry;1;1;1
advance;0;0;3
adult;4;0;0
adjust;5;0;0
achieve;2;0;1
1990s;0;2;1
western;0;2;1
visual;3;0;1
vision;0;2;1
vary;4;0;0
valid;3;1;0
unequal;2;1;1
undergraduate;4;0;0
transvestite;1;0;3
today;0;1;3
technology;0;0;4
superior;3;1;0
subordination;0;2;2
strengthen;1;2;1
sphere;0;1;3
speak;0;1;3
situate;0;3;1
series;2;1;0
select;1;0;3
segment;1;1;1
sectional;4;0;0
resident;3;0;1
require;3;1;0
reproduce;1;1;1
relative;3;0;0
regard;3;0;0
recognize;1;1;2
range;4;0;0
quantitative;4;0;0
psychological;0;1;2
proposition;0;0;3
privilege;1;3;0
previous;2;1;0
prevalence;4;0;0
prepare;1;1;1
precariousness;0;0;3
precarious;2;0;1
plan;1;3;0
photograph;0;2;1
peripheral;1;1;1
periodical;0;0;3
pccs;2;1;0
path;0;0;3
oral;0;3;0
neighborhood;3;0;1
multiple;2;2;0
mulata;0;1;2
modernization;1;0;3
medicine;2;0;1
matrix;0;1;3
maintain;1;1;1
logistic;4;0;0
list;0;4;0
land;2;0;1
justice;1;1;1
item;4;0;0
interlocutor;1;1;2
interaction;1;0;2
insertion;0;2;1
insert;1;0;3
initiative;1;1;2
indirect;3;1;0
indigenous;2;1;1
index;3;0;1
inclusion;3;0;1
imaginary;0;1;3
homosexual;4;0;0
historiographical;0;1;2
hide;0;0;4
hetero;3;0;0
genocide;0;3;0
function;0;4;0
foundation;0;1;3
fortaleza;2;0;1
formal;1;2;1
finding;3;1;0
fight;0;3;0
extent;0;3;1
expose;1;1;1
expectation;0;3;0
european;0;1;2
equitable;2;1;1
epidemiological;3;0;0
ensure;0;3;0
elementary;4;0;0
elaboration;0;0;3
elaborate;0;0;3
efficacy;2;1;0
dose;3;0;0
domestic;0;1;3
distribute;1;1;1
death;2;0;1
day;2;1;0
cuban;0;0;4
critically;0;2;1
crisis;0;3;0
criolo;0;0;4
creative;1;1;1
control;1;0;2
continue;1;1;2
connect;0;4;0
conflict;0;4;0
confirm;1;1;1
configuration;0;2;1
conceptualize;0;3;1
comment;0;0;3
combination;2;2;0
close;2;2;0
centre;2;1;0
centrality;0;0;3
ceará;1;0;2
capitalist;0;0;4
capital;2;0;1
benefit;0;1;2
belong;1;2;1
basis;0;1;2
basic;0;1;2
baby;1;0;2
audiovisual;0;0;3
attitude;1;1;1
atlantic;0;3;0
alternative;0;1;3
al;1;2;0
agent;0;0;3
aesthetic;1;1;1
activist;0;2;1
active;1;1;1
abaetê;0;0;4
0perc;3;0;0
vaccination;2;0;1
unit;3;0;0
treat;1;0;2
traditional;0;0;3
test;2;1;0
systemic;0;1;2
systematic;1;2;0
symbolic;0;0;3
subjective;0;1;2
stereotype;0;0;3
standard;1;1;1
stage;1;0;2
southeast;2;0;1
slum;3;0;0
sinasc;3;0;0
similarity;1;1;1
significantly;2;0;1
scientist;0;0;3
rise;0;2;1
response;2;1;0
respondent;3;0;0
recife;3;0;0
recently;0;3;0
raca;0;0;3
quality;1;1;1
put;1;1;1
properly;0;3;0
professor;0;3;0
procedure;1;1;1
prenatal;3;0;0
predominantly;1;1;1
predominance;2;0;1
pre;0;2;1
poor;1;2;0
pnad;3;0;0
physic;2;1;0
periphery;1;1;1
percent;3;0;0
partner;2;0;1
paradigm;0;0;3
overview;0;0;3
opportunity;3;0;0
operate;0;0;3
official;1;2;0
occasion;2;1;0
observation;0;1;2
northeast;1;1;1
nascimento;0;1;2
nacional;1;1;1
myth;0;3;0
month;3;0;0
monitor;3;0;0
migration;0;2;1
major;1;2;0
logic;1;1;1
locate;0;1;2
library;2;1;0
leave;0;1;2
judicial;1;2;0
itinerary;2;1;0
ipva;2;0;1
involvement;2;1;0
introduction;1;0;2
internal;0;2;1
insight;0;3;0
inform;1;0;2
infer;1;0;2
incorporate;1;1;1
incompleteness;3;0;0
improvement;3;0;0
imply;0;1;2
imbricated;1;1;1
icms;2;0;1
ibge;1;0;2
historian;0;0;3
hegemonic;0;2;1
hear;2;1;0
healthcare;0;2;1
guideline;0;2;1
ground;1;1;1
graduate;1;1;1
government;0;1;2
fluminense;1;2;0
failure;1;2;0
exposure;1;2;0
exclude;2;1;0
evaluation;2;1;0
erasure;0;0;3
epidemic;1;1;1
enhance;2;1;0
enem;3;0;0
emancipatory;0;1;2
effective;0;2;1
economics;0;0;3
drama;0;1;2
dominant;0;1;2
disseminate;0;3;0
discursive;0;0;3
difficulty;1;2;0
device;0;0;3
design;1;0;2
deepen;0;2;1
deductive;0;2;1
cure;3;0;0
crime;1;2;0
correlate;2;1;0
contemplate;1;2;0
consultation;3;0;0
consistent;3;0;0
consist;0;2;1
conservative;0;0;3
consciousness;0;1;2
confront;0;1;2
compose;1;2;0
complexity;0;2;1
complete;3;0;0
commitment;1;1;1
childbirth;1;2;0
characterize;1;0;2
calculate;3;0;0
butler;0;3;0
broad;1;1;1
application;2;0;1
antiracist;0;3;0
align;0;1;2
album;0;3;0
administer;3;0;0
adherence;1;2;0
additionally;1;2;0
add;2;1;0
abjection;0;1;2
6perc;3;0;0
2perc;3;0;0
1perc;3;0;0