"";"newcol";"newcol";"newcol";"newcol";"newcol";"newcol";"newcol";"newcol";"newcol"
"1";3;5;6;9;10;13;15;16;18
"2";3;5;6;9;10;13;15;16;19
"3";3;5;6;9;10;13;15;16;18
"4";3;5;6;9;10;13;15;16;18
"5";3;5;7;7;7;7;7;7;7
"6";3;5;7;7;7;7;7;7;7
"7";3;5;7;7;7;7;7;7;7
"8";3;5;6;9;10;13;14;14;14
"9";3;5;6;9;10;13;14;14;14
"10";3;5;6;9;10;13;14;14;14
"11";3;5;6;9;10;13;14;14;14
"12";3;5;6;9;10;13;14;14;14
"13";3;5;6;9;10;13;15;16;18
"14";3;5;6;9;10;13;14;14;14
"15";3;5;6;9;10;13;14;14;14
"16";3;5;7;7;7;7;7;7;7
"17";3;5;6;9;10;13;14;14;14
"18";3;5;6;9;10;13;14;14;14
"19";3;5;6;9;10;13;15;16;18
"20";3;5;6;9;10;13;15;16;18
"21";3;5;6;9;10;13;14;14;14
"22";3;5;6;9;10;13;14;14;14
"23";3;5;6;9;10;13;15;16;18
"24";3;5;6;9;10;13;15;16;18
"25";3;5;6;9;10;13;15;16;18
"26";3;5;7;7;7;7;7;7;7
"27";3;5;6;9;10;13;14;14;14
"28";3;5;6;9;10;13;14;14;14
"29";3;4;4;4;4;4;4;4;4
"30";3;5;6;9;10;13;15;16;18
"31";3;5;6;9;10;13;14;14;14
"32";3;5;6;9;10;13;14;14;14
"33";3;5;6;9;10;13;14;14;14
"34";3;5;6;9;10;13;14;14;14
"35";3;5;6;9;10;13;14;14;14
"36";3;5;6;9;10;13;14;14;14
"37";3;5;6;9;10;13;14;14;14
"38";3;5;6;9;10;13;14;14;14
"39";3;5;6;9;10;13;15;16;18
"40";3;5;6;9;10;13;14;14;14
"41";3;5;6;9;10;13;15;16;18
"42";3;5;6;9;10;13;15;16;18
"43";3;5;6;9;10;13;15;16;18
"44";3;5;6;9;10;13;14;14;14
"45";3;4;4;4;4;4;4;4;4
"46";3;5;6;9;10;13;14;14;14
"47";3;5;6;8;8;8;8;8;8
"48";3;5;6;9;10;13;14;14;14
"49";3;5;6;9;10;13;15;16;18
"50";3;5;6;9;10;13;15;16;18
"51";3;5;6;9;10;13;15;16;18
"52";3;5;6;9;10;13;15;16;18
"53";3;5;6;9;10;13;15;16;18
"54";3;5;6;9;10;13;14;14;14
"55";3;5;6;9;10;13;14;14;14
"56";3;5;6;9;10;13;15;17;17
"57";3;5;6;9;10;13;14;14;14
"58";3;5;6;9;10;13;14;14;14
"59";3;5;6;9;10;13;15;16;18
"60";3;5;6;9;10;13;14;14;14
"61";3;5;6;9;10;13;14;14;14
"62";3;5;6;9;10;13;14;14;14
"63";3;4;4;4;4;4;4;4;4
"64";3;4;4;4;4;4;4;4;4
"65";3;4;4;4;4;4;4;4;4
"66";3;4;4;4;4;4;4;4;4
"67";3;4;4;4;4;4;4;4;4
"68";3;4;4;4;4;4;4;4;4
"69";3;5;6;9;10;13;15;16;18
"70";3;5;6;9;10;13;15;16;18
"71";3;5;6;9;10;13;15;16;18
"72";3;5;6;9;10;13;15;17;17
"73";3;5;6;9;10;13;15;17;17
"74";3;5;6;9;10;13;15;17;17
"75";3;5;6;9;10;13;15;17;17
"76";3;5;6;9;10;13;15;17;17
"77";3;5;6;9;10;13;15;17;17
"78";3;5;6;9;10;13;15;16;18
"79";3;5;6;9;10;13;15;16;18
"80";3;4;4;4;4;4;4;4;4
"81";3;4;4;4;4;4;4;4;4
"82";3;5;6;9;10;13;15;16;18
"83";3;5;6;9;10;13;15;16;18
"84";3;5;6;9;10;13;14;14;14
"85";3;5;6;9;10;13;14;14;14
"86";3;5;6;8;8;8;8;8;8
"87";3;5;6;9;10;13;15;16;18
"88";3;5;6;9;10;13;14;14;14
"89";3;5;6;9;10;13;14;14;14
"90";3;5;6;9;10;13;14;14;14
"91";3;5;6;9;10;13;15;17;17
"92";3;5;6;9;10;13;14;14;14
"93";3;5;7;7;7;7;7;7;7
"94";3;5;6;9;10;13;14;14;14
"95";3;5;6;9;10;13;15;17;17
"96";3;5;6;9;10;13;15;17;17
"97";3;5;6;9;10;13;15;16;18
"98";3;5;6;9;10;13;15;16;18
"99";3;5;6;9;10;13;15;16;18
"100";3;5;6;9;10;13;15;16;18
"101";3;5;6;9;10;13;15;17;17
"102";3;5;6;9;10;13;15;17;17
"103";3;5;6;9;10;13;15;17;17
"104";3;5;6;9;10;13;15;16;18
"105";3;5;6;9;10;13;15;17;17
"106";3;5;6;9;10;13;15;16;18
"107";3;5;6;9;10;13;14;14;14
"108";3;5;6;9;10;13;15;17;17
"109";3;5;6;9;10;13;15;16;18
"110";3;5;6;9;10;13;15;16;18
"111";3;5;6;9;10;13;15;16;18
"112";3;5;6;9;10;13;14;14;14
"113";3;5;6;9;10;13;15;16;18
"114";3;5;6;9;10;13;15;16;18
"115";3;5;6;9;10;13;15;16;18
"116";3;5;6;9;10;13;15;16;18
"117";3;5;6;9;10;13;14;14;14
"118";3;5;6;9;10;13;14;14;14
"119";3;5;6;9;10;13;15;16;18
"120";3;5;7;7;7;7;7;7;7
"121";3;5;6;8;8;8;8;8;8
"122";3;5;6;9;10;13;15;16;18
"123";3;5;6;9;10;13;15;16;18
"124";3;5;6;9;10;13;15;16;18
"125";3;5;6;9;10;13;15;16;18
"126";3;5;6;9;10;13;15;16;18
"127";3;5;6;9;10;13;15;16;18
"128";3;5;6;9;10;13;15;16;18
"129";3;5;6;9;10;13;15;17;17
"130";3;5;6;9;10;13;15;16;18
"131";3;5;6;9;10;13;15;16;18
"132";3;5;6;9;10;13;15;16;18
"133";3;5;6;9;10;13;14;14;14
"134";3;5;6;9;10;13;14;14;14
"135";3;5;6;9;10;13;14;14;14
"136";3;5;6;9;10;13;14;14;14
"137";3;5;7;7;7;7;7;7;7
"138";3;5;6;9;10;13;14;14;14
"139";3;5;6;9;10;13;14;14;14
"140";3;5;6;9;10;13;14;14;14
"141";3;5;6;9;10;13;14;14;14
"142";3;5;6;9;10;13;14;14;14
"143";3;5;6;9;10;13;14;14;14
"144";3;5;6;9;10;13;14;14;14
"145";3;5;6;9;10;13;14;14;14
"146";3;5;6;9;10;13;14;14;14
"147";3;5;6;9;10;13;15;16;18
"148";3;5;6;9;10;13;14;14;14
"149";3;5;6;9;10;13;15;16;18
"150";3;5;6;9;10;13;15;17;17
"151";3;5;6;9;10;13;15;16;18
"152";3;5;7;7;7;7;7;7;7
"153";3;5;6;9;10;13;15;16;18
"154";3;5;6;9;10;13;14;14;14
"155";3;5;7;7;7;7;7;7;7
"156";3;5;7;7;7;7;7;7;7
"157";3;5;6;9;10;13;14;14;14
"158";3;5;7;7;7;7;7;7;7
"159";3;5;6;9;10;13;15;16;18
"160";3;5;6;9;10;13;15;16;18
"161";3;4;4;4;4;4;4;4;4
"162";3;4;4;4;4;4;4;4;4
"163";3;5;7;7;7;7;7;7;7
"164";3;4;4;4;4;4;4;4;4
"165";3;4;4;4;4;4;4;4;4
"166";3;5;6;9;10;13;15;16;18
"167";3;4;4;4;4;4;4;4;4
"168";3;4;4;4;4;4;4;4;4
"169";3;5;6;9;10;13;15;17;17
"170";3;5;7;7;7;7;7;7;7
"171";3;5;6;9;10;13;15;16;18
"172";3;4;4;4;4;4;4;4;4
"173";3;4;4;4;4;4;4;4;4
"174";3;4;4;4;4;4;4;4;4
"175";3;5;6;9;10;13;15;16;18
"176";3;5;6;9;10;13;15;16;18
"177";3;5;6;9;10;13;15;16;18
"178";3;5;7;7;7;7;7;7;7
"179";3;5;7;7;7;7;7;7;7
"180";3;5;7;7;7;7;7;7;7
"181";3;5;6;9;10;13;15;16;18
"182";3;5;6;9;10;13;15;16;18
"183";3;5;6;9;10;13;15;17;17
"184";3;5;6;9;10;13;15;16;18
"185";3;5;6;9;10;13;14;14;14
"186";3;5;6;9;10;13;14;14;14
"187";3;5;6;9;10;13;14;14;14
"188";3;5;6;9;10;13;15;16;18
"189";3;5;6;9;10;13;15;17;17
"190";3;5;7;7;7;7;7;7;7
"191";3;5;6;9;10;13;14;14;14
"192";3;5;6;9;10;13;15;16;18
"193";3;4;4;4;4;4;4;4;4
"194";3;4;4;4;4;4;4;4;4
"195";3;4;4;4;4;4;4;4;4
"196";3;4;4;4;4;4;4;4;4
"197";3;4;4;4;4;4;4;4;4
"198";3;4;4;4;4;4;4;4;4
"199";3;4;4;4;4;4;4;4;4
"200";3;4;4;4;4;4;4;4;4
"201";3;5;6;9;10;13;15;16;18
"202";3;5;7;7;7;7;7;7;7
"203";3;4;4;4;4;4;4;4;4
"204";3;5;6;9;10;13;15;16;18
"205";3;5;6;9;10;13;15;16;18
"206";3;5;7;7;7;7;7;7;7
"207";3;5;6;9;10;13;14;14;14
"208";3;5;6;9;10;13;15;16;18
"209";3;4;4;4;4;4;4;4;4
"210";3;5;6;9;10;13;14;14;14
"211";3;5;7;7;7;7;7;7;7
"212";3;5;6;9;10;13;14;14;14
"213";3;5;7;7;7;7;7;7;7
"214";3;5;6;9;10;13;15;16;18
"215";3;5;6;9;10;13;15;16;18
"216";3;5;6;9;10;13;14;14;14
"217";3;5;6;9;10;13;15;16;18
"218";3;5;6;9;10;13;15;17;17
"219";3;5;6;9;10;13;15;17;17
"220";3;5;6;9;10;13;15;16;18
"221";3;5;6;8;8;8;8;8;8
"222";3;5;6;9;10;13;15;17;17
"223";3;5;6;9;10;13;15;16;18
"224";3;5;6;9;10;13;15;16;19
"225";3;5;6;9;10;13;15;16;18
"226";3;5;6;9;10;13;15;16;18
"227";3;5;6;9;10;13;15;16;18
"228";3;5;6;9;10;13;15;16;18
"229";3;5;6;9;10;13;15;16;18
"230";3;5;7;7;7;7;7;7;7
"231";3;5;6;9;10;13;14;14;14
"232";3;5;6;9;10;13;14;14;14
"233";3;5;6;9;10;13;14;14;14
"234";3;5;6;9;10;13;14;14;14
"235";3;5;6;9;10;13;14;14;14
"236";3;5;6;9;10;13;14;14;14
"237";3;5;6;9;10;13;14;14;14
"238";3;5;7;7;7;7;7;7;7
"239";3;5;6;9;10;13;15;16;18
"240";3;5;6;9;10;13;15;16;18
"241";3;5;6;9;10;13;14;14;14
"242";3;5;6;9;10;13;14;14;14
"243";3;4;4;4;4;4;4;4;4
"244";3;5;6;9;10;13;15;16;18
"245";3;5;6;9;10;13;14;14;14
"246";3;5;6;9;10;13;15;17;17
"247";3;5;7;7;7;7;7;7;7
"248";3;5;6;9;10;13;14;14;14
"249";3;5;6;9;10;13;14;14;14
"250";3;5;6;9;10;13;14;14;14
"251";3;5;6;9;10;13;14;14;14
"252";3;5;6;9;10;13;14;14;14
"253";3;5;6;9;10;13;14;14;14
"254";3;4;4;4;4;4;4;4;4
"255";3;4;4;4;4;4;4;4;4
"256";3;4;4;4;4;4;4;4;4
"257";3;4;4;4;4;4;4;4;4
"258";3;4;4;4;4;4;4;4;4
"259";3;4;4;4;4;4;4;4;4
"260";3;4;4;4;4;4;4;4;4
"261";3;4;4;4;4;4;4;4;4
"262";3;5;6;9;10;13;15;16;18
"263";3;4;4;4;4;4;4;4;4
"264";3;5;6;9;10;13;14;14;14
"265";3;5;6;9;10;13;15;17;17
"266";3;5;6;9;10;13;14;14;14
"267";3;5;6;9;10;13;15;17;17
"268";3;5;6;9;10;13;15;17;17
"269";3;5;6;9;10;13;14;14;14
"270";3;4;4;4;4;4;4;4;4
"271";3;5;6;9;10;13;15;16;18
"272";3;5;6;9;10;13;15;16;18
"273";3;5;6;9;10;13;15;17;17
"274";3;5;6;9;10;13;14;14;14
"275";3;5;7;7;7;7;7;7;7
"276";3;5;6;9;11;11;11;11;11
"277";3;5;6;9;10;13;14;14;14
"278";3;5;6;9;10;13;14;14;14
"279";3;5;6;9;11;11;11;11;11
"280";3;5;6;9;10;13;14;14;14
"281";3;5;6;9;10;13;15;16;18
"282";3;4;4;4;4;4;4;4;4
"283";3;4;4;4;4;4;4;4;4
"284";3;5;6;9;10;13;14;14;14
"285";3;5;7;7;7;7;7;7;7
"286";3;5;7;7;7;7;7;7;7
"287";3;5;7;7;7;7;7;7;7
"288";3;5;6;9;10;13;14;14;14
"289";3;5;6;9;10;13;14;14;14
"290";3;4;4;4;4;4;4;4;4
"291";3;4;4;4;4;4;4;4;4
"292";3;4;4;4;4;4;4;4;4
"293";3;4;4;4;4;4;4;4;4
"294";3;5;6;9;10;13;15;16;18
"295";3;5;6;9;10;13;15;16;18
"296";3;5;6;9;10;13;15;16;18
"297";3;5;6;9;10;13;15;16;19
"298";3;5;6;9;10;13;15;16;18
"299";3;5;6;9;10;13;15;17;17
"300";3;5;6;9;10;13;15;17;17
"301";3;5;6;9;10;13;14;14;14
"302";3;4;4;4;4;4;4;4;4
"303";3;4;4;4;4;4;4;4;4
"304";3;4;4;4;4;4;4;4;4
"305";3;5;7;7;7;7;7;7;7
"306";3;5;6;9;10;13;14;14;14
"307";3;5;6;9;10;13;15;16;18
"308";3;5;6;9;10;13;14;14;14
"309";3;5;6;9;10;13;15;17;17
"310";3;5;6;9;10;13;14;14;14
"311";3;4;4;4;4;4;4;4;4
"312";3;5;6;9;10;13;14;14;14
"313";3;5;6;9;10;13;14;14;14
"314";3;5;6;9;10;13;14;14;14
"315";3;5;6;9;10;13;15;17;17
"316";3;5;6;9;10;13;15;16;18
"317";3;4;4;4;4;4;4;4;4
"318";3;4;4;4;4;4;4;4;4
"319";3;4;4;4;4;4;4;4;4
"320";3;4;4;4;4;4;4;4;4
"321";3;4;4;4;4;4;4;4;4
"322";3;5;6;9;10;13;14;14;14
"323";3;5;6;9;10;13;14;14;14
"324";3;5;6;9;10;13;15;16;18
"325";3;5;6;9;10;13;15;17;17
"326";3;5;6;9;10;13;14;14;14
"327";3;5;6;9;10;13;14;14;14
"328";3;5;6;9;10;13;15;17;17
"329";3;5;6;9;10;13;14;14;14
"330";3;5;7;7;7;7;7;7;7
"331";3;5;7;7;7;7;7;7;7
"332";3;5;7;7;7;7;7;7;7
"333";3;5;6;9;10;13;15;17;17
"334";3;4;4;4;4;4;4;4;4
"335";3;4;4;4;4;4;4;4;4
"336";3;4;4;4;4;4;4;4;4
"337";3;4;4;4;4;4;4;4;4
"338";3;4;4;4;4;4;4;4;4
"339";3;5;6;9;10;13;15;16;18
"340";3;5;6;9;10;13;15;16;18
"341";3;5;6;9;10;13;14;14;14
"342";3;5;6;9;10;13;15;16;18
"343";3;5;6;9;10;13;15;16;18
"344";3;5;6;9;10;13;15;16;18
"345";3;5;6;9;10;13;15;16;18
"346";3;5;7;7;7;7;7;7;7
"347";3;5;6;9;10;13;14;14;14
"348";3;5;6;9;10;13;15;17;17
"349";3;5;6;9;10;13;15;17;17
"350";3;4;4;4;4;4;4;4;4
"351";3;5;6;9;10;13;14;14;14
"352";3;4;4;4;4;4;4;4;4
"353";3;5;6;9;10;13;14;14;14
"354";3;5;6;9;10;13;14;14;14
"355";3;5;7;7;7;7;7;7;7
"356";3;5;6;9;10;13;14;14;14
"357";3;5;6;9;10;13;14;14;14
"358";3;5;6;9;10;13;15;16;18
"359";3;5;6;9;10;13;14;14;14
"360";3;5;6;9;10;13;14;14;14
"361";3;5;6;9;10;13;14;14;14
"362";3;5;6;9;10;13;14;14;14
"363";3;5;6;9;10;13;14;14;14
"364";3;5;6;9;10;13;14;14;14
"365";3;5;6;9;10;13;15;17;17
"366";3;5;6;9;10;13;14;14;14
"367";3;5;7;7;7;7;7;7;7
"368";3;5;6;9;10;13;15;16;18
"369";3;5;6;9;10;13;15;16;18
"370";3;5;6;9;10;13;15;16;18
"371";3;5;6;9;10;13;15;16;18
"372";3;5;6;9;10;13;15;17;17
"373";3;5;7;7;7;7;7;7;7
"374";3;5;6;9;10;13;14;14;14
"375";3;5;7;7;7;7;7;7;7
"376";3;5;6;9;10;13;14;14;14
"377";3;5;7;7;7;7;7;7;7
"378";3;5;6;9;10;13;15;17;17
"379";3;5;6;9;10;13;15;16;18
"380";3;5;7;7;7;7;7;7;7
"381";3;5;6;9;10;13;15;16;18
"382";3;5;6;9;10;13;15;16;18
"383";3;5;6;9;10;13;14;14;14
"384";3;5;6;9;10;13;15;16;18
"385";3;4;4;4;4;4;4;4;4
"386";3;5;6;9;10;13;15;16;18
"387";3;4;4;4;4;4;4;4;4
"388";3;5;6;9;10;13;15;16;18
"389";3;5;6;9;10;13;15;16;18
"390";3;5;6;9;10;13;15;16;18
"391";3;5;6;9;10;13;15;16;18
"392";3;5;6;9;10;13;15;16;18
"393";3;5;6;9;10;13;15;16;18
"394";3;4;4;4;4;4;4;4;4
"395";3;4;4;4;4;4;4;4;4
"396";3;4;4;4;4;4;4;4;4
"397";3;4;4;4;4;4;4;4;4
"398";3;4;4;4;4;4;4;4;4
"399";3;5;6;9;10;13;15;16;19
"400";3;5;6;9;10;13;15;16;18
"401";3;5;6;9;10;13;15;16;18
"402";3;4;4;4;4;4;4;4;4
"403";3;4;4;4;4;4;4;4;4
"404";3;4;4;4;4;4;4;4;4
"405";3;5;6;9;10;13;14;14;14
"406";3;5;6;9;10;13;15;16;18
"407";3;5;7;7;7;7;7;7;7
"408";3;4;4;4;4;4;4;4;4
"409";3;5;6;9;10;13;14;14;14
"410";3;5;6;9;10;13;14;14;14
"411";3;5;6;9;11;11;11;11;11
"412";3;5;6;9;10;13;15;16;18
"413";3;5;6;9;10;13;15;16;18
"414";3;5;6;9;10;13;14;14;14
"415";3;5;7;7;7;7;7;7;7
"416";3;5;6;9;10;13;14;14;14
"417";3;5;6;9;10;13;14;14;14
"418";3;5;6;9;10;13;14;14;14
"419";3;5;6;9;10;13;15;16;18
"420";3;5;6;9;10;13;15;16;18
"421";3;5;7;7;7;7;7;7;7
"422";3;5;6;9;10;13;15;16;19
"423";3;4;4;4;4;4;4;4;4
"424";3;4;4;4;4;4;4;4;4
"425";3;5;6;9;10;13;15;16;18
"426";3;4;4;4;4;4;4;4;4
"427";3;4;4;4;4;4;4;4;4
"428";3;4;4;4;4;4;4;4;4
"429";3;4;4;4;4;4;4;4;4
"430";3;5;7;7;7;7;7;7;7
"431";2;2;2;2;2;2;2;2;2
"432";2;2;2;2;2;2;2;2;2
"433";2;2;2;2;2;2;2;2;2
"434";2;2;2;2;2;2;2;2;2
"435";3;5;7;7;7;7;7;7;7
"436";2;2;2;2;2;2;2;2;2
"437";2;2;2;2;2;2;2;2;2
"438";2;2;2;2;2;2;2;2;2
"439";2;2;2;2;2;2;2;2;2
"440";2;2;2;2;2;2;2;2;2
"441";3;5;6;9;10;13;14;14;14
"442";3;5;6;9;10;13;15;16;18
"443";3;5;6;9;10;13;15;17;17
"444";0;0;0;0;0;0;0;0;0
"445";3;5;6;9;10;13;14;14;14
"446";3;5;6;9;10;13;15;17;17
"447";3;5;6;9;10;13;15;16;18
"448";3;5;6;9;10;13;14;14;14
"449";3;5;6;9;10;13;14;14;14
"450";3;5;7;7;7;7;7;7;7
"451";3;5;7;7;7;7;7;7;7
"452";3;5;6;9;10;13;15;16;18
"453";3;5;6;9;10;13;14;14;14
"454";3;5;6;9;10;13;14;14;14
"455";3;5;7;7;7;7;7;7;7
"456";3;5;7;7;7;7;7;7;7
"457";3;5;6;9;10;13;15;16;18
"458";3;5;6;9;10;13;14;14;14
"459";3;5;6;9;10;13;14;14;14
"460";3;5;7;7;7;7;7;7;7
"461";3;5;6;9;10;13;15;16;18
"462";3;5;6;9;10;13;15;17;17
"463";3;5;6;9;10;13;15;16;18
"464";3;5;6;9;10;13;15;16;18
"465";3;4;4;4;4;4;4;4;4
"466";3;5;6;9;10;13;14;14;14
"467";3;5;6;9;10;13;14;14;14
"468";3;5;6;9;10;13;14;14;14
"469";3;5;7;7;7;7;7;7;7
"470";3;5;6;9;10;13;15;16;18
"471";3;5;6;9;10;13;14;14;14
"472";3;5;6;9;10;13;14;14;14
"473";3;5;6;9;10;13;14;14;14
"474";3;5;6;9;10;13;14;14;14
"475";3;5;6;9;10;13;15;17;17
"476";3;5;6;9;10;13;14;14;14
"477";3;5;6;9;10;13;14;14;14
"478";3;5;6;9;10;13;14;14;14
"479";3;5;6;9;10;13;15;16;18
"480";3;5;6;9;10;13;15;16;18
"481";3;5;6;9;10;13;15;16;18
"482";3;5;6;9;10;13;15;16;18
"483";3;5;6;9;10;13;14;14;14
"484";3;5;6;9;10;13;14;14;14
"485";3;5;6;9;10;13;15;16;18
"486";3;5;6;9;10;13;14;14;14
"487";3;5;6;9;10;13;15;17;17
"488";3;5;6;9;10;13;15;16;18
"489";3;5;6;9;10;13;15;16;18
"490";3;5;6;9;10;13;15;16;18
"491";3;5;6;9;10;13;15;16;19
"492";3;4;4;4;4;4;4;4;4
"493";3;5;6;9;10;13;14;14;14
"494";3;4;4;4;4;4;4;4;4
"495";3;4;4;4;4;4;4;4;4
"496";3;4;4;4;4;4;4;4;4
"497";3;4;4;4;4;4;4;4;4
"498";3;4;4;4;4;4;4;4;4
"499";3;5;6;9;10;13;15;16;18
"500";3;5;6;9;10;13;15;17;17
"501";3;5;6;9;10;13;15;16;18
"502";3;5;6;9;10;13;14;14;14
"503";3;5;6;9;10;13;15;16;18
"504";3;5;6;9;10;13;15;16;18
"505";3;5;6;9;10;13;14;14;14
"506";3;5;6;9;10;13;15;16;18
"507";3;5;6;9;11;11;11;11;11
"508";3;5;6;9;10;13;15;16;18
"509";3;5;6;9;10;13;15;17;17
"510";3;5;6;9;10;13;15;16;18
"511";3;5;6;9;10;13;15;16;18
"512";3;5;6;9;10;13;14;14;14
"513";3;5;6;9;10;13;14;14;14
"514";3;5;6;9;10;13;15;16;18
"515";3;5;6;9;10;13;14;14;14
"516";3;5;6;9;10;13;14;14;14
"517";3;4;4;4;4;4;4;4;4
"518";3;5;6;9;10;13;15;16;18
"519";3;5;6;9;10;13;15;16;18
"520";3;5;6;9;10;13;15;17;17
"521";3;5;6;9;10;13;15;16;18
"522";3;5;6;9;10;13;14;14;14
"523";3;4;4;4;4;4;4;4;4
"524";3;4;4;4;4;4;4;4;4
"525";3;4;4;4;4;4;4;4;4
"526";3;4;4;4;4;4;4;4;4
"527";3;4;4;4;4;4;4;4;4
"528";3;5;7;7;7;7;7;7;7
"529";3;5;7;7;7;7;7;7;7
"530";3;5;6;9;10;13;15;16;18
"531";3;5;6;9;10;13;15;16;18
"532";3;4;4;4;4;4;4;4;4
"533";3;5;6;9;10;13;14;14;14
"534";3;5;6;9;10;13;14;14;14
"535";3;5;6;9;10;13;14;14;14
"536";3;4;4;4;4;4;4;4;4
"537";3;5;6;9;10;13;14;14;14
"538";3;4;4;4;4;4;4;4;4
"539";3;5;6;8;8;8;8;8;8
"540";3;5;6;9;10;13;14;14;14
"541";3;5;6;9;10;13;14;14;14
"542";3;5;6;9;10;13;15;16;18
"543";3;5;6;9;10;13;14;14;14
"544";3;4;4;4;4;4;4;4;4
"545";3;4;4;4;4;4;4;4;4
"546";3;4;4;4;4;4;4;4;4
"547";3;4;4;4;4;4;4;4;4
"548";3;5;6;9;10;13;14;14;14
"549";3;5;6;9;10;13;14;14;14
"550";3;5;6;9;10;13;15;16;18
"551";3;5;6;9;10;13;15;16;18
"552";3;5;6;9;10;13;14;14;14
"553";3;4;4;4;4;4;4;4;4
"554";3;5;6;9;10;13;14;14;14
"555";3;5;7;7;7;7;7;7;7
"556";3;5;6;9;10;13;15;17;17
"557";3;4;4;4;4;4;4;4;4
"558";3;4;4;4;4;4;4;4;4
"559";3;4;4;4;4;4;4;4;4
"560";3;4;4;4;4;4;4;4;4
"561";3;4;4;4;4;4;4;4;4
"562";3;5;6;9;10;13;15;16;18
"563";3;5;6;9;10;13;15;16;18
"564";3;5;6;9;10;13;15;16;18
"565";3;5;6;9;10;13;15;16;18
"566";3;5;6;9;10;13;14;14;14
"567";3;5;6;9;10;13;15;16;18
"568";3;5;6;9;10;13;14;14;14
"569";3;5;6;9;10;13;14;14;14
"570";3;5;6;9;10;13;15;16;18
"571";3;5;6;9;10;13;15;16;18
"572";3;5;6;9;10;13;15;16;18
"573";3;5;6;9;10;13;14;14;14
"574";3;5;6;9;10;13;15;16;18
"575";3;5;6;9;10;13;15;16;18
"576";3;5;6;9;10;13;15;16;18
"577";3;5;6;9;10;13;15;16;18
"578";3;5;6;9;10;13;15;16;18
"579";3;5;6;9;10;13;15;16;18
"580";3;5;6;9;10;13;15;16;18
"581";3;5;6;9;10;13;15;17;17
"582";3;5;6;9;10;13;15;16;18
"583";3;5;6;9;10;13;15;16;18
"584";3;4;4;4;4;4;4;4;4
"585";3;5;7;7;7;7;7;7;7
"586";3;5;7;7;7;7;7;7;7
"587";3;5;7;7;7;7;7;7;7
"588";3;5;7;7;7;7;7;7;7
"589";3;5;6;9;10;13;15;16;18
"590";3;5;7;7;7;7;7;7;7
"591";3;5;6;9;10;13;15;16;18
"592";3;5;6;9;10;13;14;14;14
"593";3;5;6;9;10;13;14;14;14
"594";3;5;6;9;10;13;15;16;18
"595";3;5;6;9;10;13;14;14;14
"596";3;4;4;4;4;4;4;4;4
"597";3;5;6;9;10;13;15;16;18
"598";3;4;4;4;4;4;4;4;4
"599";3;4;4;4;4;4;4;4;4
"600";3;4;4;4;4;4;4;4;4
"601";3;4;4;4;4;4;4;4;4
"602";3;4;4;4;4;4;4;4;4
"603";3;4;4;4;4;4;4;4;4
"604";3;5;7;7;7;7;7;7;7
"605";3;5;7;7;7;7;7;7;7
"606";3;5;7;7;7;7;7;7;7
"607";3;5;7;7;7;7;7;7;7
"608";3;5;7;7;7;7;7;7;7
"609";3;5;6;9;10;13;15;16;18
"610";3;5;6;9;10;13;15;16;18
"611";3;5;6;9;10;13;14;14;14
"612";3;5;6;9;10;13;15;16;18
"613";3;5;6;9;10;13;15;16;18
"614";3;5;6;9;10;13;15;16;18
"615";3;5;6;9;10;13;14;14;14
"616";3;5;6;9;10;13;15;16;18
"617";3;5;6;8;8;8;8;8;8
"618";3;5;7;7;7;7;7;7;7
"619";3;5;6;9;10;13;14;14;14
"620";3;5;7;7;7;7;7;7;7
"621";3;5;6;9;10;13;15;16;18
"622";3;5;6;9;10;13;15;16;19
"623";3;5;6;9;10;13;15;16;19
"624";3;4;4;4;4;4;4;4;4
"625";3;5;6;9;10;13;14;14;14
"626";3;4;4;4;4;4;4;4;4
"627";3;4;4;4;4;4;4;4;4
"628";3;4;4;4;4;4;4;4;4
"629";3;4;4;4;4;4;4;4;4
"630";3;5;6;9;10;13;14;14;14
"631";3;5;6;9;10;13;15;16;18
"632";3;5;6;9;10;13;15;16;18
"633";3;5;6;9;11;11;11;11;11
"634";3;5;6;9;10;13;15;16;18
"635";3;5;6;9;10;13;15;17;17
"636";3;5;6;9;10;13;15;17;17
"637";3;5;6;9;10;13;14;14;14
"638";3;5;6;9;10;13;15;16;18
"639";3;5;6;9;10;13;15;16;18
"640";3;5;6;9;10;13;15;16;18
"641";3;4;4;4;4;4;4;4;4
"642";3;4;4;4;4;4;4;4;4
"643";3;5;6;9;10;13;15;16;18
"644";3;5;7;7;7;7;7;7;7
"645";3;4;4;4;4;4;4;4;4
"646";3;4;4;4;4;4;4;4;4
"647";3;5;6;9;10;13;15;16;18
"648";3;5;6;9;10;13;15;16;18
"649";3;5;6;9;10;13;15;16;18
"650";3;5;6;9;10;13;15;16;18
"651";3;4;4;4;4;4;4;4;4
"652";3;4;4;4;4;4;4;4;4
"653";3;4;4;4;4;4;4;4;4
"654";3;4;4;4;4;4;4;4;4
"655";3;4;4;4;4;4;4;4;4
"656";3;4;4;4;4;4;4;4;4
"657";3;4;4;4;4;4;4;4;4
"658";3;4;4;4;4;4;4;4;4
"659";3;4;4;4;4;4;4;4;4
"660";3;4;4;4;4;4;4;4;4
"661";3;5;6;9;10;13;14;14;14
"662";3;4;4;4;4;4;4;4;4
"663";3;4;4;4;4;4;4;4;4
"664";3;5;6;9;10;13;14;14;14
"665";3;5;6;9;10;13;15;17;17
"666";3;5;6;9;10;13;15;17;17
"667";3;5;6;9;10;13;14;14;14
"668";3;5;6;9;10;13;14;14;14
"669";3;5;6;9;10;13;14;14;14
"670";3;5;6;9;10;13;15;16;18
"671";3;5;6;9;10;13;14;14;14
"672";3;5;6;9;10;13;15;16;18
"673";3;5;6;9;11;11;11;11;11
"674";3;5;6;9;10;13;14;14;14
"675";3;5;6;9;11;11;11;11;11
"676";3;5;6;9;11;11;11;11;11
"677";3;5;7;7;7;7;7;7;7
"678";3;5;6;9;10;13;15;16;18
"679";3;5;6;9;10;13;15;16;18
"680";3;5;7;7;7;7;7;7;7
"681";3;5;7;7;7;7;7;7;7
"682";3;5;6;9;10;13;15;16;18
"683";3;5;7;7;7;7;7;7;7
"684";3;5;6;9;10;13;15;16;18
"685";3;5;6;9;10;13;15;16;18
"686";3;5;6;9;10;13;15;16;18
"687";3;5;6;9;10;13;14;14;14
"688";3;5;6;9;10;13;15;16;18
"689";3;5;6;9;10;13;14;14;14
"690";3;5;6;9;10;13;14;14;14
"691";3;5;6;9;10;13;14;14;14
"692";3;5;6;9;10;13;15;16;18
"693";3;5;6;9;10;13;14;14;14
"694";3;5;6;9;10;13;15;16;18
"695";3;5;7;7;7;7;7;7;7
"696";3;5;6;9;10;13;15;17;17
"697";3;5;6;9;10;13;14;14;14
"698";3;5;6;9;10;13;14;14;14
"699";3;5;6;9;10;13;15;16;18
"700";3;5;6;9;10;13;15;16;18
"701";3;4;4;4;4;4;4;4;4
"702";3;4;4;4;4;4;4;4;4
"703";3;4;4;4;4;4;4;4;4
"704";3;5;6;9;10;13;14;14;14
"705";3;5;7;7;7;7;7;7;7
"706";3;5;6;9;10;13;15;17;17
"707";3;5;6;9;10;13;14;14;14
"708";3;5;6;9;10;13;15;17;17
"709";3;5;7;7;7;7;7;7;7
"710";3;5;6;9;10;13;15;16;18
"711";3;5;6;9;10;13;15;16;18
"712";3;5;6;9;10;13;14;14;14
"713";3;5;6;9;10;13;15;17;17
"714";3;5;6;9;10;13;15;16;18
"715";3;5;6;9;10;13;14;14;14
"716";3;4;4;4;4;4;4;4;4
"717";3;5;6;9;10;13;14;14;14
"718";3;4;4;4;4;4;4;4;4
"719";3;5;6;9;10;13;15;16;18
"720";3;5;6;9;10;13;14;14;14
"721";3;5;6;9;10;13;15;16;18
"722";3;5;6;9;10;13;14;14;14
"723";3;5;6;9;10;13;15;16;18
"724";3;5;6;9;10;12;12;12;12
"725";3;5;6;9;10;12;12;12;12
"726";3;5;6;9;10;12;12;12;12
"727";3;4;4;4;4;4;4;4;4
"728";3;4;4;4;4;4;4;4;4
"729";3;4;4;4;4;4;4;4;4
"730";3;5;6;8;8;8;8;8;8
"731";3;4;4;4;4;4;4;4;4
"732";3;5;6;9;10;13;15;17;17
"733";3;4;4;4;4;4;4;4;4
"734";3;5;6;9;10;13;14;14;14
"735";3;5;7;7;7;7;7;7;7
"736";3;5;6;9;10;13;14;14;14
"737";3;5;6;9;10;13;15;16;18
"738";3;5;6;9;10;13;15;17;17
"739";3;5;7;7;7;7;7;7;7
"740";3;5;6;9;10;13;14;14;14
"741";3;4;4;4;4;4;4;4;4
"742";3;4;4;4;4;4;4;4;4
"743";3;4;4;4;4;4;4;4;4
"744";3;4;4;4;4;4;4;4;4
"745";3;4;4;4;4;4;4;4;4
"746";3;4;4;4;4;4;4;4;4
"747";3;4;4;4;4;4;4;4;4
"748";3;4;4;4;4;4;4;4;4
"749";3;4;4;4;4;4;4;4;4
"750";3;5;7;7;7;7;7;7;7
"751";3;5;6;9;10;13;14;14;14
"752";3;4;4;4;4;4;4;4;4
"753";3;5;7;7;7;7;7;7;7
"754";3;5;6;9;10;13;15;16;18
"755";3;5;6;9;10;13;14;14;14
"756";3;5;7;7;7;7;7;7;7
"757";3;5;6;9;10;13;15;16;18
"758";3;5;6;9;10;13;14;14;14
"759";3;5;6;9;10;13;15;16;18
"760";3;5;6;9;11;11;11;11;11
"761";3;5;6;9;10;13;15;16;18
"762";3;5;6;9;11;11;11;11;11
"763";3;5;6;9;10;13;14;14;14
"764";3;4;4;4;4;4;4;4;4
"765";3;4;4;4;4;4;4;4;4
"766";3;5;6;9;10;13;14;14;14
"767";3;4;4;4;4;4;4;4;4
"768";3;4;4;4;4;4;4;4;4
"769";3;4;4;4;4;4;4;4;4
"770";3;5;6;9;10;13;14;14;14
"771";3;5;6;9;10;12;12;12;12
"772";3;5;6;9;10;12;12;12;12
"773";3;5;6;9;10;12;12;12;12
"774";3;4;4;4;4;4;4;4;4
"775";3;4;4;4;4;4;4;4;4
"776";3;4;4;4;4;4;4;4;4
"777";3;4;4;4;4;4;4;4;4
"778";3;5;6;9;10;12;12;12;12
"779";3;5;6;9;10;13;15;16;18
"780";3;4;4;4;4;4;4;4;4
"781";3;5;6;9;10;12;12;12;12
"782";3;5;6;9;10;13;15;17;17
"783";3;4;4;4;4;4;4;4;4
"784";3;5;6;9;10;13;14;14;14
"785";3;4;4;4;4;4;4;4;4
"786";3;5;6;9;10;13;14;14;14
"787";3;5;6;9;10;13;15;16;18
"788";3;4;4;4;4;4;4;4;4
"789";3;4;4;4;4;4;4;4;4
"790";3;4;4;4;4;4;4;4;4
"791";3;5;6;9;10;13;15;16;18
"792";3;5;6;9;10;13;15;17;17
"793";3;5;6;9;10;13;15;16;18
"794";3;5;6;9;10;13;14;14;14
"795";3;5;7;7;7;7;7;7;7
"796";3;5;6;9;10;13;15;17;17
"797";3;4;4;4;4;4;4;4;4
"798";3;5;6;9;10;13;14;14;14
"799";3;5;6;9;10;13;14;14;14
"800";3;5;6;9;10;13;15;16;18
"801";3;5;6;9;10;13;14;14;14
"802";3;5;6;9;10;13;14;14;14
"803";3;4;4;4;4;4;4;4;4
"804";3;5;6;9;10;13;14;14;14
"805";3;5;6;9;10;13;15;16;18
"806";3;5;6;9;10;13;14;14;14
"807";3;5;6;9;10;13;14;14;14
"808";3;5;6;9;10;12;12;12;12
"809";3;5;6;9;10;13;14;14;14
"810";3;5;6;9;10;13;14;14;14
"811";3;5;7;7;7;7;7;7;7
"812";3;4;4;4;4;4;4;4;4
"813";3;4;4;4;4;4;4;4;4
"814";0;0;0;0;0;0;0;0;0
"815";3;5;6;9;10;13;14;14;14
"816";3;4;4;4;4;4;4;4;4
"817";3;4;4;4;4;4;4;4;4
"818";3;4;4;4;4;4;4;4;4
"819";3;4;4;4;4;4;4;4;4
"820";3;4;4;4;4;4;4;4;4
"821";3;4;4;4;4;4;4;4;4
"822";3;4;4;4;4;4;4;4;4
"823";3;4;4;4;4;4;4;4;4
"824";3;5;6;9;10;13;15;16;18
"825";3;5;6;9;10;13;15;16;18
"826";3;4;4;4;4;4;4;4;4
"827";3;4;4;4;4;4;4;4;4
"828";3;4;4;4;4;4;4;4;4
"829";3;4;4;4;4;4;4;4;4
"830";3;4;4;4;4;4;4;4;4
"831";3;4;4;4;4;4;4;4;4
"832";3;4;4;4;4;4;4;4;4
"833";3;4;4;4;4;4;4;4;4
"834";3;4;4;4;4;4;4;4;4
"835";3;4;4;4;4;4;4;4;4
"836";3;5;6;9;10;13;15;16;18
"837";3;5;6;9;10;13;15;16;18
"838";3;4;4;4;4;4;4;4;4
"839";3;5;7;7;7;7;7;7;7
"840";3;5;6;9;10;13;14;14;14
"841";3;5;6;9;10;13;14;14;14
"842";3;5;6;9;10;13;14;14;14
"843";3;5;6;9;10;13;14;14;14
"844";3;5;6;9;10;13;14;14;14
"845";3;5;6;9;10;13;15;16;18
"846";3;5;6;9;10;13;14;14;14
"847";3;5;6;9;10;13;14;14;14
"848";3;5;6;9;10;13;15;16;18
"849";3;5;6;9;10;13;15;16;18
"850";3;5;6;9;10;13;15;16;18
"851";3;5;6;9;10;13;14;14;14
"852";3;5;6;9;10;13;15;16;18
"853";3;5;6;9;10;13;15;16;18
"854";3;4;4;4;4;4;4;4;4
"855";3;5;6;9;10;13;15;16;18
"856";3;5;6;9;10;13;15;16;18
"857";3;5;6;9;10;13;14;14;14
"858";3;5;6;9;10;13;15;16;18
"859";3;5;6;9;10;13;15;16;18
"860";3;5;6;9;10;13;15;16;18
"861";3;5;6;9;10;13;14;14;14
"862";3;4;4;4;4;4;4;4;4
"863";3;4;4;4;4;4;4;4;4
"864";3;4;4;4;4;4;4;4;4
"865";3;5;6;9;10;13;15;16;18
"866";3;5;6;9;10;13;15;16;18
"867";3;5;6;9;10;13;15;16;18
"868";3;5;6;9;10;13;15;16;18
"869";3;5;6;9;10;13;14;14;14
"870";3;5;6;9;10;13;15;16;18
"871";3;5;6;9;10;13;14;14;14
"872";3;4;4;4;4;4;4;4;4
"873";3;5;6;9;10;13;15;17;17
"874";3;5;7;7;7;7;7;7;7
"875";3;5;6;9;10;13;15;16;18
"876";3;5;6;9;10;13;15;16;18
"877";3;5;7;7;7;7;7;7;7
"878";3;5;6;9;10;13;14;14;14
"879";3;5;6;9;10;13;15;17;17
"880";3;5;7;7;7;7;7;7;7
"881";3;5;6;9;10;13;15;16;18
"882";3;5;6;9;10;13;15;16;18
"883";3;5;6;9;10;13;15;16;18
