"V1";"V2";"V3";"V4";"V5";"V6"
"***";"nb classes";"3";"***";"";""
"**";"classe";"1";"**";"";""
"****";"197";"688";"28.63";"****";""
"36";"48";" 75.00";"54.285";"school";"1.733819e-13"
"22";"23";" 95.65";"52.301";"low";"4.760563e-13"
"38";"56";" 67.86";"45.896";"result";"1.246689e-11"
"27";"34";" 79.41";"45.131";"student";"1.843267e-11"
"30";"40";" 75.00";"44.679";"high";"2.320895e-11"
"34";"49";" 69.39";"42.880";"color";"5.820485e-11"
"18";"20";" 90.00";"37.960";"income";"7.219542e-10"
"18";"21";" 85.71";"34.537";"skin";"4.181747e-09"
"18";"22";" 81.82";"31.458";"age";"2.037673e-08"
"14";"15";" 93.33";"31.412";"socioeconomic";"2.086750e-08"
"15";"17";" 88.24";"30.301";"young";"3.699021e-08"
"11";"11";"100.00";"27.862";"male";"1.303033e-07"
"14";"17";" 82.35";"24.615";"aid";"6.999737e-07"
"11";"12";" 91.67";"23.746";"live";"1.099333e-06"
"13";"16";" 81.25";"22.193";"survey";"2.466200e-06"
"14";"18";" 77.78";"21.845";"level";"2.955451e-06"
" 8";" 8";"100.00";"20.174";"95percci";"7.071992e-06"
" 8";" 8";"100.00";"20.174";"occur";"7.071992e-06"
" 8";" 8";"100.00";"20.174";"regression";"7.071992e-06"
"23";"38";" 60.53";"20.020";"data";"7.662999e-06"
"25";"43";" 58.14";"19.541";"white";"9.847569e-06"
"16";"23";" 69.57";"19.509";"method";"1.001173e-05"
" 9";"10";" 90.00";"18.700";"risk";"1.529622e-05"
" 7";" 7";"100.00";"17.626";"cohort";"2.688821e-05"
" 7";" 7";"100.00";"17.626";"district";"2.688821e-05"
" 7";" 7";"100.00";"17.626";"average";"2.688821e-05"
" 7";" 7";"100.00";"17.626";"rate";"2.688821e-05"
"11";"14";" 78.57";"17.440";"information";"2.965422e-05"
"11";"14";" 78.57";"17.440";"increase";"2.965422e-05"
"27";"50";" 54.00";"16.978";"inequality";"3.782020e-05"
" 9";"11";" 81.82";"15.474";"compare";"8.366605e-05"
"10";"13";" 76.92";"15.120";"hiv";"1.008735e-04"
"10";"13";" 76.92";"15.120";"conclusion";"1.008735e-04"
" 6";" 6";"100.00";"15.086";"são";"1.027290e-04"
" 6";" 6";"100.00";"15.086";"chance";"1.027290e-04"
" 6";" 6";"100.00";"15.086";"bully";"1.027290e-04"
" 6";" 6";"100.00";"15.086";"percentage";"1.027290e-04"
" 6";" 6";"100.00";"15.086";"municipality";"1.027290e-04"
" 6";" 6";"100.00";"15.086";"assess";"1.027290e-04"
" 6";" 6";"100.00";"15.086";"sample";"1.027290e-04"
" 6";" 6";"100.00";"15.086";"maternal";"1.027290e-04"
" 6";" 6";"100.00";"15.086";"household";"1.027290e-04"
"12";"17";" 70.59";"15.014";"individual";"1.067068e-04"
"12";"17";" 70.59";"15.014";"find";"1.067068e-04"
"16";"26";" 61.54";"14.317";"year";"1.544694e-04"
" 8";"10";" 80.00";"13.102";"adolescent";"2.949497e-04"
" 5";" 5";"100.00";"12.553";"mental";"3.955372e-04"
" 5";" 5";"100.00";"12.553";"survival";"3.955372e-04"
" 5";" 5";"100.00";"12.553";"ses";"3.955372e-04"
" 5";" 5";"100.00";"12.553";"condom";"3.955372e-04"
" 5";" 5";"100.00";"12.553";"std";"3.955372e-04"
" 5";" 5";"100.00";"12.553";"emotional";"3.955372e-04"
" 5";" 5";"100.00";"12.553";"adjust";"3.955372e-04"
"12";"19";" 63.16";"11.397";"factor";"7.356164e-04"
" 6";" 7";" 85.71";"11.276";"rio";"7.852655e-04"
" 6";" 7";" 85.71";"11.276";"sport";"7.852655e-04"
" 6";" 7";" 85.71";"11.276";"sexual";"7.852655e-04"
" 6";" 7";" 85.71";"11.276";"statistical";"7.852655e-04"
" 6";" 7";" 85.71";"11.276";"metropolitan";"7.852655e-04"
"10";"15";" 66.67";"10.855";"female";"9.855079e-04"
" 7";" 9";" 77.78";"10.778";"pattern";"1.027216e-03"
" 8";"11";" 72.73";"10.636";"brown";"1.109169e-03"
" 4";" 4";"100.00";"10.028";"pr";"1.541914e-03"
" 4";" 4";"100.00";"10.028";"coverage";"1.541914e-03"
" 4";" 4";"100.00";"10.028";"8perc";"1.541914e-03"
" 4";" 4";"100.00";"10.028";"retention";"1.541914e-03"
" 4";" 4";"100.00";"10.028";"occupational";"1.541914e-03"
" 4";" 4";"100.00";"10.028";"contextual";"1.541914e-03"
" 4";" 4";"100.00";"10.028";"birth";"1.541914e-03"
" 4";" 4";"100.00";"10.028";"adult";"1.541914e-03"
" 4";" 4";"100.00";"10.028";"vary";"1.541914e-03"
" 4";" 4";"100.00";"10.028";"undergraduate";"1.541914e-03"
" 4";" 4";"100.00";"10.028";"sectional";"1.541914e-03"
" 4";" 4";"100.00";"10.028";"range";"1.541914e-03"
" 4";" 4";"100.00";"10.028";"quantitative";"1.541914e-03"
" 4";" 4";"100.00";"10.028";"prevalence";"1.541914e-03"
" 4";" 4";"100.00";"10.028";"logistic";"1.541914e-03"
" 4";" 4";"100.00";"10.028";"item";"1.541914e-03"
" 4";" 4";"100.00";"10.028";"homosexual";"1.541914e-03"
" 4";" 4";"100.00";"10.028";"elementary";"1.541914e-03"
"12";"20";" 60.00";" 9.917";"effect";"1.637249e-03"
"19";"37";" 51.35";" 9.876";"person";"1.674831e-03"
"11";"18";" 61.11";" 9.541";"profile";"2.009716e-03"
" 9";"14";" 64.29";" 8.889";"case";"2.868923e-03"
" 5";" 6";" 83.33";" 8.862";"janeiro";"2.910993e-03"
" 5";" 6";" 83.33";" 8.862";"patient";"2.910993e-03"
" 5";" 6";" 83.33";" 8.862";"determine";"2.910993e-03"
" 8";"12";" 66.67";" 8.645";"variable";"3.279348e-03"
" 6";" 8";" 75.00";" 8.515";"paulo";"3.521607e-03"
" 6";" 8";" 75.00";" 8.515";"wage";"3.521607e-03"
" 6";" 8";" 75.00";" 8.515";"questionnaire";"3.521607e-03"
" 6";" 8";" 75.00";" 8.515";"vulnerability";"3.521607e-03"
"10";"17";" 58.82";" 7.774";"man";"5.299295e-03"
"10";"17";" 58.82";" 7.774";"observe";"5.299295e-03"
" 3";" 3";"100.00";" 7.510";"boy";"6.136064e-03"
" 3";" 3";"100.00";" 7.510";"regressivity";"6.136064e-03"
" 3";" 3";"100.00";" 7.510";"recidivism";"6.136064e-03"
" 3";" 3";"100.00";" 7.510";"ratio";"6.136064e-03"
" 3";" 3";"100.00";" 7.510";"apc";"6.136064e-03"
" 3";" 3";"100.00";" 7.510";"relative";"6.136064e-03"
" 3";" 3";"100.00";" 7.510";"regard";"6.136064e-03"
" 3";" 3";"100.00";" 7.510";"hetero";"6.136064e-03"
" 3";" 3";"100.00";" 7.510";"epidemiological";"6.136064e-03"
" 3";" 3";"100.00";" 7.510";"dose";"6.136064e-03"
" 3";" 3";"100.00";" 7.510";"0perc";"6.136064e-03"
" 3";" 3";"100.00";" 7.510";"unit";"6.136064e-03"
" 3";" 3";"100.00";" 7.510";"slum";"6.136064e-03"
" 3";" 3";"100.00";" 7.510";"sinasc";"6.136064e-03"
" 3";" 3";"100.00";" 7.510";"respondent";"6.136064e-03"
" 3";" 3";"100.00";" 7.510";"recife";"6.136064e-03"
" 3";" 3";"100.00";" 7.510";"prenatal";"6.136064e-03"
" 3";" 3";"100.00";" 7.510";"pnad";"6.136064e-03"
" 3";" 3";"100.00";" 7.510";"percent";"6.136064e-03"
" 3";" 3";"100.00";" 7.510";"opportunity";"6.136064e-03"
" 3";" 3";"100.00";" 7.510";"month";"6.136064e-03"
" 3";" 3";"100.00";" 7.510";"monitor";"6.136064e-03"
" 3";" 3";"100.00";" 7.510";"incompleteness";"6.136064e-03"
" 3";" 3";"100.00";" 7.510";"improvement";"6.136064e-03"
" 3";" 3";"100.00";" 7.510";"enem";"6.136064e-03"
" 3";" 3";"100.00";" 7.510";"cure";"6.136064e-03"
" 3";" 3";"100.00";" 7.510";"consultation";"6.136064e-03"
" 3";" 3";"100.00";" 7.510";"consistent";"6.136064e-03"
" 3";" 3";"100.00";" 7.510";"complete";"6.136064e-03"
" 3";" 3";"100.00";" 7.510";"calculate";"6.136064e-03"
" 3";" 3";"100.00";" 7.510";"administer";"6.136064e-03"
" 3";" 3";"100.00";" 7.510";"6perc";"6.136064e-03"
" 3";" 3";"100.00";" 7.510";"2perc";"6.136064e-03"
" 3";" 3";"100.00";" 7.510";"1perc";"6.136064e-03"
" 8";"13";" 61.54";" 7.021";"federal";"8.057731e-03"
" 8";"13";" 61.54";" 7.021";"disability";"8.057731e-03"
" 7";"11";" 63.64";" 6.702";"segregation";"9.628911e-03"
"10";"18";" 55.56";" 6.556";"conduct";"1.045438e-02"
" 4";" 5";" 80.00";" 6.503";"tax";"1.076841e-02"
" 4";" 5";" 80.00";" 6.503";"estimate";"1.076841e-02"
" 4";" 5";" 80.00";" 6.503";"colour";"1.076841e-02"
" 4";" 5";" 80.00";" 6.503";"proportion";"1.076841e-02"
" 6";" 9";" 66.67";" 6.455";"economic";"1.106276e-02"
" 6";" 9";" 66.67";" 6.455";"characteristic";"1.106276e-02"
"12";"23";" 52.17";" 6.453";"access";"1.107817e-02"
" 5";" 7";" 71.43";" 6.338";"socio";"1.181787e-02"
" 5";" 7";" 71.43";" 6.338";"database";"1.181787e-02"
" 5";" 7";" 71.43";" 6.338";"equity";"1.181787e-02"
" 5";" 7";" 71.43";" 6.338";"total";"1.181787e-02"
" 9";"16";" 56.25";" 6.114";"report";"1.341439e-02"
" 7";"12";" 58.33";" 5.272";"classification";"2.167438e-02"
" 6";"10";" 60.00";" 4.886";"census";"2.708233e-02"
" 8";"15";" 53.33";" 4.578";"association";"3.238534e-02"
" 5";" 8";" 62.50";" 4.543";"affect";"3.305545e-02"
" 4";" 6";" 66.67";" 4.285";"descriptive";"3.846044e-02"
" 4";" 6";" 66.67";" 4.285";"obtain";"3.846044e-02"
" 3";" 4";" 75.00";" 4.233";"treatment";"3.965038e-02"
" 3";" 4";" 75.00";" 4.233";"reduction";"3.965038e-02"
" 3";" 4";" 75.00";" 4.233";"fear";"3.965038e-02"
" 3";" 4";" 75.00";" 4.233";"expansion";"3.965038e-02"
" 3";" 4";" 75.00";" 4.233";"disadvantage";"3.965038e-02"
" 3";" 4";" 75.00";" 4.233";"visual";"3.965038e-02"
" 3";" 4";" 75.00";" 4.233";"valid";"3.965038e-02"
" 3";" 4";" 75.00";" 4.233";"superior";"3.965038e-02"
" 3";" 4";" 75.00";" 4.233";"resident";"3.965038e-02"
" 3";" 4";" 75.00";" 4.233";"require";"3.965038e-02"
" 3";" 4";" 75.00";" 4.233";"neighborhood";"3.965038e-02"
" 3";" 4";" 75.00";" 4.233";"indirect";"3.965038e-02"
" 3";" 4";" 75.00";" 4.233";"index";"3.965038e-02"
" 3";" 4";" 75.00";" 4.233";"inclusion";"3.965038e-02"
" 3";" 4";" 75.00";" 4.233";"finding";"3.965038e-02"
"23";"57";" 40.35";" 4.175";"education";"4.101268e-02"
" 7";"13";" 53.85";" 4.122";"status";"4.233407e-02"
" 6";"11";" 54.55";" 3.673";"family";"5.530235e-02"
" 6";"11";" 54.55";" 3.673";"change";"5.530235e-02"
" 6";"11";" 54.55";" 3.673";"sex";"5.530235e-02"
" 6";"11";" 54.55";" 3.673";"apply";"5.530235e-02"
"17";"41";" 41.46";" 3.512";"population";"6.093323e-02"
" 5";" 9";" 55.56";" 3.234";"informal";"7.210477e-02"
" 5";" 9";" 55.56";" 3.234";"measure";"7.210477e-02"
" 7";"14";" 50.00";" 3.193";"model";"7.397260e-02"
" 8";"17";" 47.06";" 2.896";"discrimination";"8.881242e-02"
" 6";"12";" 50.00";" 2.728";"physical";"9.857726e-02"
" 6";"12";" 50.00";" 2.728";"analyse";"9.857726e-02"
"15";"37";" 40.54";" 2.713";"group";"9.954141e-02"
" 7";"15";" 46.67";" 2.440";"de";"1.182604e-01"
" 7";"15";" 46.67";" 2.440";"city";"1.182604e-01"
" 7";"15";" 46.67";" 2.440";"great";"1.182604e-01"
" 3";" 5";" 60.00";" 2.425";"victim";"1.194213e-01"
" 3";" 5";" 60.00";" 2.425";"reduce";"1.194213e-01"
" 3";" 5";" 60.00";" 2.425";"dropout";"1.194213e-01"
" 3";" 5";" 60.00";" 2.425";"differential";"1.194213e-01"
" 3";" 5";" 60.00";" 2.425";"small";"1.194213e-01"
" 3";" 5";" 60.00";" 2.425";"middle";"1.194213e-01"
" 3";" 5";" 60.00";" 2.425";"evident";"1.194213e-01"
" 3";" 5";" 60.00";" 2.425";"variation";"1.194213e-01"
" 3";" 5";" 60.00";" 2.425";"institute";"1.194213e-01"
" 3";" 5";" 60.00";" 2.425";"background";"1.194213e-01"
" 5";"10";" 50.00";" 2.267";"influence";"1.321581e-01"
" 8";"18";" 44.44";" 2.261";"condition";"1.326602e-01"
" 2";" 3";" 66.67";" 2.133";"support";"1.441688e-01"
" 2";" 3";" 66.67";" 2.133";"mother";"1.441688e-01"
" 2";" 3";" 66.67";" 2.133";"grade";"1.441688e-01"
" 2";" 3";" 66.67";" 2.133";"direct";"1.441688e-01"
" 2";" 3";" 66.67";" 2.133";"achieve";"1.441688e-01"
" 2";" 3";" 66.67";" 2.133";"series";"1.441688e-01"
" 2";" 3";" 66.67";" 2.133";"previous";"1.441688e-01"
" 2";" 3";" 66.67";" 2.133";"precarious";"1.441688e-01"
" 2";" 3";" 66.67";" 2.133";"pccs";"1.441688e-01"
" 2";" 3";" 66.67";" 2.133";"medicine";"1.441688e-01"
" 2";" 3";" 66.67";" 2.133";"land";"1.441688e-01"
" 2";" 3";" 66.67";" 2.133";"fortaleza";"1.441688e-01"
" 2";" 3";" 66.67";" 2.133";"efficacy";"1.441688e-01"
" 2";" 3";" 66.67";" 2.133";"death";"1.441688e-01"
" 2";" 3";" 66.67";" 2.133";"day";"1.441688e-01"
" 2";" 3";" 66.67";" 2.133";"centre";"1.441688e-01"
" 2";" 3";" 66.67";" 2.133";"capital";"1.441688e-01"
" 2";" 3";" 66.67";" 2.133";"vaccination";"1.441688e-01"
" 2";" 3";" 66.67";" 2.133";"test";"1.441688e-01"
" 2";" 3";" 66.67";" 2.133";"southeast";"1.441688e-01"
" 2";" 3";" 66.67";" 2.133";"significantly";"1.441688e-01"
" 2";" 3";" 66.67";" 2.133";"response";"1.441688e-01"
" 2";" 3";" 66.67";" 2.133";"predominance";"1.441688e-01"
" 2";" 3";" 66.67";" 2.133";"physic";"1.441688e-01"
" 2";" 3";" 66.67";" 2.133";"partner";"1.441688e-01"
" 2";" 3";" 66.67";" 2.133";"occasion";"1.441688e-01"
" 2";" 3";" 66.67";" 2.133";"library";"1.441688e-01"
" 2";" 3";" 66.67";" 2.133";"itinerary";"1.441688e-01"
" 2";" 3";" 66.67";" 2.133";"ipva";"1.441688e-01"
" 2";" 3";" 66.67";" 2.133";"involvement";"1.441688e-01"
" 2";" 3";" 66.67";" 2.133";"icms";"1.441688e-01"
" 2";" 3";" 66.67";" 2.133";"hear";"1.441688e-01"
" 2";" 3";" 66.67";" 2.133";"exclude";"1.441688e-01"
" 2";" 3";" 66.67";" 2.133";"evaluation";"1.441688e-01"
" 2";" 3";" 66.67";" 2.133";"enhance";"1.441688e-01"
" 2";" 3";" 66.67";" 2.133";"correlate";"1.441688e-01"
" 2";" 3";" 66.67";" 2.133";"application";"1.441688e-01"
" 2";" 3";" 66.67";" 2.133";"add";"1.441688e-01"
"*****";"*";"*";"*";"*";"*"
" 9";"  9";"100.00";"22.729";"0";"1.865512e-06"
"13";" 17";" 76.47";"19.520";"2";"9.957615e-06"
"10";" 12";" 83.33";"17.882";"2015";"2.350105e-05"
" 7";"  7";"100.00";"17.626";"8";"2.688821e-05"
"14";" 21";" 66.67";"15.333";"most";"9.012180e-05"
"18";" 31";" 58.06";"13.760";"use";"2.077139e-04"
"12";" 18";" 66.67";"13.084";"associated";"2.978542e-04"
" 5";"  5";"100.00";"12.553";"likely";"3.955372e-04"
"21";" 40";" 52.50";"11.838";"among";"5.803950e-04"
"64";"164";" 39.02";"11.377";"with";"7.437019e-04"
" 6";"  7";" 85.71";"11.276";"4";"7.852655e-04"
"17";" 31";" 54.84";"10.909";"there";"9.570215e-04"
" 4";"  4";"100.00";"10.028";"2017";"1.541914e-03"
" 4";"  4";"100.00";"10.028";"47";"1.541914e-03"
" 4";"  4";"100.00";"10.028";"45";"1.541914e-03"
"24";" 50";" 48.00";" 9.896";"more";"1.656392e-03"
"11";" 18";" 61.11";" 9.541";"self";"2.009716e-03"
"11";" 18";" 61.11";" 9.541";"than";"2.009716e-03"
"26";" 56";" 46.43";" 9.447";"were";"2.115366e-03"
" 9";" 14";" 64.29";" 8.889";"had";"2.868923e-03"
" 5";"  6";" 83.33";" 8.862";"24";"2.910993e-03"
" 7";" 10";" 70.00";" 8.497";"3";"3.556744e-03"
" 3";"  3";"100.00";" 7.510";"13";"6.136064e-03"
" 3";"  3";"100.00";" 7.510";"66";"6.136064e-03"
" 3";"  3";"100.00";" 7.510";"6";"6.136064e-03"
" 3";"  3";"100.00";" 7.510";"5";"6.136064e-03"
" 3";"  3";"100.00";" 7.510";"1998";"6.136064e-03"
" 3";"  3";"100.00";" 7.510";"almost";"6.136064e-03"
" 3";"  3";"100.00";" 7.510";"2020";"6.136064e-03"
" 3";"  3";"100.00";" 7.510";"2019";"6.136064e-03"
" 3";"  3";"100.00";" 7.510";"18";"6.136064e-03"
" 3";"  3";"100.00";" 7.510";"17";"6.136064e-03"
" 3";"  3";"100.00";" 7.510";"16";"6.136064e-03"
"12";" 22";" 54.55";" 7.467";"those";"6.283248e-03"
" 9";" 15";" 60.00";" 7.383";"while";"6.585138e-03"
" 9";" 15";" 60.00";" 7.383";"according";"6.585138e-03"
" 7";" 11";" 63.64";" 6.702";"although";"9.628911e-03"
" 4";"  5";" 80.00";" 6.503";"old";"1.076841e-02"
" 4";"  5";" 80.00";" 6.503";"2012";"1.076841e-02"
"15";" 31";" 48.39";" 6.199";"out";"1.278483e-02"
" 7";" 12";" 58.33";" 5.272";"less";"2.167438e-02"
"16";" 35";" 45.71";" 5.265";"other";"2.176168e-02"
"10";" 20";" 50.00";" 4.602";"only";"3.193817e-02"
" 5";"  8";" 62.50";" 4.543";"2018";"3.305545e-02"
" 5";"  8";" 62.50";" 4.543";"despite";"3.305545e-02"
" 4";"  6";" 66.67";" 4.285";"19";"3.846044e-02"
" 3";"  4";" 75.00";" 4.233";"48";"3.965038e-02"
" 3";"  4";" 75.00";" 4.233";"across";"3.965038e-02"
" 7";" 13";" 53.85";" 4.122";"1";"4.233407e-02"
"18";" 43";" 41.86";" 3.927";"or";"4.752396e-02"
"41";"113";" 36.28";" 3.872";"from";"4.910973e-02"
"34";" 92";" 36.96";" 3.600";"was";"5.778082e-02"
" 5";"  9";" 55.56";" 3.234";"whether";"7.210477e-02"
" 7";" 14";" 50.00";" 3.193";"being";"7.397260e-02"
" 7";" 14";" 50.00";" 3.193";"indicate";"7.397260e-02"
" 4";"  7";" 57.14";" 2.813";"2014";"9.351586e-02"
" 4";"  7";" 57.14";" 2.813";"four";"9.351586e-02"
" 7";" 15";" 46.67";" 2.440";"using";"1.182604e-01"
" 7";" 15";" 46.67";" 2.440";"all";"1.182604e-01"
" 3";"  5";" 60.00";" 2.425";"few";"1.194213e-01"
" 3";"  5";" 60.00";" 2.425";"cannot";"1.194213e-01"
" 3";"  5";" 60.00";" 2.425";"2000";"1.194213e-01"
" 3";"  5";" 60.00";" 2.425";"seven";"1.194213e-01"
" 3";"  5";" 60.00";" 2.425";"does";"1.194213e-01"
" 9";" 21";" 42.86";" 2.144";"both";"1.430848e-01"
" 2";"  3";" 66.67";" 2.133";"having";"1.441688e-01"
" 2";"  3";" 66.67";" 2.133";"whereas";"1.441688e-01"
" 2";"  3";" 66.67";" 2.133";"little";"1.441688e-01"
" 2";"  3";" 66.67";" 2.133";"appear";"1.441688e-01"
" 2";"  3";" 66.67";" 2.133";"711";"1.441688e-01"
" 2";"  3";" 66.67";" 2.133";"28";"1.441688e-01"
" 2";"  3";" 66.67";" 2.133";"2009";"1.441688e-01"
"47";"140";" 33.57";" 2.097";"for";"1.475804e-01"
"*";"*";"*";"*";"*";"*"
"12";"13";" 92.31";"26.289";"*2007";"2.938938e-07"
" 9";" 9";"100.00";"22.729";"*boing_a";"1.865512e-06"
" 8";" 8";"100.00";"20.174";"*fialho_c";"7.071992e-06"
" 8";" 8";"100.00";"20.174";"*bonomo_m";"7.071992e-06"
" 8";" 8";"100.00";"20.174";"*da_silva_s";"7.071992e-06"
" 8";" 8";"100.00";"20.174";"*miranda_a";"7.071992e-06"
" 8";" 8";"100.00";"20.174";"*maciel_e";"7.071992e-06"
" 9";"10";" 90.00";"18.700";"*silveira_l";"1.529622e-05"
" 7";" 7";"100.00";"17.626";"*garcia_s";"2.688821e-05"
" 7";" 7";"100.00";"17.626";"*de_souza_f";"2.688821e-05"
" 6";" 6";"100.00";"15.086";"*santana_e_s_c";"1.027290e-04"
" 6";" 6";"100.00";"15.086";"*vilela_e";"1.027290e-04"
" 6";" 6";"100.00";"15.086";"*de_oliveira_v";"1.027290e-04"
" 6";" 6";"100.00";"15.086";"*prado_m";"1.027290e-04"
" 6";" 6";"100.00";"15.086";"*francisco_p";"1.027290e-04"
" 6";" 6";"100.00";"15.086";"*barros_m";"1.027290e-04"
" 7";" 8";" 87.50";"13.726";"*senkevics_a";"2.115494e-04"
" 9";"12";" 75.00";"12.849";"*bastos_j";"3.377274e-04"
" 5";" 5";"100.00";"12.553";"*santana_b";"3.955372e-04"
" 5";" 5";"100.00";"12.553";"*andrade_a";"3.955372e-04"
" 5";" 5";"100.00";"12.553";"*muraro_a";"3.955372e-04"
" 5";" 5";"100.00";"12.553";"*de_moraes_c";"3.955372e-04"
" 5";" 5";"100.00";"12.553";"*peres_r";"3.955372e-04"
" 5";" 5";"100.00";"12.553";"*barbosa_m";"3.955372e-04"
" 5";" 5";"100.00";"12.553";"*pedreira_c";"3.955372e-04"
" 5";" 5";"100.00";"12.553";"*soares_j";"3.955372e-04"
" 5";" 5";"100.00";"12.553";"*covre-sussai_m";"3.955372e-04"
" 5";" 5";"100.00";"12.553";"*sento-sé_i";"3.955372e-04"
" 5";" 5";"100.00";"12.553";"*siqueira_n";"3.955372e-04"
" 5";" 5";"100.00";"12.553";"*mallmann_m";"3.955372e-04"
" 5";" 5";"100.00";"12.553";"*tomasi_y";"3.955372e-04"
" 5";" 5";"100.00";"12.553";"*anjos_j";"3.955372e-04"
" 5";" 5";"100.00";"12.553";"*de_melo_m";"3.955372e-04"
" 5";" 5";"100.00";"12.553";"*mesquita_f";"3.955372e-04"
" 5";" 5";"100.00";"12.553";"*de_azevedo_barros_m";"3.955372e-04"
" 5";" 5";"100.00";"12.553";"*la-rotta_e";"3.955372e-04"
" 5";" 5";"100.00";"12.553";"*donalisio_m";"3.955372e-04"
" 5";" 5";"100.00";"12.553";"*taquette_s";"3.955372e-04"
" 5";" 5";"100.00";"12.553";"*de_andrade_c";"3.955372e-04"
" 5";" 5";"100.00";"12.553";"*dachs_j";"3.955372e-04"
" 4";" 4";"100.00";"10.028";"*dos_santos_e";"1.541914e-03"
" 4";" 4";"100.00";"10.028";"*barbosa_i";"1.541914e-03"
" 4";" 4";"100.00";"10.028";"*de_moraes_j";"1.541914e-03"
" 4";" 4";"100.00";"10.028";"*frança_a";"1.541914e-03"
" 4";" 4";"100.00";"10.028";"*domingues_c";"1.541914e-03"
" 4";" 4";"100.00";"10.028";"*teixeira_m";"1.541914e-03"
" 4";" 4";"100.00";"10.028";"*bezerra_h";"1.541914e-03"
" 4";" 4";"100.00";"10.028";"*de_medeiros_n";"1.541914e-03"
" 4";" 4";"100.00";"10.028";"*araújo_m";"1.541914e-03"
" 4";" 4";"100.00";"10.028";"*fernandes_f";"1.541914e-03"
" 4";" 4";"100.00";"10.028";"*alexandrino_a";"1.541914e-03"
" 4";" 4";"100.00";"10.028";"*bezerra_r";"1.541914e-03"
" 4";" 4";"100.00";"10.028";"*ramos_a";"1.541914e-03"
" 4";" 4";"100.00";"10.028";"*oliveira_a";"1.541914e-03"
" 4";" 4";"100.00";"10.028";"*de_oliveira_c";"1.541914e-03"
" 4";" 4";"100.00";"10.028";"*guibu_i";"1.541914e-03"
" 4";" 4";"100.00";"10.028";"*barbosa_j";"1.541914e-03"
" 4";" 4";"100.00";"10.028";"*lima_j";"1.541914e-03"
" 4";" 4";"100.00";"10.028";"*luhm_k";"1.541914e-03"
" 4";" 4";"100.00";"10.028";"*caetano_k";"1.541914e-03"
" 4";" 4";"100.00";"10.028";"*lima_l";"1.541914e-03"
" 4";" 4";"100.00";"10.028";"*antunes_m";"1.541914e-03"
" 4";" 4";"100.00";"10.028";"*borges_m";"1.541914e-03"
" 4";" 4";"100.00";"10.028";"*queiroz_r";"1.541914e-03"
" 4";" 4";"100.00";"10.028";"*gurgel_r";"1.541914e-03"
" 4";" 4";"100.00";"10.028";"*barata_r";"1.541914e-03"
" 4";" 4";"100.00";"10.028";"*de_azevedo_r";"1.541914e-03"
" 4";" 4";"100.00";"10.028";"*teles_s";"1.541914e-03"
" 4";" 4";"100.00";"10.028";"*da_gama_s";"1.541914e-03"
" 4";" 4";"100.00";"10.028";"*mengue_s";"1.541914e-03"
" 4";" 4";"100.00";"10.028";"*simões_t";"1.541914e-03"
" 4";" 4";"100.00";"10.028";"*nascimento_v";"1.541914e-03"
" 4";" 4";"100.00";"10.028";"*de_araújo_w";"1.541914e-03"
" 4";" 4";"100.00";"10.028";"*santos_j";"1.541914e-03"
" 4";" 4";"100.00";"10.028";"*sales_c";"1.541914e-03"
" 4";" 4";"100.00";"10.028";"*prado_t";"1.541914e-03"
" 4";" 4";"100.00";"10.028";"*alves_f";"1.541914e-03"
" 4";" 4";"100.00";"10.028";"*ortigão_i";"1.541914e-03"
" 4";" 4";"100.00";"10.028";"*franco_c";"1.541914e-03"
" 3";" 3";"100.00";" 7.510";"*de_jesus_g";"6.136064e-03"
" 3";" 3";"100.00";" 7.510";"*dias_l";"6.136064e-03"
" 3";" 3";"100.00";" 7.510";"*filho_v";"6.136064e-03"
" 3";" 3";"100.00";" 7.510";"*de_oliveira_araújo_r";"6.136064e-03"
" 3";" 3";"100.00";" 7.510";"*barros_a";"6.136064e-03"
" 3";" 3";"100.00";" 7.510";"*dos_santos_araújo_l";"6.136064e-03"
" 3";" 3";"100.00";" 7.510";"*schrann_m";"6.136064e-03"
" 3";" 3";"100.00";" 7.510";"*carvalhaes_f";"6.136064e-03"
" 3";" 3";"100.00";" 7.510";"*ribeiro_c";"6.136064e-03"
" 3";" 3";"100.00";" 7.510";"*trindade_a";"6.136064e-03"
" 3";" 3";"100.00";" 7.510";"*durante_m";"6.136064e-03"
" 3";" 3";"100.00";" 7.510";"*lima_n";"6.136064e-03"
" 3";" 3";"100.00";" 7.510";"*cordeiro_r";"6.136064e-03"
"16";"33";" 48.48";" 6.684";"*2018";"9.726179e-03"
" 4";" 5";" 80.00";" 6.503";"*tomas_m";"1.076841e-02"
" 4";" 5";" 80.00";" 6.503";"*candido_l";"1.076841e-02"
" 4";" 5";" 80.00";" 6.503";"*finkler_m";"1.076841e-02"
" 4";" 5";" 80.00";" 6.503";"*de_freitas_s";"1.076841e-02"
" 5";" 7";" 71.43";" 6.338";"*costa_b";"1.181787e-02"
" 5";" 7";" 71.43";" 6.338";"*de_lima_brandão_l";"1.181787e-02"
" 5";" 7";" 71.43";" 6.338";"*kabad_j";"1.181787e-02"
" 5";" 7";" 71.43";" 6.338";"*santos_r";"1.181787e-02"
"15";"31";" 48.39";" 6.199";"*2010";"1.278483e-02"
" 2";" 2";"100.00";" 4.999";"*ernica_m";"2.535751e-02"
" 2";" 2";"100.00";" 4.999";"*rodrigues_e";"2.535751e-02"
" 2";" 2";"100.00";" 4.999";"*proni_m";"2.535751e-02"
" 2";" 2";"100.00";" 4.999";"*gomes_d";"2.535751e-02"
" 2";" 2";"100.00";" 4.999";"*da_costa_a";"2.535751e-02"
" 2";" 2";"100.00";" 4.999";"*picanço_f";"2.535751e-02"
" 3";" 4";" 75.00";" 4.233";"*frança_d";"3.965038e-02"
" 3";" 4";" 75.00";" 4.233";"*ramos_i";"3.965038e-02"
" 3";" 4";" 75.00";" 4.233";"*pantoja_g";"3.965038e-02"
" 3";" 4";" 75.00";" 4.233";"*georgini_g";"3.965038e-02"
" 3";" 4";" 75.00";" 4.233";"*galinari_l";"3.965038e-02"
" 3";" 4";" 75.00";" 4.233";"*bazon_m";"3.965038e-02"
" 3";" 4";" 75.00";" 4.233";"*da_rocha_e";"3.965038e-02"
" 7";"13";" 53.85";" 4.122";"*da_silva_a";"4.233407e-02"
" 5";" 9";" 55.56";" 3.234";"*de_oliveira_a";"7.210477e-02"
" 4";" 7";" 57.14";" 2.813";"*da_costa_m";"9.351586e-02"
" 4";" 7";" 57.14";" 2.813";"*silva_n";"9.351586e-02"
" 4";" 7";" 57.14";" 2.813";"*barros_s";"9.351586e-02"
" 4";" 7";" 57.14";" 2.813";"*de_a_f";"9.351586e-02"
" 4";" 7";" 57.14";" 2.813";"*batista_l";"9.351586e-02"
" 4";" 7";" 57.14";" 2.813";"*policarpo_v";"9.351586e-02"
" 3";" 5";" 60.00";" 2.425";"*oraka_c";"1.194213e-01"
" 3";" 5";" 60.00";" 2.425";"*faustino_d";"1.194213e-01"
" 3";" 5";" 60.00";" 2.425";"*teixeira_j";"1.194213e-01"
" 3";" 5";" 60.00";" 2.425";"*de_souza_a";"1.194213e-01"
" 3";" 5";" 60.00";" 2.425";"*salata_a";"1.194213e-01"
" 3";" 5";" 60.00";" 2.425";"*ferraro_a";"1.194213e-01"
" 2";" 3";" 66.67";" 2.133";"*bueno_j";"1.441688e-01"
" 2";" 3";" 66.67";" 2.133";"*dos_santos_n";"1.441688e-01"
" 2";" 3";" 66.67";" 2.133";"*lima_m";"1.441688e-01"
"**";"classe";"2";"**";"";""
"****";"238";"688";"34.59";"****";""
"19";" 23";" 82.61";"24.246";"develop";"8.476341e-07"
"33";" 50";" 66.00";"23.506";"discuss";"1.245294e-06"
"21";" 27";" 77.78";"23.163";"approach";"1.488161e-06"
"29";" 44";" 65.91";"20.374";"health";"6.368802e-06"
"10";" 10";"100.00";"19.186";"methodological";"1.185528e-05"
"17";" 22";" 77.27";"18.296";"literature";"1.890581e-05"
"11";" 12";" 91.67";"17.583";"teacher";"2.751028e-05"
"16";" 21";" 76.19";"16.565";"violence";"4.699994e-05"
"30";" 49";" 61.22";"16.537";"racism";"4.770563e-05"
"17";" 23";" 73.91";"16.260";"theory";"5.522944e-05"
"13";" 16";" 81.25";"15.760";"academic";"7.190197e-05"
"36";" 63";" 57.14";"15.586";"work";"7.885351e-05"
"39";" 70";" 55.71";"15.365";"research";"8.862690e-05"
"21";" 32";" 65.62";"14.284";"theoretical";"1.572200e-04"
" 9";" 10";" 90.00";"13.768";"train";"2.068147e-04"
" 9";" 10";" 90.00";"13.768";"legal";"2.068147e-04"
" 7";"  7";"100.00";"13.371";"demand";"2.554988e-04"
"22";" 35";" 62.86";"13.020";"debate";"3.082280e-04"
"20";" 31";" 64.52";"12.847";"action";"3.381074e-04"
"11";" 14";" 78.57";"12.216";"bring";"4.738576e-04"
" 8";"  9";" 88.89";"11.882";"set";"5.668525e-04"
" 8";"  9";" 88.89";"11.882";"american";"5.668525e-04"
" 8";"  9";" 88.89";"11.882";"sense";"5.668525e-04"
" 6";"  6";"100.00";"11.444";"relevant";"7.171198e-04"
" 6";"  6";"100.00";"11.444";"reason";"7.171198e-04"
" 6";"  6";"100.00";"11.444";"discipline";"7.171198e-04"
" 6";"  6";"100.00";"11.444";"latin";"7.171198e-04"
" 6";"  6";"100.00";"11.444";"ideal";"7.171198e-04"
" 6";"  6";"100.00";"11.444";"democracy";"7.171198e-04"
"14";" 20";" 70.00";"11.413";"contribute";"7.292449e-04"
"15";" 22";" 68.18";"11.332";"role";"7.617577e-04"
"36";" 68";" 52.94";"11.227";"aim";"8.060006e-04"
" 9";" 11";" 81.82";"11.019";"addition";"9.020181e-04"
" 9";" 11";" 81.82";"11.019";"methodology";"9.020181e-04"
" 9";" 11";" 81.82";"11.019";"framework";"9.020181e-04"
" 9";" 11";" 81.82";"11.019";"affirmative";"9.020181e-04"
"10";" 13";" 76.92";"10.493";"dialogue";"1.198067e-03"
"11";" 15";" 73.33";"10.171";"professional";"1.426405e-03"
"11";" 15";" 73.33";"10.171";"review";"1.426405e-03"
"18";" 29";" 62.07";"10.102";"issue";"1.481342e-03"
" 7";"  8";" 87.50";"10.013";"slavery";"1.554029e-03"
" 7";"  8";" 87.50";"10.013";"draw";"1.554029e-03"
" 7";"  8";" 87.50";"10.013";"fundamental";"1.554029e-03"
" 5";"  5";"100.00";" 9.523";"crt";"2.029138e-03"
" 5";"  5";"100.00";" 9.523";"publication";"2.029138e-03"
" 5";"  5";"100.00";" 9.523";"perceive";"2.029138e-03"
" 5";"  5";"100.00";" 9.523";"original";"2.029138e-03"
" 8";" 10";" 80.00";" 9.247";"source";"2.359077e-03"
" 9";" 12";" 75.00";" 8.813";"feminist";"2.990941e-03"
"17";" 28";" 60.71";" 8.802";"order";"3.009109e-03"
"10";" 14";" 71.43";" 8.570";"contribution";"3.417567e-03"
"11";" 16";" 68.75";" 8.447";"feminism";"3.657129e-03"
"20";" 35";" 57.14";" 8.287";"state";"3.992148e-03"
" 6";"  7";" 85.71";" 8.168";"anthropological";"4.262962e-03"
" 4";"  4";"100.00";" 7.607";"religion";"5.813397e-03"
" 4";"  4";"100.00";" 7.607";"prejudice";"5.813397e-03"
" 4";"  4";"100.00";" 7.607";"legitimize";"5.813397e-03"
" 4";"  4";"100.00";" 7.607";"dossier";"5.813397e-03"
" 4";"  4";"100.00";" 7.607";"curriculum";"5.813397e-03"
" 4";"  4";"100.00";" 7.607";"list";"5.813397e-03"
" 4";"  4";"100.00";" 7.607";"function";"5.813397e-03"
" 4";"  4";"100.00";" 7.607";"connect";"5.813397e-03"
" 4";"  4";"100.00";" 7.607";"conflict";"5.813397e-03"
" 8";" 11";" 72.73";" 7.185";"african";"7.352674e-03"
" 9";" 13";" 69.23";" 7.026";"address";"8.032986e-03"
" 9";" 13";" 69.23";" 7.026";"effort";"8.032986e-03"
" 5";"  6";" 83.33";" 6.355";"religious";"1.170473e-02"
" 5";"  6";" 83.33";" 6.355";"start";"1.170473e-02"
" 5";"  6";" 83.33";" 6.355";"read";"1.170473e-02"
" 5";"  6";" 83.33";" 6.355";"provide";"1.170473e-02"
" 5";"  6";" 83.33";" 6.355";"nature";"1.170473e-02"
"14";" 24";" 58.33";" 6.194";"text";"1.281629e-02"
" 6";"  8";" 75.00";" 5.841";"decolonial";"1.565903e-02"
" 6";"  8";" 75.00";" 5.841";"reference";"1.565903e-02"
" 6";"  8";" 75.00";" 5.841";"literary";"1.565903e-02"
" 6";"  8";" 75.00";" 5.841";"problem";"1.565903e-02"
" 6";"  8";" 75.00";" 5.841";"write";"1.565903e-02"
" 3";"  3";"100.00";" 5.697";"global";"1.699286e-02"
" 3";"  3";"100.00";" 5.697";"essay";"1.699286e-02"
" 3";"  3";"100.00";" 5.697";"fully";"1.699286e-02"
" 3";"  3";"100.00";" 5.697";"nationality";"1.699286e-02"
" 3";"  3";"100.00";" 5.697";"bibliography";"1.699286e-02"
" 3";"  3";"100.00";" 5.697";"assumption";"1.699286e-02"
" 3";"  3";"100.00";" 5.697";"oral";"1.699286e-02"
" 3";"  3";"100.00";" 5.697";"genocide";"1.699286e-02"
" 3";"  3";"100.00";" 5.697";"fight";"1.699286e-02"
" 3";"  3";"100.00";" 5.697";"expectation";"1.699286e-02"
" 3";"  3";"100.00";" 5.697";"ensure";"1.699286e-02"
" 3";"  3";"100.00";" 5.697";"crisis";"1.699286e-02"
" 3";"  3";"100.00";" 5.697";"atlantic";"1.699286e-02"
" 3";"  3";"100.00";" 5.697";"recently";"1.699286e-02"
" 3";"  3";"100.00";" 5.697";"properly";"1.699286e-02"
" 3";"  3";"100.00";" 5.697";"professor";"1.699286e-02"
" 3";"  3";"100.00";" 5.697";"myth";"1.699286e-02"
" 3";"  3";"100.00";" 5.697";"insight";"1.699286e-02"
" 3";"  3";"100.00";" 5.697";"disseminate";"1.699286e-02"
" 3";"  3";"100.00";" 5.697";"butler";"1.699286e-02"
" 3";"  3";"100.00";" 5.697";"antiracist";"1.699286e-02"
" 3";"  3";"100.00";" 5.697";"album";"1.699286e-02"
"10";" 16";" 62.50";" 5.638";"reflection";"1.757172e-02"
" 9";" 14";" 64.29";" 5.569";"importance";"1.828577e-02"
" 8";" 12";" 66.67";" 5.553";"teach";"1.845183e-02"
" 8";" 12";" 66.67";" 5.553";"argue";"1.845183e-02"
"15";" 27";" 55.56";" 5.458";"production";"1.948004e-02"
"13";" 23";" 56.52";" 5.057";"movement";"2.452411e-02"
" 4";"  5";" 80.00";" 4.590";"map";"3.216742e-02"
" 4";"  5";" 80.00";" 4.590";"turn";"3.216742e-02"
" 4";"  5";" 80.00";" 4.590";"pedagogical";"3.216742e-02"
" 4";"  5";" 80.00";" 4.590";"immigrant";"3.216742e-02"
" 4";"  5";" 80.00";" 4.590";"gain";"3.216742e-02"
" 4";"  5";" 80.00";" 4.590";"express";"3.216742e-02"
" 4";"  5";" 80.00";" 4.590";"agency";"3.216742e-02"
" 4";"  5";" 80.00";" 4.590";"whiteness";"3.216742e-02"
" 4";"  5";" 80.00";" 4.590";"verify";"3.216742e-02"
" 4";"  5";" 80.00";" 4.590";"undertake";"3.216742e-02"
" 4";"  5";" 80.00";" 4.590";"stress";"3.216742e-02"
" 4";"  5";" 80.00";" 4.590";"scope";"3.216742e-02"
" 4";"  5";" 80.00";" 4.590";"implementation";"3.216742e-02"
" 4";"  5";" 80.00";" 4.590";"assume";"3.216742e-02"
" 4";"  5";" 80.00";" 4.590";"adopt";"3.216742e-02"
" 4";"  5";" 80.00";" 4.590";"refer";"3.216742e-02"
" 4";"  5";" 80.00";" 4.590";"exist";"3.216742e-02"
"10";" 17";" 58.82";" 4.523";"history";"3.344201e-02"
" 8";" 13";" 61.54";" 4.252";"country";"3.920579e-02"
" 5";"  7";" 71.43";" 4.241";"participation";"3.946056e-02"
" 5";"  7";" 71.43";" 4.241";"challenge";"3.946056e-02"
" 5";"  7";" 71.43";" 4.241";"tradition";"3.946056e-02"
" 5";"  7";" 71.43";" 4.241";"create";"3.946056e-02"
" 5";"  7";" 71.43";" 4.241";"attention";"3.946056e-02"
" 5";"  7";" 71.43";" 4.241";"lack";"3.946056e-02"
"16";" 31";" 51.61";" 4.156";"focus";"4.148502e-02"
" 6";"  9";" 66.67";" 4.146";"explore";"4.172926e-02"
" 6";"  9";" 66.67";" 4.146";"afro";"4.172926e-02"
" 6";"  9";" 66.67";" 4.146";"line";"4.172926e-02"
" 6";"  9";" 66.67";" 4.146";"international";"4.172926e-02"
" 6";"  9";" 66.67";" 4.146";"significant";"4.172926e-02"
"10";" 18";" 55.56";" 3.590";"worker";"5.813790e-02"
" 7";" 12";" 58.33";" 3.042";"center";"8.112751e-02"
" 3";"  4";" 75.00";" 2.903";"notion";"8.839822e-02"
" 3";"  4";" 75.00";" 2.903";"writer";"8.839822e-02"
" 3";"  4";" 75.00";" 2.903";"ideology";"8.839822e-02"
" 3";"  4";" 75.00";" 2.903";"limit";"8.839822e-02"
" 3";"  4";" 75.00";" 2.903";"agenda";"8.839822e-02"
" 3";"  4";" 75.00";" 2.903";"oppress";"8.839822e-02"
" 3";"  4";" 75.00";" 2.903";"moment";"8.839822e-02"
" 3";"  4";" 75.00";" 2.903";"future";"8.839822e-02"
" 3";"  4";" 75.00";" 2.903";"encourage";"8.839822e-02"
" 3";"  4";" 75.00";" 2.903";"belief";"8.839822e-02"
" 3";"  4";" 75.00";" 2.903";"attribute";"8.839822e-02"
" 3";"  4";" 75.00";" 2.903";"situate";"8.839822e-02"
" 3";"  4";" 75.00";" 2.903";"privilege";"8.839822e-02"
" 3";"  4";" 75.00";" 2.903";"plan";"8.839822e-02"
" 3";"  4";" 75.00";" 2.903";"extent";"8.839822e-02"
" 3";"  4";" 75.00";" 2.903";"conceptualize";"8.839822e-02"
" 6";" 10";" 60.00";" 2.895";"sociological";"8.885347e-02"
" 6";" 10";" 60.00";" 2.895";"situation";"8.885347e-02"
" 6";" 10";" 60.00";" 2.895";"hypothesis";"8.885347e-02"
"45";"108";" 41.67";" 2.833";"racial";"9.234145e-02"
" 5";"  8";" 62.50";" 2.786";"medium";"9.509079e-02"
" 5";"  8";" 62.50";" 2.786";"investigation";"9.509079e-02"
" 5";"  8";" 62.50";" 2.786";"criminal";"9.509079e-02"
" 5";"  8";" 62.50";" 2.786";"topic";"9.509079e-02"
" 4";"  6";" 66.67";" 2.752";"development";"9.713637e-02"
" 4";"  6";" 66.67";" 2.752";"recognition";"9.713637e-02"
" 4";"  6";" 66.67";" 2.752";"implication";"9.713637e-02"
" 4";"  6";" 66.67";" 2.752";"finally";"9.713637e-02"
" 4";"  6";" 66.67";" 2.752";"evidence";"9.713637e-02"
" 4";"  6";" 66.67";" 2.752";"collection";"9.713637e-02"
" 9";" 17";" 52.94";" 2.594";"law";"1.073027e-01"
" 9";" 17";" 52.94";" 2.594";"scientific";"1.073027e-01"
" 8";" 15";" 53.33";" 2.380";"time";"1.228852e-01"
" 7";" 13";" 53.85";" 2.171";"educational";"1.406538e-01"
"10";" 20";" 50.00";" 2.161";"seek";"1.415482e-01"
"10";" 20";" 50.00";" 2.161";"identify";"1.415482e-01"
"*****";"*";"*";"*";"*";"*"
" 18";" 30";" 60.00";"8.949";"been";"0.002776131"
"118";"288";" 40.97";"8.909";"a";"0.002837314"
"159";"408";" 38.97";"8.491";"to";"0.003569677"
"  6";"  7";" 85.71";"8.168";"necessary";"0.004262962"
" 21";" 38";" 55.26";"7.595";"such";"0.005852760"
"  7";"  9";" 77.78";"7.516";"should";"0.006113998"
" 54";"120";" 45.00";"6.958";"it";"0.008346506"
"  3";"  3";"100.00";"5.697";"2004";"0.016992861"
"  3";"  3";"100.00";"5.697";"much";"0.016992861"
" 10";" 16";" 62.50";"5.638";"need";"0.017571723"
" 98";"243";" 40.33";"5.463";"this";"0.019417861"
" 22";" 44";" 50.00";"4.931";"has";"0.026371682"
"  4";"  5";" 80.00";"4.590";"no";"0.032167416"
"  4";"  5";" 80.00";"4.590";"last";"0.032167416"
" 20";" 40";" 50.00";"4.455";"at";"0.034789190"
"  5";"  7";" 71.43";"4.241";"if";"0.039460559"
"  9";" 16";" 56.25";"3.396";"right";"0.065368813"
" 80";"202";" 39.60";"3.173";"on";"0.074845134"
"  7";" 12";" 58.33";"3.042";"against";"0.081127510"
"228";"644";" 35.40";"2.925";"the";"0.087214601"
"  3";"  4";" 75.00";"2.903";"1990";"0.088398216"
"  3";"  4";" 75.00";"2.903";"why";"0.088398216"
" 70";"177";" 39.55";"2.586";"is";"0.107817614"
"  7";" 13";" 53.85";"2.171";"think";"0.140653813"
" 14";" 30";" 46.67";"2.021";"also";"0.155145701"
"*";"*";"*";"*";"*";"*"
" 5";" 5";"100.00";"9.523";"*de_lima_c";"0.002029138"
" 8";"10";" 80.00";"9.247";"*diallo_c";"0.002359077"
" 4";" 4";"100.00";"7.607";"*spengler_f";"0.005813397"
" 4";" 4";"100.00";"7.607";"*lima_f";"0.005813397"
" 4";" 4";"100.00";"7.607";"*cunha_r";"0.005813397"
" 4";" 4";"100.00";"7.607";"*leite_i";"0.005813397"
" 4";" 4";"100.00";"7.607";"*nogueira_m";"0.005813397"
" 4";" 4";"100.00";"7.607";"*da_cruz_d";"0.005813397"
" 4";" 4";"100.00";"7.607";"*dos_santos_m";"0.005813397"
" 4";" 4";"100.00";"7.607";"*pinto_c";"0.005813397"
" 4";" 4";"100.00";"7.607";"*calil_m";"0.005813397"
" 4";" 4";"100.00";"7.607";"*markman_d";"0.005813397"
" 5";" 6";" 83.33";"6.355";"*abreu_m";"0.011704733"
" 6";" 8";" 75.00";"5.841";"*de_araújo_e";"0.015659029"
" 3";" 3";"100.00";"5.697";"*freitas_m";"0.016992861"
" 3";" 3";"100.00";"5.697";"*moreira_s";"0.016992861"
" 3";" 3";"100.00";"5.697";"*partichelli_p";"0.016992861"
" 3";" 3";"100.00";"5.697";"*bazani_a";"0.016992861"
" 3";" 3";"100.00";"5.697";"*mota_a";"0.016992861"
" 3";" 3";"100.00";"5.697";"*lins_i";"0.016992861"
" 3";" 3";"100.00";"5.697";"*hayashi_b";"0.016992861"
" 3";" 3";"100.00";"5.697";"*de_azevedo_weimer_r";"0.016992861"
" 3";" 3";"100.00";"5.697";"*kubota_r";"0.016992861"
" 3";" 3";"100.00";"5.697";"*hibarino_d";"0.016992861"
" 3";" 3";"100.00";"5.697";"*da_silva_j";"0.016992861"
" 3";" 3";"100.00";"5.697";"*de_andrade_i";"0.016992861"
" 3";" 3";"100.00";"5.697";"*popinigis_f";"0.016992861"
" 3";" 3";"100.00";"5.697";"*terra_p";"0.016992861"
" 3";" 3";"100.00";"5.697";"*calvo-gonzález_e";"0.016992861"
" 3";" 3";"100.00";"5.697";"*rocha_v";"0.016992861"
" 4";" 5";" 80.00";"4.590";"*lemos_a";"0.032167416"
" 6";" 9";" 66.67";"4.146";"*campos_l";"0.041729263"
" 2";" 2";"100.00";"3.793";"*déus_f";"0.051481549"
" 2";" 2";"100.00";"3.793";"*dos_anjos_j";"0.051481549"
" 2";" 2";"100.00";"3.793";"*vieira_m";"0.051481549"
" 2";" 2";"100.00";"3.793";"*pedroso_g";"0.051481549"
" 2";" 2";"100.00";"3.793";"*lima_t";"0.051481549"
" 2";" 2";"100.00";"3.793";"*de_oliveira_f";"0.051481549"
" 2";" 2";"100.00";"3.793";"*da_costa_l";"0.051481549"
" 2";" 2";"100.00";"3.793";"*pereira_r";"0.051481549"
" 3";" 4";" 75.00";"2.903";"*vinuto_j";"0.088398216"
" 3";" 4";" 75.00";"2.903";"*rodrigues_g";"0.088398216"
" 3";" 4";" 75.00";"2.903";"*dos_santos_p";"0.088398216"
" 3";" 4";" 75.00";"2.903";"*paulla_m";"0.088398216"
" 3";" 4";" 75.00";"2.903";"*kyrillos_g";"0.088398216"
" 3";" 4";" 75.00";"2.903";"*barbosa_c";"0.088398216"
" 3";" 4";" 75.00";"2.903";"*de_emílio_circunde_vieira_andrade_d";"0.088398216"
" 3";" 4";" 75.00";"2.903";"*teodoro_m";"0.088398216"
" 3";" 4";" 75.00";"2.903";"*harris_a";"0.088398216"
" 3";" 4";" 75.00";"2.903";"*de_camilla_de_magalhães_gomes_t";"0.088398216"
" 3";" 4";" 75.00";"2.903";"*conceição_í";"0.088398216"
" 4";" 6";" 66.67";"2.752";"*ferreira_l";"0.097136369"
" 4";" 6";" 66.67";"2.752";"*galvão_a";"0.097136369"
" 4";" 6";" 66.67";"2.752";"*germani_a";"0.097136369"
" 4";" 6";" 66.67";"2.752";"*de_andrade_m";"0.097136369"
" 4";" 6";" 66.67";"2.752";"*de_castro_pinto_e";"0.097136369"
" 4";" 6";" 66.67";"2.752";"*de_carvalho_m";"0.097136369"
" 4";" 6";" 66.67";"2.752";"*1999";"0.097136369"
"29";"67";" 43.28";"2.478";"*2022";"0.115468598"
"**";"classe";"3";"**";"";""
"****";"253";"688";"36.77";"****";""
" 75";"111";" 67.57";"53.981";"gender";"2.024021e-13"
" 22";" 24";" 91.67";"32.228";"cultural";"1.370704e-08"
" 43";" 62";" 69.35";"31.111";"class";"2.436570e-08"
"100";"189";" 52.91";"29.184";"race";"6.580531e-08"
" 21";" 25";" 84.00";"24.886";"identity";"6.081723e-07"
" 21";" 25";" 84.00";"24.886";"discourse";"6.081723e-07"
" 17";" 19";" 89.47";"23.341";"subject";"1.357077e-06"
" 60";"107";" 56.07";"20.302";"social";"6.612018e-06"
" 37";" 59";" 62.71";"18.675";"relation";"1.550377e-05"
" 17";" 21";" 80.95";"18.184";"project";"2.005840e-05"
" 24";" 34";" 70.59";"17.590";"field";"2.739723e-05"
" 12";" 13";" 92.31";"17.576";"narrative";"2.760515e-05"
" 16";" 20";" 80.00";"16.554";"category";"4.727353e-05"
" 38";" 63";" 60.32";"16.534";"analysis";"4.777956e-05"
" 13";" 15";" 86.67";"16.418";"body";"5.080269e-05"
" 13";" 15";" 86.67";"16.418";"formation";"5.080269e-05"
"  9";"  9";"100.00";"15.679";"image";"7.503632e-05"
"  9";"  9";"100.00";"15.679";"racialized";"7.503632e-05"
" 15";" 19";" 78.95";"14.948";"representation";"1.105316e-04"
" 66";"129";" 51.16";"14.139";"article";"1.697627e-04"
"  8";"  8";"100.00";"13.917";"articulate";"1.910866e-04"
"  9";" 10";" 90.00";"12.365";"view";"4.375141e-04"
"  9";" 10";" 90.00";"12.365";"sexuality";"4.375141e-04"
" 18";" 26";" 69.23";"12.243";"experience";"4.669113e-04"
" 13";" 17";" 76.47";"11.814";"culture";"5.878045e-04"
" 16";" 23";" 69.57";"11.005";"critical";"9.085839e-04"
"  6";"  6";"100.00";"10.407";"nation";"1.255410e-03"
"  6";"  6";"100.00";"10.407";"argument";"1.255410e-03"
"  6";"  6";"100.00";"10.407";"favela";"1.255410e-03"
"  6";"  6";"100.00";"10.407";"event";"1.255410e-03"
"  6";"  6";"100.00";"10.407";"labour";"1.255410e-03"
"  6";"  6";"100.00";"10.407";"continuity";"1.255410e-03"
"  6";"  6";"100.00";"10.407";"constitution";"1.255410e-03"
" 13";" 18";" 72.22";" 9.990";"reflect";"1.574026e-03"
"  9";" 11";" 81.82";" 9.756";"central";"1.787831e-03"
"  9";" 11";" 81.82";" 9.756";"racist";"1.787831e-03"
" 18";" 28";" 64.29";" 9.502";"historical";"2.052152e-03"
" 10";" 13";" 76.92";" 9.187";"element";"2.437721e-03"
"  7";"  8";" 87.50";" 8.958";"figure";"2.762586e-03"
"  5";"  5";"100.00";" 8.660";"racialization";"3.253119e-03"
"  5";"  5";"100.00";" 8.660";"participate";"3.253119e-03"
"  5";"  5";"100.00";" 8.660";"modernity";"3.253119e-03"
"  5";"  5";"100.00";" 8.660";"brasil";"3.253119e-03"
"  5";"  5";"100.00";" 8.660";"migratory";"3.253119e-03"
"  5";"  5";"100.00";" 8.660";"subjectivity";"3.253119e-03"
"  5";"  5";"100.00";" 8.660";"diversity";"3.253119e-03"
"  5";"  5";"100.00";" 8.660";"artistic";"3.253119e-03"
" 12";" 17";" 70.59";" 8.572";"part";"3.413052e-03"
" 27";" 48";" 56.25";" 8.419";"understand";"3.713635e-03"
" 14";" 21";" 66.67";" 8.325";"form";"3.909666e-03"
"  8";" 10";" 80.00";" 8.155";"interpretation";"4.293952e-03"
"  8";" 10";" 80.00";" 8.155";"past";"4.293952e-03"
"  8";" 10";" 80.00";" 8.155";"intersection";"4.293952e-03"
"  8";" 10";" 80.00";" 8.155";"book";"4.293952e-03"
"  6";"  7";" 85.71";" 7.285";"eugenics";"6.951772e-03"
"  6";"  7";" 85.71";" 7.285";"content";"6.951772e-03"
" 42";" 84";" 50.00";" 7.200";"brazilian";"7.292291e-03"
" 15";" 24";" 62.50";" 7.079";"science";"7.799505e-03"
"  4";"  4";"100.00";" 6.918";"magazine";"8.534718e-03"
"  4";"  4";"100.00";" 6.918";"sociability";"8.534718e-03"
"  4";"  4";"100.00";" 6.918";"home";"8.534718e-03"
"  4";"  4";"100.00";" 6.918";"selection";"8.534718e-03"
"  4";"  4";"100.00";" 6.918";"kinship";"8.534718e-03"
"  4";"  4";"100.00";" 6.918";"food";"8.534718e-03"
"  4";"  4";"100.00";" 6.918";"technology";"8.534718e-03"
"  4";"  4";"100.00";" 6.918";"hide";"8.534718e-03"
"  4";"  4";"100.00";" 6.918";"cuban";"8.534718e-03"
"  4";"  4";"100.00";" 6.918";"criolo";"8.534718e-03"
"  4";"  4";"100.00";" 6.918";"capitalist";"8.534718e-03"
"  4";"  4";"100.00";" 6.918";"abaetê";"8.534718e-03"
" 19";" 33";" 57.58";" 6.451";"point";"1.108600e-02"
" 15";" 25";" 60.00";" 6.019";"society";"1.414885e-02"
"  9";" 13";" 69.23";" 6.004";"life";"1.427517e-02"
"  9";" 13";" 69.23";" 6.004";"demonstrate";"1.427517e-02"
" 14";" 23";" 60.87";" 5.942";"construction";"1.478077e-02"
" 38";" 77";" 49.35";" 5.899";"analyze";"1.514855e-02"
" 10";" 15";" 66.67";" 5.894";"establish";"1.519577e-02"
" 13";" 21";" 61.90";" 5.884";"aspect";"1.527750e-02"
" 11";" 17";" 64.71";" 5.849";"power";"1.558306e-02"
" 20";" 36";" 55.56";" 5.764";"political";"1.635977e-02"
"  5";"  6";" 83.33";" 5.644";"represent";"1.752003e-02"
"  5";"  6";" 83.33";" 5.644";"modern";"1.752003e-02"
"  5";"  6";" 83.33";" 5.644";"light";"1.752003e-02"
" 43";" 90";" 47.78";" 5.393";"brazil";"2.021642e-02"
"  3";"  3";"100.00";" 5.181";"post";"2.283921e-02"
"  3";"  3";"100.00";" 5.181";"marielle";"2.283921e-02"
"  3";"  3";"100.00";" 5.181";"fashion";"2.283921e-02"
"  3";"  3";"100.00";" 5.181";"desire";"2.283921e-02"
"  3";"  3";"100.00";" 5.181";"advance";"2.283921e-02"
"  3";"  3";"100.00";" 5.181";"proposition";"2.283921e-02"
"  3";"  3";"100.00";" 5.181";"precariousness";"2.283921e-02"
"  3";"  3";"100.00";" 5.181";"periodical";"2.283921e-02"
"  3";"  3";"100.00";" 5.181";"path";"2.283921e-02"
"  3";"  3";"100.00";" 5.181";"elaboration";"2.283921e-02"
"  3";"  3";"100.00";" 5.181";"elaborate";"2.283921e-02"
"  3";"  3";"100.00";" 5.181";"comment";"2.283921e-02"
"  3";"  3";"100.00";" 5.181";"centrality";"2.283921e-02"
"  3";"  3";"100.00";" 5.181";"audiovisual";"2.283921e-02"
"  3";"  3";"100.00";" 5.181";"agent";"2.283921e-02"
"  3";"  3";"100.00";" 5.181";"traditional";"2.283921e-02"
"  3";"  3";"100.00";" 5.181";"symbolic";"2.283921e-02"
"  3";"  3";"100.00";" 5.181";"stereotype";"2.283921e-02"
"  3";"  3";"100.00";" 5.181";"scientist";"2.283921e-02"
"  3";"  3";"100.00";" 5.181";"raca";"2.283921e-02"
"  3";"  3";"100.00";" 5.181";"paradigm";"2.283921e-02"
"  3";"  3";"100.00";" 5.181";"overview";"2.283921e-02"
"  3";"  3";"100.00";" 5.181";"operate";"2.283921e-02"
"  3";"  3";"100.00";" 5.181";"historian";"2.283921e-02"
"  3";"  3";"100.00";" 5.181";"erasure";"2.283921e-02"
"  3";"  3";"100.00";" 5.181";"economics";"2.283921e-02"
"  3";"  3";"100.00";" 5.181";"discursive";"2.283921e-02"
"  3";"  3";"100.00";" 5.181";"device";"2.283921e-02"
"  3";"  3";"100.00";" 5.181";"conservative";"2.283921e-02"
"  6";"  8";" 75.00";" 5.087";"mobilize";"2.410431e-02"
"  6";"  8";" 75.00";" 5.087";"anti";"2.410431e-02"
" 14";" 24";" 58.33";" 4.972";"produce";"2.576626e-02"
" 14";" 24";" 58.33";" 4.972";"propose";"2.576626e-02"
" 30";" 60";" 50.00";" 4.946";"present";"2.615129e-02"
"  7";" 10";" 70.00";" 4.818";"meaning";"2.815773e-02"
" 40";" 85";" 47.06";" 4.413";"woman";"3.567037e-02"
" 19";" 36";" 52.78";" 4.185";"process";"4.078312e-02"
" 19";" 36";" 52.78";" 4.185";"relate";"4.078312e-02"
"  4";"  5";" 80.00";" 4.048";"territory";"4.423119e-02"
"  4";"  5";" 80.00";" 4.048";"organize";"4.423119e-02"
"  4";"  5";" 80.00";" 4.048";"key";"4.423119e-02"
"  4";"  5";" 80.00";" 4.048";"intersect";"4.423119e-02"
"  4";"  5";" 80.00";" 4.048";"respect";"4.423119e-02"
"  5";"  7";" 71.43";" 3.653";"colonial";"5.596930e-02"
"  5";"  7";" 71.43";" 3.653";"sociology";"5.596930e-02"
"  5";"  7";" 71.43";" 3.653";"involve";"5.596930e-02"
"  5";"  7";" 71.43";" 3.653";"articulation";"5.596930e-02"
"  6";"  9";" 66.67";" 3.505";"market";"6.118647e-02"
"  6";"  9";" 66.67";" 3.505";"object";"6.118647e-02"
"  6";"  9";" 66.67";" 3.505";"face";"6.118647e-02"
"  8";" 13";" 61.54";" 3.495";"idea";"6.154489e-02"
"  8";" 13";" 61.54";" 3.495";"trajectory";"6.154489e-02"
"  7";" 11";" 63.64";" 3.470";"intend";"6.250864e-02"
"  8";" 14";" 57.14";" 2.550";"examine";"1.102744e-01"
"  3";"  4";" 75.00";" 2.529";"historically";"1.117936e-01"
"  3";"  4";" 75.00";" 2.529";"coloniality";"1.117936e-01"
"  3";"  4";" 75.00";" 2.529";"criticism";"1.117936e-01"
"  3";"  4";" 75.00";" 2.529";"1960s";"1.117936e-01"
"  3";"  4";" 75.00";" 2.529";"large";"1.117936e-01"
"  3";"  4";" 75.00";" 2.529";"conceptual";"1.117936e-01"
"  3";"  4";" 75.00";" 2.529";"transvestite";"1.117936e-01"
"  3";"  4";" 75.00";" 2.529";"today";"1.117936e-01"
"  3";"  4";" 75.00";" 2.529";"sphere";"1.117936e-01"
"  3";"  4";" 75.00";" 2.529";"speak";"1.117936e-01"
"  3";"  4";" 75.00";" 2.529";"select";"1.117936e-01"
"  3";"  4";" 75.00";" 2.529";"modernization";"1.117936e-01"
"  3";"  4";" 75.00";" 2.529";"matrix";"1.117936e-01"
"  3";"  4";" 75.00";" 2.529";"insert";"1.117936e-01"
"  3";"  4";" 75.00";" 2.529";"imaginary";"1.117936e-01"
"  3";"  4";" 75.00";" 2.529";"foundation";"1.117936e-01"
"  3";"  4";" 75.00";" 2.529";"domestic";"1.117936e-01"
"  3";"  4";" 75.00";" 2.529";"alternative";"1.117936e-01"
"  7";" 12";" 58.33";" 2.442";"activity";"1.181488e-01"
" 12";" 23";" 52.17";" 2.427";"discussion";"1.192310e-01"
" 15";" 30";" 50.00";" 2.360";"relationship";"1.244628e-01"
"  6";" 10";" 60.00";" 2.355";"dimension";"1.249203e-01"
"  6";" 10";" 60.00";" 2.355";"describe";"1.249203e-01"
"  4";"  6";" 66.67";" 2.326";"memory";"1.272006e-01"
"  4";"  6";" 66.67";" 2.326";"equality";"1.272006e-01"
"  4";"  6";" 66.67";" 2.326";"constitute";"1.272006e-01"
"  4";"  6";" 66.67";" 2.326";"character";"1.272006e-01"
"  4";"  6";" 66.67";" 2.326";"offer";"1.272006e-01"
"  4";"  6";" 66.67";" 2.326";"analytical";"1.272006e-01"
"  4";"  6";" 66.67";" 2.326";"statistic";"1.272006e-01"
"  4";"  6";" 66.67";" 2.326";"epistemological";"1.272006e-01"
"  5";"  8";" 62.50";" 2.304";"intellectual";"1.290308e-01"
"  5";"  8";" 62.50";" 2.304";"position";"1.290308e-01"
"  5";"  8";" 62.50";" 2.304";"reproduction";"1.290308e-01"
"  5";"  8";" 62.50";" 2.304";"possibility";"1.290308e-01"
"  5";"  8";" 62.50";" 2.304";"decision";"1.290308e-01"
"  5";"  8";" 62.50";" 2.304";"composition";"1.290308e-01"
" 11";" 21";" 52.38";" 2.269";"highlight";"1.319440e-01"
" 16";" 33";" 48.48";" 2.045";"context";"1.527227e-01"
"*****";"*";"*";"*";"*";"*"
" 25";" 42";" 59.52";"9.958";"s";"0.001601836"
"228";"582";" 39.18";"9.374";"of";"0.002200992"
" 32";" 58";" 55.17";"9.222";"how";"0.002390860"
" 31";" 57";" 54.39";"8.292";"about";"0.003982259"
"  8";" 10";" 80.00";"8.155";"therefore";"0.004293952"
" 23";" 40";" 57.50";"7.847";"way";"0.005090560"
" 12";" 18";" 66.67";"7.104";"new";"0.007691126"
"  4";"  4";"100.00";"6.918";"2022";"0.008534718"
"  7";"  9";" 77.78";"6.595";"allow";"0.010228564"
" 50";"105";" 47.62";"6.269";"between";"0.012286793"
"  9";" 13";" 69.23";"6.004";"first";"0.014275168"
" 10";" 15";" 66.67";"5.894";"his";"0.015195769"
" 19";" 34";" 55.88";"5.617";"i";"0.017782789"
" 27";" 53";" 50.94";"4.959";"its";"0.025953177"
" 13";" 22";" 59.09";"4.869";"consider";"0.027350223"
" 93";"220";" 42.27";"4.207";"that";"0.040257071"
" 40";" 87";" 45.98";"3.629";"which";"0.056797030"
"  9";" 15";" 60.00";"3.558";"regarding";"0.059258378"
"  6";"  9";" 66.67";"3.505";"second";"0.061186472"
"  7";" 11";" 63.64";"3.470";"even";"0.062508642"
"219";"572";" 38.29";"3.342";"and";"0.067523769"
"184";"472";" 38.98";"3.158";"in";"0.075577357"
" 15";" 29";" 51.72";"2.911";"make";"0.087992100"
" 28";" 60";" 46.67";"2.767";"their";"0.096214834"
" 99";"243";" 40.74";"2.544";"this";"0.110748787"
"  3";"  4";" 75.00";"2.529";"my";"0.111793630"
"  3";"  4";" 75.00";"2.529";"seen";"0.111793630"
"  7";" 12";" 58.33";"2.442";"us";"0.118148790"
" 17";" 35";" 48.57";"2.208";"two";"0.137323343"
"*";"*";"*";"*";"*";"*"
"15";"20";" 75.00";"12.946";"*2014";"0.0003205645"
" 6";" 6";"100.00";"10.407";"*silva_d";"0.0012554098"
" 6";" 7";" 85.71";" 7.285";"*costa_t";"0.0069517723"
" 4";" 4";"100.00";" 6.918";"*malfrán_y";"0.0085347179"
" 4";" 4";"100.00";" 6.918";"*boscatti_a";"0.0085347179"
" 4";" 4";"100.00";" 6.918";"*navarro_p";"0.0085347179"
" 4";" 4";"100.00";" 6.918";"*arañó_y";"0.0085347179"
" 4";" 4";"100.00";" 6.918";"*dziuba_a";"0.0085347179"
" 4";" 4";"100.00";" 6.918";"*nascimento_d";"0.0085347179"
" 4";" 4";"100.00";" 6.918";"*de_souza_v";"0.0085347179"
" 4";" 4";"100.00";" 6.918";"*da_silva_n";"0.0085347179"
"33";"65";" 50.77";" 6.048";"*2023";"0.0139247615"
" 9";"13";" 69.23";" 6.004";"*2016";"0.0142751677"
" 5";" 6";" 83.33";" 5.644";"*lópez_l";"0.0175200328"
" 5";" 6";" 83.33";" 5.644";"*2011";"0.0175200328"
" 3";" 3";"100.00";" 5.181";"*vitorino_a";"0.0228392129"
" 3";" 3";"100.00";" 5.181";"*montanari_p";"0.0228392129"
" 3";" 3";"100.00";" 5.181";"*carlos_j";"0.0228392129"
" 3";" 3";"100.00";" 5.181";"*de_oliveira_d";"0.0228392129"
" 3";" 3";"100.00";" 5.181";"*massarani_l";"0.0228392129"
" 3";" 3";"100.00";" 5.181";"*waltz_i";"0.0228392129"
" 3";" 3";"100.00";" 5.181";"*leal_t";"0.0228392129"
" 3";" 3";"100.00";" 5.181";"*medeiros_a";"0.0228392129"
" 3";" 3";"100.00";" 5.181";"*de_carvalho_figueiredo_d";"0.0228392129"
" 3";" 3";"100.00";" 5.181";"*lopes_j";"0.0228392129"
" 3";" 3";"100.00";" 5.181";"*uessler_l";"0.0228392129"
" 3";" 3";"100.00";" 5.181";"*pereira_l";"0.0228392129"
" 3";" 3";"100.00";" 5.181";"*braga_l";"0.0228392129"
" 3";" 3";"100.00";" 5.181";"*magalhães_m";"0.0228392129"
" 3";" 3";"100.00";" 5.181";"*schemes_c";"0.0228392129"
" 3";" 3";"100.00";" 5.181";"*noleto_r";"0.0228392129"
" 3";" 3";"100.00";" 5.181";"*rezende_c";"0.0228392129"
" 3";" 3";"100.00";" 5.181";"*simões_j";"0.0228392129"
" 3";" 3";"100.00";" 5.181";"*frança_i";"0.0228392129"
" 3";" 3";"100.00";" 5.181";"*macedo_m";"0.0228392129"
" 4";" 5";" 80.00";" 4.048";"*colombini_i";"0.0442311857"
" 4";" 5";" 80.00";" 4.048";"*assis_g";"0.0442311857"
" 4";" 5";" 80.00";" 4.048";"*siqueira_s";"0.0442311857"
" 4";" 5";" 80.00";" 4.048";"*tavolaro_l";"0.0442311857"
" 5";" 7";" 71.43";" 3.653";"*trapp_r";"0.0559693000"
" 7";"11";" 63.64";" 3.470";"*de_oliveira_s";"0.0625086416"
" 2";" 2";"100.00";" 3.449";"*mariz_s";"0.0632992171"
" 2";" 2";"100.00";" 3.449";"*vasconcelos_f";"0.0632992171"
" 2";" 2";"100.00";" 3.449";"*zullo_g";"0.0632992171"
" 2";" 2";"100.00";" 3.449";"*almeida_p";"0.0632992171"
" 2";" 2";"100.00";" 3.449";"*conte_g_p";"0.0632992171"
" 2";" 2";"100.00";" 3.449";"*pizzinato_a";"0.0632992171"
" 2";" 2";"100.00";" 3.449";"*pierobon_c";"0.0632992171"
" 2";" 2";"100.00";" 3.449";"*fernandes_c";"0.0632992171"
" 2";" 2";"100.00";" 3.449";"*afonso_m";"0.0632992171"
" 2";" 2";"100.00";" 3.449";"*balaban_m";"0.0632992171"
" 2";" 2";"100.00";" 3.449";"*lopes_p";"0.0632992171"
" 2";" 2";"100.00";" 3.449";"*higa_l";"0.0632992171"
" 2";" 2";"100.00";" 3.449";"*barbosa-fohrmann_a";"0.0632992171"
" 2";" 2";"100.00";" 3.449";"*ferreira_c";"0.0632992171"
" 2";" 2";"100.00";" 3.449";"*castro_f";"0.0632992171"
" 2";" 2";"100.00";" 3.449";"*schneider_a";"0.0632992171"
" 2";" 2";"100.00";" 3.449";"*de_assis_m";"0.0632992171"
" 2";" 2";"100.00";" 3.449";"*marques_d";"0.0632992171"
" 2";" 2";"100.00";" 3.449";"*roble_o";"0.0632992171"
" 2";" 2";"100.00";" 3.449";"*saraiva_m";"0.0632992171"
" 2";" 2";"100.00";" 3.449";"*lapera_p";"0.0632992171"
" 3";" 4";" 75.00";" 2.529";"*santos_d";"0.1117936297"
" 3";" 4";" 75.00";" 2.529";"*gonçalves_s";"0.1117936297"
" 3";" 4";" 75.00";" 2.529";"*da_s_s";"0.1117936297"
" 3";" 4";" 75.00";" 2.529";"*pinheiro_a";"0.1117936297"
" 3";" 4";" 75.00";" 2.529";"*oliveira_d";"0.1117936297"
" 3";" 4";" 75.00";" 2.529";"*ferreira_m";"0.1117936297"
" 3";" 4";" 75.00";" 2.529";"*eiterer_c";"0.1117936297"
" 3";" 4";" 75.00";" 2.529";"*de_miranda_s";"0.1117936297"
" 6";"10";" 60.00";" 2.355";"*gomes_n";"0.1249202735"
" 5";" 8";" 62.50";" 2.304";"*gato_m";"0.1290308220"
