"";"classe 1";"classe 2";"classe 3"
"black";1;0,633;0,968
"race";0,266;1;0
"article";1;0,939;0
"social";1;1;0
"racial";1;0,092;1
"study";1;0,519;1
"gender";1;1;0
"brazil";1;1;0,02
"woman";1;1;0,036
"brazilian";1;0,471;0,007
"analyze";0,185;1;0,015
"research";1;0;1
"aim";1;0,001;1
"present";1;0,945;0,026
"relation";1;1;0
"analysis";1;1;0
"work";1;0;1
"class";1;1;0
"education";0,041;0,34;1
"base";1;0,189;0,932
"understand";1;0,167;0,004
"result";0;1;1
"health";1;0;1
"de";0,118;1;1
"inequality";0;1;1
"white";0;1;1
"school";0;1;1
"discuss";1;0;1
"color";0;1;1
"racism";1;0;1
"public";1;0,285;1
"population";0,061;0,196;1
"policy";1;0,301;0,951
"political";1;0,844;0,016
"relationship";0,32;1;0,124
"practice";1;0,408;0,856
"person";0,002;1;1
"high";0;1;1
"process";1;1;0,041
"group";0,1;1;1
"student";0;1;1
"context";1;1;0,153
"state";1;0,004;1
"debate";1;0;0,963
"data";0;1;1
"point";1;1;0,011
"objective";0,159;1;1
"action";1;0;1
"experience";1;1;0
"relate";1;1;0,041
"field";1;1;0
"concept";1;0,642;0,498
"focus";1;0,041;0,542
"society";1;1;0,014
"order";1;0,003;1
"identity";1;1;0
"cultural";1;1;0
"issue";1;0,001;0,895
"movement";1;0,025;0,498
"discourse";1;1;0
"violence";1;0;1
"theoretical";1;0;1
"historical";1;1;0,002
"year";0;1;1
"show";0,397;1;0,495
"national";0,582;1;0,663
"construction";1;0,642;0,015
"century";1;0,445;0,547
"science";1;1;0,008
"paper";0,188;1;1
"form";1;1;0,004
"production";1;0,019;0,399
"produce";1;1;0,026
"paulo";0,004;1;1
"seek";1;0,142;0,213
"role";1;0,001;1
"propose";1;1;0,026
"main";1;0,202;0,557
"city";0,118;1;0,422
"approach";1;0;1
"african";1;0,007;1
"access";0,011;1;1
"rio";0,001;1;1
"method";0;1;1
"low";0;1;1
"ethnic";1;0,202;1
"difference";0,704;1;0,733
"critical";1;1;0,001
"contribute";1;0,001;1
"university";1;0,717;0,382
"são";0;1;1
"perspective";1;0,202;0,295
"identify";1;0,142;1
"history";1;0,033;1
"discussion";1;0,642;0,119
"category";1;1;0
"theory";1;0;1
"text";1;0,013;0,613
"reflect";1;1;0,002
"knowledge";1;0,606;0,761
"investigate";0,422;1;0,995
"highlight";1;0,419;0,132
"develop";1;0;1
"aspect";1;1;0,015
"worker";1;0,058;1
"time";1;0,123;1
"subject";1;1;0
"representation";1;1;0
"project";1;1;0
"literature";1;0;1
"include";0,628;1;0,898
"idea";1;0,767;0,062
"effect";0,002;1;1
"body";1;1;0
"question";1;0,276;1
"part";1;1;0,003
"author";1;0,373;0,238
"area";0,737;1;0,191
"age";0;1;1
"theme";1;0,235;0,625
"language";1;0,231;0,881
"family";0,055;1;1
"examine";1;0,929;0,11
"dialogue";1;0,001;1
"case";0,003;1;1
"slavery";1;0,002;1
"skin";0;1;1
"marker";1;1;0,238
"man";0,005;1;1
"life";1;1;0,014
"income";0;1;1
"culture";1;1;0,001
"condition";0,133;1;0,238
"aid";0;1;1
"term";0,863;0,767;1
"reflection";1;0,018;0,951
"profile";0,002;1;1
"power";1;1;0,016
"performance";0,234;0,929;1
"observe";0,005;1;1
"level";0;1;1
"law";1;0,107;1
"janeiro";0,003;1;1
"feminism";1;0,004;1
"federal";0,008;0,767;1
"factor";0,001;1;1
"conduct";0,01;1;1
"conclude";1;0,436;0,558
"system";0,538;0,274;1
"scientific";1;0,107;0,703
"reveal";1;1;0,238
"promote";1;0,436;0,267
"narrative";1;1;0
"live";0;1;1
"interview";1;0,436;1
"individual";0;1;1
"impact";0,325;1;1
"economic";0,011;1;1
"due";1;0,436;0,951
"discrimination";0,089;0,274;1
"disability";0,008;1;0,899
"young";0;1;1
"struggle";1;0,376;0,197
"strategy";0,429;0,376;1
"professional";1;0,001;1
"period";1;1;0,633
"intellectual";1;1;0,129
"great";0,118;1;0,793
"feminist";1;0,003;1
"establish";1;1;0,015
"end";1;0,532;1
"classification";0,022;1;1
"academic";1;0;1
"survey";0;1;1
"structure";1;0,436;0,951
"report";0,013;0,436;1
"labor";0,568;1;0,547
"formation";1;1;0
"find";0;1;1
"explore";1;0,042;1
"child";0,179;0,862;1
"care";1;0,221;1
"world";1;0,516;1
"trajectory";1;1;0,062
"suggest";0,863;1;0,899
"set";1;0,001;1
"segregation";0,01;1;1
"physical";0,099;1;0,723
"newspaper";1;0,516;0,582
"importance";1;0,018;1
"hand";0,234;0,929;1
"female";0,001;1;1
"eugenics";1;1;0,007
"element";1;1;0,002
"demonstrate";1;1;0,014
"contribution";1;0,003;1
"association";0,032;1;1
"afro";1;0,042;1
"address";1;0,008;1
"view";1;1;0
"source";1;0,002;1
"socioeconomic";0;1;1
"rural";1;0,532;1
"review";1;0,001;1
"information";0;1;1
"increase";0;1;1
"image";1;1;0
"hiv";0;1;1
"effort";1;0,008;1
"central";1;1;0,002
"analyse";0,099;1;0,723
"american";1;0,001;1
"variable";0,003;1;1
"teach";1;0,018;1
"specific";1;0,376;0,197
"space";1;0,603;0,338
"region";0,213;0,161;1
"qualitative";0,314;0,603;1
"post";1;1;0,023
"portuguese";0,577;1;0,966
"notion";1;0,088;1
"model";0,074;1;0,3
"male";0;1;1
"interpretation";1;1;0,004
"intend";1;1;0,063
"influence";0,132;1;1
"important";0,923;1;0,382
"country";1;0,039;0,899
"conclusion";0;1;1
"compare";0;1;1
"colonial";1;1;0,056
"carry";0,213;0,901;1
"call";1;1;0,338
"bring";1;0;1
"activity";0,716;1;0,118
"urban";0,403;1;0,261
"teacher";1;0;1
"status";0,042;1;0,899
"racist";1;1;0,002
"publish";1;1;0,261
"perception";0,568;1;0,547
"meaning";1;1;0,028
"link";1;0,603;1
"intersectionality";1;0,302;0,382
"hierarchy";1;0,183;1
"educational";0,863;0,141;1
"dimension";0,423;1;0,125
"construct";1;0,426;0,5
"change";0,055;1;1
"brown";0,001;1;1
"addition";1;0,001;1
"95percci";0;1;1
"structural";1;0,717;0,831
"service";0,423;1;1
"racialized";1;1;0
"position";1;1;0,129
"past";1;1;0,004
"methodology";1;0,001;1
"material";1;1;0,218
"market";0,754;1;0,061
"mark";1;0,644;0,261
"intersection";1;1;0,004
"framework";1;0,001;1
"describe";1;1;0,125
"decolonial";1;0,016;1
"deal";1;1;0,218
"contemporary";1;0,161;1
"conception";1;0,183;1
"common";0,213;0,445;1
"center";1;0,081;0,723
"census";0,027;1;1
"book";1;1;0,004
"argue";1;0,018;1
"affirmative";1;0,001;1
"adolescent";0;1;1
"train";1;0;1
"speech";1;1;0,282
"sexuality";1;1;0
"sex";0,055;1;0,547
"sense";1;0,001;1
"risk";0;1;1
"reference";1;0,016;1
"play";1;0,207;1
"place";1;1;0,5
"organization";1;0,183;0,631
"object";1;1;0,061
"mobilize";1;1;0,024
"methodological";1;0;1
"medical";1;0,516;1
"human";1;1;0,218
"development";0,798;0,097;1
"characteristic";0,011;1;1
"build";1;1;0,239
"apply";0,055;0,901;1
"anti";1;1;0,024
"wage";0,004;1;1
"transformation";1;1;0,261
"tax";0,011;1;1
"sport";0,001;1;1
"specifically";1;0,183;0,631
"sociological";1;0,089;0,831
"situation";0,923;0,089;1
"racialization";1;1;0,003
"questionnaire";0,004;1;1
"pattern";0,001;1;1
"participation";1;0,039;1
"mental";0;1;1
"memory";1;1;0,127
"magazine";1;1;0,009
"long";0,577;0,862;1
"local";0,798;1;1
"literary";1;0,016;1
"line";1;0,042;1
"legal";1;0;1
"international";1;0,042;1
"institution";0,291;1;1
"informal";0,072;1;1
"hypothesis";1;0,089;0,831
"global";1;0,017;1
"football";0,343;1;0,582
"figure";1;1;0,003
"ethnicity";0,577;0,862;1
"demographic";0,423;1;0,382
"current";1;0,357;0,435
"community";0,403;1;1
"challenge";1;0,039;1
"type";0,179;1;0,435
"support";0,144;1;1
"story";1;0,231;0,881
"socio";0,012;1;1
"silence";1;0,426;0,5
"significant";0,754;0,042;1
"reproduction";1;0,862;0,129
"represent";1;1;0,018
"remain";0,291;1;1
"religious";1;0,012;1
"purpose";1;1;0,239
"proposal";1;0,532;1
"problem";1;0,016;1
"possibility";1;0,862;0,129
"patient";0,003;1;1
"open";1;0,532;1
"occur";0;1;1
"network";0,857;1;1
"nation";1;1;0,001
"medium";1;0,095;0,966
"measure";0,072;1;1
"map";1;0,032;1
"journal";1;1;0,582
"investigation";1;0,095;1
"intersectional";1;0,532;0,239
"general";1;0,357;0,966
"face";1;1;0,061
"explain";1;0,357;1
"empirical";1;0,532;1
"draw";1;0,002;1
"decision";1;1;0,129
"database";0,012;1;1
"daily";1;0,242;1
"criminal";0,577;0,095;1
"cohort";0;1;1
"chance";0;1;1
"brazilians";1;0,644;0,737
"articulate";1;1;0
"argument";1;1;0,001
"affect";0,033;1;0,966
"1930s";1;0,516;0,582
"writer";1;0,088;1
"write";1;0,016;1
"vulnerability";0,004;1;1
"unite";1;0,426;0,5
"tradition";1;0,039;1
"topic";1;0,095;0,966
"territory";1;1;0,044
"start";1;0,012;1
"south";0,857;1;1
"sociology";1;1;0,056
"sexual";0,001;1;1
"regression";0;1;1
"read";1;0,012;1
"private";0,179;1;1
"poverty";0,343;1;0,582
"phenomenon";0,577;0,862;1
"participate";1;1;0,003
"participant";0,343;1;1
"origin";0,245;1;0,5
"occupation";0,403;1;0,737
"modernity";1;1;0,003
"modern";1;1;0,018
"light";1;1;0,018
"lead";1;0,426;0,5
"involve";1;1;0,056
"institutional";0,577;0,357;1
"ideology";1;0,088;1
"fundamental";1;0,002;1
"favela";1;1;0,001
"exclusion";1;0,644;1
"event";1;1;0,001
"essay";1;0,017;1
"equity";0,012;1;1
"equality";1;1;0,127
"enable";1;0,207;1
"employ";0,179;1;1
"domination";1;0,516;0,582
"district";0;1;1
"disparity";0,179;1;1
"descendant";1;0,242;1
"decade";1;1;0,737
"create";1;0,039;1
"content";1;1;0,007
"constitute";1;1;0,127
"composition";0,577;1;0,129
"collect";0,577;0,357;1
"character";1;1;0,127
"bully";0;1;1
"average";0;1;1
"attention";1;0,039;1
"articulation";1;1;0,056
"victim";0,119;0,799;1
"user";0,573;0,799;1
"turn";1;0,032;1
"trend";0,573;1;0,881
"treatment";0,04;1;1
"total";0,012;1;1
"survival";0;1;1
"suffer";0,245;1;1
"statistical";0,001;1;1
"short";0,343;1;1
"ses";0;1;1
"religion";1;0,006;1
"relevant";1;0,001;1
"relevance";1;1;0,582
"reduce";0,119;1;1
"recognition";1;0,097;1
"recent";1;1;0,5
"reason";1;0,001;1
"rate";0;1;1
"psychosocial";0,798;1;1
"provide";1;0,012;1
"program";1;0,799;0,28
"presence";1;0,516;0,582
"popular";0,573;1;0,28
"percentage";0;1;1
"pedagogical";1;0,032;1
"offer";0,798;1;0,127
"numb";0,573;1;0,28
"nature";1;0,012;1
"municipality";0;1;1
"mother";0,144;1;1
"metropolitan";0,001;1;1
"maria";1;1;0,282
"lack";1;0,039;1
"labour";1;1;0,001
"implication";1;0,097;1
"immigrant";1;0,032;1
"hold";0,245;1;1
"historically";1;1;0,112
"gap";1;0,644;0,737
"gain";1;0,032;1
"finally";1;0,097;1
"express";1;0,032;1
"existence";0,403;0,207;1
"evidence";1;0,097;1
"ethnographic";0,798;1;1
"emphasize";1;0,426;1
"emergence";1;0,242;1
"dynamic";1;0,516;0,582
"dropout";0,119;0,799;1
"document";1;0,644;0,737
"discipline";1;0,001;1
"differential";0,119;1;1
"determinant";1;0,799;0,881
"descriptive";0,038;1;1
"demand";1;0;1
"dance";0,857;1;0,282
"continuity";1;1;0,001
"constitution";1;1;0,001
"consequence";1;0,644;1
"condom";0;1;1
"coloniality";1;1;0,112
"collection";1;0,097;1
"brasil";1;1;0,003
"boy";0,006;1;1
"assess";0;1;1
"anthropological";1;0,004;1
"analytical";1;1;0,127
"agency";1;0,032;1
"youth";0,573;0,231;1
"whiteness";1;0,032;1
"verify";1;0,032;1
"undertake";1;0,032;1
"tool";1;0,231;0,881
"target";1;0,799;0,28
"strong";0,245;1;1
"stress";1;0,032;1
"statistic";0,798;1;0,127
"sociability";1;1;0,009
"small";0,119;1;0,881
"sector";0,857;1;1
"search";0,245;1;1
"scope";1;0,032;1
"sample";0;1;1
"researcher";0,245;1;1
"reproductive";1;0,799;0,28
"reinforce";1;0,799;0,28
"queer";1;0,231;0,881
"prejudice";1;0,006;1
"pr";0,002;1;1
"positive";0,245;1;1
"organize";1;1;0,044
"obtain";0,038;1;1
"migratory";1;1;0,003
"middle";0,119;1;0,881
"menstrual";1;1;0,282
"mechanism";1;0,231;1
"maternal";0;1;1
"marielle";1;1;0,023
"limit";1;0,088;1
"latin";1;0,001;1
"key";1;1;0,044
"intersect";1;1;0,044
"implementation";1;0,032;1
"ideal";1;0,001;1
"household";0;1;1
"home";1;1;0,009
"half";1;1;0,282
"generation";0,573;1;0,881
"fully";1;0,017;1
"feminine";0,798;1;0,5
"evident";0,119;1;1
"estimate";0,011;1;1
"epistemological";1;1;0,127
"distribution";0,245;1;1
"dispute";1;0,799;0,28
"determine";0,003;1;1
"democracy";1;0,001;1
"crt";1;0,002;1
"cross";0,245;1;0,5
"criticism";1;1;0,112
"coverage";0,002;1;1
"colour";0,011;1;1
"bibliographic";0,245;0,426;1
"assume";1;0,032;1
"answer";0,245;1;1
"agenda";1;0,088;1
"adopt";1;0,032;1
"act";0,343;1;1
"8perc";0,002;1;1
"20th";1;1;0,282
"1960s";1;1;0,112
"voice";1;0,242;1
"variation";0,119;1;0,881
"universidade";0,343;0,516;1
"textbook";1;1;0,282
"subjectivity";1;1;0,003
"std";0;1;1
"southern";0,857;1;1
"semi";0,573;0,799;1
"selection";1;1;0,009
"retention";0,002;1;1
"respective";0,343;1;1
"respect";1;1;0,044
"regulation";1;1;0,282
"regressivity";0,006;1;1
"regional";0,343;0,516;1
"refer";1;0,032;1
"reduction";0,04;1;1
"recidivism";0,006;1;1
"real";1;0,799;0,28
"ratio";0,006;1;1
"quota";0,573;1;0,881
"publication";1;0,002;1
"proportion";0,011;1;1
"police";1;0,242;1
"perform";0,343;1;0,582
"perceive";1;0,002;1
"pay";0,857;1;0,282
"original";1;0,002;1
"oppress";1;0,088;1
"onwards";1;0,516;1
"occupational";0,002;1;1
"obesity";0,343;0,516;1
"nationality";1;0,017;1
"moment";1;0,088;1
"mobility";1;0,516;1
"majority";0,343;1;1
"legitimize";1;0,006;1
"large";1;1;0,112
"kinship";1;1;0,009
"intervention";0,573;0,799;1
"interface";1;0,231;0,881
"interest";1;0,242;1
"institute";0,119;1;0,881
"horizonte";0,573;1;0,28
"guide";1;0,799;0,28
"grade";0,144;1;1
"goal";1;0,242;1
"future";1;0,088;1
"foster";1;1;0,282
"food";1;1;0,009
"fear";0,04;1;1
"favor";0,343;1;1
"fashion";1;1;0,023
"expansion";0,04;1;1
"exist";1;0,032;1
"engage";1;1;0,28
"encourage";1;0,088;1
"emotional";0;1;1
"educate";0,343;1;1
"dossier";1;0,006;1
"diversity";1;1;0,003
"disadvantage";0,04;1;1
"direct";0,144;1;1
"desire";1;1;0,023
"degree";0,343;0,516;1
"definition";1;1;0,582
"define";1;0,799;0,881
"curriculum";1;0,006;1
"contrast";1;0,799;0,28
"contextual";0,002;1;1
"consideration";0,343;1;1
"conceptual";1;1;0,112
"complex";0,343;1;1
"comparison";0,857;1;1
"childhood";1;1;0,282
"birth";0,002;1;1
"bibliography";1;0,017;1
"belo";0,573;1;0,28
"belief";1;0,088;1
"background";0,119;1;1
"attribute";1;0,088;1
"assumption";1;0,017;1
"artistic";1;1;0,003
"apc";0,006;1;1
"ancestry";0,857;1;1
"advance";1;1;0,023
"adult";0,002;1;1
"adjust";0;1;1
"achieve";0,144;1;1
"1990s";1;0,242;1
"western";1;0,242;1
"visual";0,04;1;1
"vision";1;0,242;1
"vary";0,002;1;1
"valid";0,04;1;1
"unequal";0,343;1;1
"undergraduate";0,002;1;1
"transvestite";1;1;0,112
"today";1;1;0,112
"technology";1;1;0,009
"superior";0,04;1;1
"subordination";1;0,516;0,582
"strengthen";1;0,516;1
"sphere";1;1;0,112
"speak";1;1;0,112
"situate";1;0,088;1
"series";0,144;1;1
"select";1;1;0,112
"segment";0,857;1;1
"sectional";0,002;1;1
"resident";0,04;1;1
"require";0,04;1;1
"reproduce";0,857;1;1
"relative";0,006;1;1
"regard";0,006;1;1
"recognize";1;1;0,582
"range";0,002;1;1
"quantitative";0,002;1;1
"psychological";1;1;0,282
"proposition";1;1;0,023
"privilege";1;0,088;1
"previous";0,144;1;1
"prevalence";0,002;1;1
"prepare";0,857;1;1
"precariousness";1;1;0,023
"precarious";0,144;1;1
"plan";1;0,088;1
"photograph";1;0,242;1
"peripheral";0,857;1;1
"periodical";1;1;0,023
"pccs";0,144;1;1
"path";1;1;0,023
"oral";1;0,017;1
"neighborhood";0,04;1;1
"multiple";0,343;0,516;1
"mulata";1;1;0,282
"modernization";1;1;0,112
"medicine";0,144;1;1
"matrix";1;1;0,112
"maintain";0,857;1;1
"logistic";0,002;1;1
"list";1;0,006;1
"land";0,144;1;1
"justice";0,857;1;1
"item";0,002;1;1
"interlocutor";1;1;0,582
"interaction";0,857;1;0,282
"insertion";1;0,242;1
"insert";1;1;0,112
"initiative";1;1;0,582
"indirect";0,04;1;1
"indigenous";0,343;1;1
"index";0,04;1;1
"inclusion";0,04;1;1
"imaginary";1;1;0,112
"homosexual";0,002;1;1
"historiographical";1;1;0,282
"hide";1;1;0,009
"hetero";0,006;1;1
"genocide";1;0,017;1
"function";1;0,006;1
"foundation";1;1;0,112
"fortaleza";0,144;1;1
"formal";1;0,516;1
"finding";0,04;1;1
"fight";1;0,017;1
"extent";1;0,088;1
"expose";0,857;1;1
"expectation";1;0,017;1
"european";1;1;0,282
"equitable";0,343;1;1
"epidemiological";0,006;1;1
"ensure";1;0,017;1
"elementary";0,002;1;1
"elaboration";1;1;0,023
"elaborate";1;1;0,023
"efficacy";0,144;1;1
"dose";0,006;1;1
"domestic";1;1;0,112
"distribute";0,857;1;1
"death";0,144;1;1
"day";0,144;1;1
"cuban";1;1;0,009
"critically";1;0,242;1
"crisis";1;0,017;1
"criolo";1;1;0,009
"creative";0,857;1;1
"control";0,857;1;0,282
"continue";1;1;0,582
"connect";1;0,006;1
"conflict";1;0,006;1
"confirm";0,857;1;1
"configuration";1;0,242;1
"conceptualize";1;0,088;1
"comment";1;1;0,023
"combination";0,343;0,516;1
"close";0,343;0,516;1
"centre";0,144;1;1
"centrality";1;1;0,023
"ceará";0,857;1;0,282
"capitalist";1;1;0,009
"capital";0,144;1;1
"benefit";1;1;0,282
"belong";1;0,516;1
"basis";1;1;0,282
"basic";1;1;0,282
"baby";0,857;1;0,282
"audiovisual";1;1;0,023
"attitude";0,857;1;1
"atlantic";1;0,017;1
"alternative";1;1;0,112
"al";0,857;0,242;1
"agent";1;1;0,023
"aesthetic";0,857;1;1
"activist";1;0,242;1
"active";0,857;1;1
"abaetê";1;1;0,009
"0perc";0,006;1;1
"vaccination";0,144;1;1
"unit";0,006;1;1
"treat";0,857;1;0,282
"traditional";1;1;0,023
"test";0,144;1;1
"systemic";1;1;0,282
"systematic";0,857;0,242;1
"symbolic";1;1;0,023
"subjective";1;1;0,282
"stereotype";1;1;0,023
"standard";0,857;1;1
"stage";0,857;1;0,282
"southeast";0,144;1;1
"slum";0,006;1;1
"sinasc";0,006;1;1
"similarity";0,857;1;1
"significantly";0,144;1;1
"scientist";1;1;0,023
"rise";1;0,242;1
"response";0,144;1;1
"respondent";0,006;1;1
"recife";0,006;1;1
"recently";1;0,017;1
"raca";1;1;0,023
"quality";0,857;1;1
"put";0,857;1;1
"properly";1;0,017;1
"professor";1;0,017;1
"procedure";0,857;1;1
"prenatal";0,006;1;1
"predominantly";0,857;1;1
"predominance";0,144;1;1
"pre";1;0,242;1
"poor";0,857;0,242;1
"pnad";0,006;1;1
"physic";0,144;1;1
"periphery";0,857;1;1
"percent";0,006;1;1
"partner";0,144;1;1
"paradigm";1;1;0,023
"overview";1;1;0,023
"opportunity";0,006;1;1
"operate";1;1;0,023
"official";0,857;0,242;1
"occasion";0,144;1;1
"observation";1;1;0,282
"northeast";0,857;1;1
"nascimento";1;1;0,282
"nacional";0,857;1;1
"myth";1;0,017;1
"month";0,006;1;1
"monitor";0,006;1;1
"migration";1;0,242;1
"major";0,857;0,242;1
"logic";0,857;1;1
"locate";1;1;0,282
"library";0,144;1;1
"leave";1;1;0,282
"judicial";0,857;0,242;1
"itinerary";0,144;1;1
"ipva";0,144;1;1
"involvement";0,144;1;1
"introduction";0,857;1;0,282
"internal";1;0,242;1
"insight";1;0,017;1
"inform";0,857;1;0,282
"infer";0,857;1;0,282
"incorporate";0,857;1;1
"incompleteness";0,006;1;1
"improvement";0,006;1;1
"imply";1;1;0,282
"imbricated";0,857;1;1
"icms";0,144;1;1
"ibge";0,857;1;0,282
"historian";1;1;0,023
"hegemonic";1;0,242;1
"hear";0,144;1;1
"healthcare";1;0,242;1
"guideline";1;0,242;1
"ground";0,857;1;1
"graduate";0,857;1;1
"government";1;1;0,282
"fluminense";0,857;0,242;1
"failure";0,857;0,242;1
"exposure";0,857;0,242;1
"exclude";0,144;1;1
"evaluation";0,144;1;1
"erasure";1;1;0,023
"epidemic";0,857;1;1
"enhance";0,144;1;1
"enem";0,006;1;1
"emancipatory";1;1;0,282
"effective";1;0,242;1
"economics";1;1;0,023
"drama";1;1;0,282
"dominant";1;1;0,282
"disseminate";1;0,017;1
"discursive";1;1;0,023
"difficulty";0,857;0,242;1
"device";1;1;0,023
"design";0,857;1;0,282
"deepen";1;0,242;1
"deductive";1;0,242;1
"cure";0,006;1;1
"crime";0,857;0,242;1
"correlate";0,144;1;1
"contemplate";0,857;0,242;1
"consultation";0,006;1;1
"consistent";0,006;1;1
"consist";1;0,242;1
"conservative";1;1;0,023
"consciousness";1;1;0,282
"confront";1;1;0,282
"compose";0,857;0,242;1
"complexity";1;0,242;1
"complete";0,006;1;1
"commitment";0,857;1;1
"childbirth";0,857;0,242;1
"characterize";0,857;1;0,282
"calculate";0,006;1;1
"butler";1;0,017;1
"broad";0,857;1;1
"application";0,144;1;1
"antiracist";1;0,017;1
"align";1;1;0,282
"album";1;0,017;1
"administer";0,006;1;1
"adherence";0,857;0,242;1
"additionally";0,857;0,242;1
"add";0,144;1;1
"abjection";1;1;0,282
"6perc";0,006;1;1
"2perc";0,006;1;1
"1perc";0,006;1;1
"*vitorino_a";1;1;0,023
"*montanari_p";1;1;0,023
"*2014";1;1;0
"*da_rosa_c";1;0,169;1
"*de_souza_r";1;0,169;1
"*da_silva_c";1;0,169;1
"*2024";1;0,167;1
"*freitas_m";1;0,017;1
"*2020";1;0,217;0,767
"*vinuto_j";1;0,088;1
"*ramos_p";1;0,207;0,737
"*da_silva_m";1;0,231;0,881
"*2022";0,817;0,115;1
"*rodrigues_a";1;1;0,282
"*2021";1;0,173;1
"*ducatti_i";1;0,169;1
"*souza_t";1;0,169;1
"*2017";0,648;0,915;1
"*carlos_j";1;1;0,023
"*vieira_j";1;0,231;1
"*guimaraes_a";1;0,231;1
"*vieira_a";1;0,231;1
"*2019";0,216;0,866;1
"*moreira_s";1;0,017;1
"*partichelli_p";1;0,017;1
"*bazani_a";1;0,017;1
"*spengler_f";1;0,006;1
"*lima_f";1;0,006;1
"*santos_d";1;1;0,112
"*gonçalves_s";1;1;0,112
"*da_s_s";1;1;0,112
"*pinheiro_a";1;1;0,112
"*xavier_n";1;0,231;1
"*diallo_c";1;0,002;1
"*de_oliveira_s";0,568;1;0,063
"*terra_b";1;0,242;1
"*da_luz_c";1;0,242;1
"*abreu_m";1;0,012;1
"*2023";1;1;0,014
"*santana_e_s_c";0;1;1
"*vilela_e";0;1;1
"*de_oliveira_v";0;1;1
"*de_oliveira_d";1;1;0,023
"*costa_t";1;1;0,007
"*severo_c";1;1;1
"*makoni_s";1;1;1
"*cristiellen_r_r_m";0,343;1;0,582
"*quezado_c_l_m";0,343;1;0,582
"*mariz_s";1;1;0,063
"*vasconcelos_f";1;1;0,063
"*da_silva_a";0,042;0,767;1
"*lemos_a";1;0,032;1
"*guimarães_a";1;0,302;0,831
"*ribeiro_a";1;0,169;1
"*malfrán_y";1;1;0,009
"*boscatti_a";1;1;0,009
"*navarro_p";1;1;0,009
"*arañó_y";1;1;0,009
"*petschelies_e";1;1;1
"*souza_v";1;1;0,282
"*zullo_g";1;1;0,063
"*almeida_p";1;1;0,063
"*colombini_i";1;1;0,044
"*gomes_n";1;0,717;0,125
"*conte_g_p";1;1;0,063
"*pizzinato_a";1;1;0,063
"*silva_d";1;1;0,001
"*dziuba_a";1;1;0,009
"*trapp_r";1;1;0,056
"*campos_l";1;0,042;1
"*de_lima_c";1;0,002;1
"*cunha_r";1;0,006;1
"*leite_i";1;0,006;1
"*nogueira_m";1;0,006;1
"*da_cruz_d";1;0,006;1
"*rodrigues_g";1;0,088;1
"*dos_santos_p";1;0,088;1
"*paulla_m";1;0,088;1
"*do_bonfim_m";1;1;0,189
"*matos_c";1;1;0,282
"*tavares_j";1;1;0,282
"*couto_m";1;1;0,282
"*flaherty-echeverría_s";1;0,169;1
"*de_oliveira_l";1;0,169;1
"*pierobon_c";1;1;0,063
"*fernandes_c";1;1;0,063
"*de_oliveira_a";0,072;1;1
"*bueno_j";0,144;1;1
"*dos_santos_n";0,144;1;1
"*bragaia_f";1;1;1
"*frança_d";0,04;1;1
"*massarani_l";1;1;0,023
"*waltz_i";1;1;0,023
"*leal_t";1;1;0,023
"*medeiros_a";1;1;0,023
"*tarelow_g";1;1;1
"*mota_a";1;0,017;1
"*afonso_m";1;1;0,063
"*machado_i";1;0,231;0,881
"*raminelli_r";1;0,646;0,698
"*fialho_c";0;1;1
"*bonomo_m";0;1;1
"*da_silva_s";0;1;1
"*miranda_a";0;1;1
"*silveira_r";1;0,799;0,881
"*rosa_r";1;0,799;0,881
"*fogaça_g";1;0,799;0,881
"*santos_l";1;0,603;0,338
"*nardi_h";1;0,799;0,881
"*alves_m";1;0,799;0,881
"*bairros_f";1;0,799;0,881
"*menegotto_j";1;1;0,282
"*ribeiro_f";1;1;0,282
"*borgongino_b";1;0,646;0,698
"*munareto_g";1;1;0,189
"*de_carvalho_figueiredo_d";1;1;0,023
"*lopes_j";1;1;0,023
"*uessler_l";1;1;0,023
"*lins_i";1;0,017;1
"*monteiro_r";1;0,207;1
"*dos_santos_m";1;0,006;1
"*de_araújo_e";1;0,016;1
"*balaban_m";1;1;0,063
"*alves-brito_a";1;0,231;1
"*rosa_k";1;0,231;1
"*hayashi_b";1;0,017;1
"*de_azevedo_weimer_r";1;0,017;1
"*santana_b";0;1;1
"*andrade_a";0;1;1
"*muraro_a";0;1;1
"*de_jesus_g";0,006;1;1
"*da_costa_m";0,094;1;1
"*dias_l";0,006;1;1
"*filho_v";0,006;1;1
"*de_oliveira_araújo_r";0,006;1;1
"*barros_a";0,006;1;1
"*dos_santos_araújo_l";0,006;1;1
"*schrann_m";0,006;1;1
"*da_silva_v";0,857;1;1
"*moura_j";0,857;1;1
"*bonilla-medina_s";0,857;0,242;1
"*finardi_k";0,857;0,242;1
"*lopes_p";1;1;0,063
"*higa_l";1;1;0,063
"*pinto_c";1;0,006;1
"*pereira_b";0,343;1;1
"*siqueira_j";0,343;1;1
"*déus_f";1;0,051;1
"*dos_santos_e";0,002;1;1
"*barbosa_i";0,002;1;1
"*de_moraes_j";0,002;1;1
"*frança_a";0,002;1;1
"*domingues_c";0,002;1;1
"*teixeira_m";0,002;1;1
"*bezerra_h";0,002;1;1
"*de_medeiros_n";0,002;1;1
"*araújo_m";0,002;1;1
"*fernandes_f";0,002;1;1
"*alexandrino_a";0,002;1;1
"*bezerra_r";0,002;1;1
"*ramos_a";0,002;1;1
"*oliveira_a";0,002;1;1
"*boing_a";0;1;1
"*de_oliveira_c";0,002;1;1
"*maciel_e";0;1;1
"*guibu_i";0,002;1;1
"*barbosa_j";0,002;1;1
"*lima_j";0,002;1;1
"*luhm_k";0,002;1;1
"*caetano_k";0,002;1;1
"*lima_l";0,002;1;1
"*antunes_m";0,002;1;1
"*borges_m";0,002;1;1
"*queiroz_r";0,002;1;1
"*gurgel_r";0,002;1;1
"*barata_r";0,002;1;1
"*de_azevedo_r";0,002;1;1
"*teles_s";0,002;1;1
"*da_gama_s";0,002;1;1
"*mengue_s";0,002;1;1
"*simões_t";0,002;1;1
"*nascimento_v";0,002;1;1
"*de_araújo_w";0,002;1;1
"*nascimento_d";1;1;0,009
"*ramos_i";0,04;1;1
"*pantoja_g";0,04;1;1
"*ferreira_l";1;0,097;1
"*dos_anjos_j";1;0,051;1
"*vieira_m";1;0,051;1
"*costa_b";0,012;1;1
"*de_lima_brandão_l";0,012;1;1
"*de_carvalho_batista_j";1;0,242;1
"*kyrillos_g";1;0,088;1
"*viana_i";1;1;1
"*de_moraes_c";0;1;1
"*peres_r";0;1;1
"*barbosa_m";0;1;1
"*pedreira_c";0;1;1
"*cruvinel_t";1;1;0,282
"*silveira_t";1;1;0,282
"*de_souza_v";1;1;0,009
"*perussatto_m";1;0,169;1
"*ratusniak_c";0,343;0,516;1
"*barbosa_c";1;0,088;1
"*kubota_r";1;0,017;1
"*hibarino_d";1;0,017;1
"*da_silva_j";1;0,017;1
"*gato_m";1;0,862;0,129
"*assis_g";1;1;0,044
"*siqueira_s";1;1;0,044
"*pedroso_g";1;0,051;1
"*lima_t";1;0,051;1
"*de_oliveira_f";1;0,051;1
"*dos_santos_gutterres_a";1;1;0,189
"*barbosa-fohrmann_a";1;1;0,063
"*de_sousa_r";1;0,646;0,698
"*pimentel_m";1;0,646;0,698
"*gantus-oliveira_t";0,343;1;0,582
"*soares_j";0;1;1
"*covre-sussai_m";0;1;1
"*sento-sé_i";0;1;1
"*ferreira_c";1;1;0,063
"*georgini_g";0,04;1;1
"*galinari_l";0,04;1;1
"*bazon_m";0,04;1;1
"*mizrahi_m";0,503;1;0,698
"*2015";0,245;1;0,5
"*da_costa_l";1;0,051;1
"*tittoni_j";1;1;0,282
"*de_castro_d";1;1;0,282
"*de_almeida_a";1;1;0,282
"*domingues_p";1;0,207;0,737
"*2018";0,01;1;1
"*galak_e";1;1;0,189
"*lima_m";0,144;1;1
"*2012";0,415;1;1
"*santos_j";0,002;1;1
"*sales_c";0,002;1;1
"*prado_t";0,002;1;1
"*stelzer_j";1;0,646;0,698
"*de_emílio_circunde_vieira_andrade_d";1;0,088;1
"*teodoro_m";1;0,088;1
"*abrahão_b";1;1;0,189
"*soares_a";1;1;0,189
"*2016";1;1;0,014
"*silva_m";1;0,242;1
"*pereira_r";1;0,051;1
"*xavier_g";1;1;0,189
"*2013";1;0,276;0,683
"*bernardes_m";1;0,426;1
"*santos_e";1;1;0,189
"*pereira_p";1;1;0,189
"*calil_m";1;0,006;1
"*markman_d";1;0,006;1
"*de_andrade_i";1;0,017;1
"*pereira_l";1;1;0,023
"*panta_m";1;0,646;0,698
"*negro_a";1;0,242;1
"*castro_f";1;1;0,063
"*minella_l";0,857;1;1
"*silveira_l";0;1;1
"*siqueira_n";0;1;1
"*de_melo_a";1;1;0,282
"*de_oliveira_r";1;1;0,282
"*galvão_a";1;0,097;1
"*oliveira_e";0,568;0,161;1
"*germani_a";1;0,097;1
"*luiz_o";0,568;0,161;1
"*oliveira_d";1;1;0,112
"*mallmann_m";0;1;1
"*tomasi_y";0;1;1
"*anjos_j";0;1;1
"*canelas_l";1;1;0,189
"*segnini_l";0,503;1;0,698
"*de_andrade_m";0,798;0,097;1
"*de_castro_pinto_e";0,798;0,097;1
"*gouvêa_m";1;0,242;1
"*xavier_a";1;0,242;1
"*silva_n";0,094;0,644;1
"*barros_s";0,094;0,644;1
"*de_a_f";0,094;0,644;1
"*batista_l";0,094;0,644;1
"*policarpo_v";0,094;0,644;1
"*maia_g";1;1;0,582
"*araújo_r";1;1;0,582
"*oliveira_s";1;1;0,582
"*precioso_d";1;0,169;1
"*de_melo_m";0;1;1
"*mesquita_f";0;1;1
"*de_azevedo_barros_m";0;1;1
"*la-rotta_e";0;1;1
"*donalisio_m";0;1;1
"*braga_l";1;1;0,023
"*magalhães_m";1;1;0,023
"*schemes_c";1;1;0,023
"*passos_r";1;0,644;0,261
"*espinoza_f";1;0,644;0,261
"*da_s_b_r";1;1;0,282
"*de_m_g";1;1;0,282
"*schneider_a";1;1;0,063
"*hirata_h";0,857;1;0,282
"*zubaran_m";1;1;1
"*guizzo_b";1;1;1
"*de_assis_m";1;1;0,063
"*marques_d";1;1;0,063
"*roble_o";1;1;0,063
"*saraiva_m";1;1;0,063
"*harris_a";1;0,088;1
"*de_camilla_de_magalhães_gomes_t";1;0,088;1
"*conceição_í";1;0,088;1
"*tomas_m";0,011;1;1
"*carvalhaes_f";0,006;1;1
"*ribeiro_c";0,006;1;1
"*barone_a";1;1;1
"*ferreira_m";1;1;0,112
"*eiterer_c";1;1;0,112
"*de_miranda_s";1;1;0,112
"*moutinho_l";0,798;1;0,5
"*candido_m";0,857;1;1
"*júnior_j";0,857;1;1
"*portela_p";0,857;1;1
"*candido_l";0,011;1;1
"*finkler_m";0,011;1;1
"*bastos_j";0;1;1
"*de_freitas_s";0,011;1;1
"*noleto_r";1;1;0,023
"*de_melo_g";1;1;0,282
"*ferreira_j";1;1;0,282
"*martins_m";0,343;1;0,582
"*santos_s_k";0,343;1;0,582
"*vasquez_v";0,343;1;0,582
"*ernica_m";0,025;1;1
"*rodrigues_e";0,025;1;1
"*da_silva_n";1;1;0,009
"*prado_m";0;1;1
"*francisco_p";0;1;1
"*barros_m";0;1;1
"*trindade_a";0,006;1;1
"*durante_m";0,006;1;1
"*oraka_c";0,119;0,799;1
"*faustino_d";0,119;0,799;1
"*teixeira_j";0,119;0,799;1
"*de_souza_a";0,119;0,799;1
"*popinigis_f";1;0,017;1
"*terra_p";1;0,017;1
"*aguião_s";1;1;0,282
"*de_novaes_marques_t";1;0,169;1
"*lapera_p";1;1;0,063
"*rezende_c";1;1;0,023
"*martins_r";1;0,242;1
"*avritzer_l";1;0,231;0,881
"*gomes_l";1;0,231;0,881
"*muñoz-cabrera_p";1;0,242;1
"*rangel_p";1;0,242;1
"*salata_a";0,119;1;1
"*lima_a";1;0,426;0,5
"*alves_n";1;0,426;0,5
"*araújo_a";0,343;1;1
"*lombardi_m";0,343;1;1
"*cabrera_o";1;0,516;0,582
"*calvo-gonzalez_e";1;1;1
"*lima_n";0,006;1;1
"*cordeiro_r";0,006;1;1
"*proni_m";0,025;1;1
"*gomes_d";0,025;1;1
"*albuquerque_w";1;0,242;1
"*senkevics_a";0;1;1
"*da_costa_a";0,025;1;1
"*picanço_f";0,025;1;1
"*nascimento_g";0,503;0,646;1
"*da_silva_i";1;1;0,282
"*kabad_j";0,012;1;1
"*santos_r";0,012;1;1
"*laguardia_j";1;1;1
"*2006";0,429;1;0,479
"*alves_f";0,002;1;1
"*ortigão_i";0,002;1;1
"*franco_c";0,002;1;1
"*2007";0;1;1
"*pena_s";0,503;1;0,698
"*2005";0,503;1;0,698
"*osorio_r";0,343;0,516;1
"*2009";0,577;0,357;1
"*ferraro_a";0,119;1;0,881
"*2010";0,013;1;1
"*rosemberg_f";0,245;1;1
"*feitosa_a_l";1;0,646;0,698
"*2008";1;0,516;0,582
"*de_carvalho_m";1;0,097;1
"*1999";1;0,097;1
"*hogan_v";1;0,516;1
"*de_araújo_t";1;0,516;1
"*dias_a";1;0,516;1
"*oliveira_l";1;0,516;1
"*calvo-gonzález_e";1;0,017;1
"*rocha_v";1;0,017;1
"*hora_g_j";1;0,169;1
"*garcia_s";0;1;1
"*de_souza_f";0;1;1
"*de_araújo_pinho_o";0,857;1;0,282
"*taquette_s";0;1;1
"*de_andrade_c";0;1;1
"*dachs_j";0;1;1
"*mourão_l";0,857;1;0,282
"*votre_s";0,857;1;0,282
"*damasco_m";1;0,242;1
"*maio_m";1;0,242;1
"*monteiro_s";1;0,242;1
"*maia_s";1;1;0,282
"*passador_l";0,857;1;0,282
"*thomaz_o";0,857;1;0,282
"*lópez_l";1;1;0,018
"*2011";1;1;0,018
"*da_rocha_e";0,04;1;1
"*tavolaro_l";1;1;0,044
"*giacomini_s";0,857;1;1
"*paixão_m";1;1;0,189
"*gomes_f";1;1;0,189
"*backes_j";1;0,646;0,698
"*simões_j";1;1;0,023
"*frança_i";1;1;0,023
"*macedo_m";1;1;0,023
