"";"X";"V1"
"1";1;3
"2";2;0
"3";3;3
"4";4;3
"5";5;0
"6";6;0
"7";7;0
"8";8;2
"9";9;2
"10";10;2
"11";11;2
"12";12;2
"13";13;3
"14";14;2
"15";15;2
"16";16;0
"17";17;2
"18";18;2
"19";19;3
"20";20;3
"21";21;2
"22";22;2
"23";23;3
"24";24;3
"25";25;3
"26";26;0
"27";27;2
"28";28;2
"29";29;1
"30";30;3
"31";31;2
"32";32;2
"33";33;2
"34";34;2
"35";35;2
"36";36;2
"37";37;2
"38";38;2
"39";39;3
"40";40;2
"41";41;3
"42";42;3
"43";43;3
"44";44;2
"45";45;1
"46";46;2
"47";47;0
"48";48;2
"49";49;3
"50";50;3
"51";51;3
"52";52;3
"53";53;3
"54";54;2
"55";55;2
"56";56;0
"57";57;2
"58";58;2
"59";59;3
"60";60;2
"61";61;2
"62";62;2
"63";63;1
"64";64;1
"65";65;1
"66";66;1
"67";67;1
"68";68;1
"69";69;3
"70";70;3
"71";71;3
"72";72;0
"73";73;0
"74";74;0
"75";75;0
"76";76;0
"77";77;0
"78";78;3
"79";79;3
"80";80;1
"81";81;1
"82";82;3
"83";83;3
"84";84;2
"85";85;2
"86";86;0
"87";87;3
"88";88;2
"89";89;2
"90";90;2
"91";91;0
"92";92;2
"93";93;0
"94";94;2
"95";95;0
"96";96;0
"97";97;3
"98";98;3
"99";99;3
"100";100;3
"101";101;0
"102";102;0
"103";103;0
"104";104;3
"105";105;0
"106";106;3
"107";107;2
"108";108;0
"109";109;3
"110";110;3
"111";111;3
"112";112;2
"113";113;3
"114";114;3
"115";115;3
"116";116;3
"117";117;2
"118";118;2
"119";119;3
"120";120;0
"121";121;0
"122";122;3
"123";123;3
"124";124;3
"125";125;3
"126";126;3
"127";127;3
"128";128;3
"129";129;0
"130";130;3
"131";131;3
"132";132;3
"133";133;2
"134";134;2
"135";135;2
"136";136;2
"137";137;0
"138";138;2
"139";139;2
"140";140;2
"141";141;2
"142";142;2
"143";143;2
"144";144;2
"145";145;2
"146";146;2
"147";147;3
"148";148;2
"149";149;3
"150";150;0
"151";151;3
"152";152;0
"153";153;3
"154";154;2
"155";155;0
"156";156;0
"157";157;2
"158";158;0
"159";159;3
"160";160;3
"161";161;1
"162";162;1
"163";163;0
"164";164;1
"165";165;1
"166";166;3
"167";167;1
"168";168;1
"169";169;0
"170";170;0
"171";171;3
"172";172;1
"173";173;1
"174";174;1
"175";175;3
"176";176;3
"177";177;3
"178";178;0
"179";179;0
"180";180;0
"181";181;3
"182";182;3
"183";183;0
"184";184;3
"185";185;2
"186";186;2
"187";187;2
"188";188;3
"189";189;0
"190";190;0
"191";191;2
"192";192;3
"193";193;1
"194";194;1
"195";195;1
"196";196;1
"197";197;1
"198";198;1
"199";199;1
"200";200;1
"201";201;3
"202";202;0
"203";203;1
"204";204;3
"205";205;3
"206";206;0
"207";207;2
"208";208;3
"209";209;1
"210";210;2
"211";211;0
"212";212;2
"213";213;0
"214";214;3
"215";215;3
"216";216;2
"217";217;3
"218";218;0
"219";219;0
"220";220;3
"221";221;0
"222";222;0
"223";223;3
"224";224;0
"225";225;3
"226";226;3
"227";227;3
"228";228;3
"229";229;3
"230";230;0
"231";231;2
"232";232;2
"233";233;2
"234";234;2
"235";235;2
"236";236;2
"237";237;2
"238";238;0
"239";239;3
"240";240;3
"241";241;2
"242";242;2
"243";243;1
"244";244;3
"245";245;2
"246";246;0
"247";247;0
"248";248;2
"249";249;2
"250";250;2
"251";251;2
"252";252;2
"253";253;2
"254";254;1
"255";255;1
"256";256;1
"257";257;1
"258";258;1
"259";259;1
"260";260;1
"261";261;1
"262";262;3
"263";263;1
"264";264;2
"265";265;0
"266";266;2
"267";267;0
"268";268;0
"269";269;2
"270";270;1
"271";271;3
"272";272;3
"273";273;0
"274";274;2
"275";275;0
"276";276;0
"277";277;2
"278";278;2
"279";279;0
"280";280;2
"281";281;3
"282";282;1
"283";283;1
"284";284;2
"285";285;0
"286";286;0
"287";287;0
"288";288;2
"289";289;2
"290";290;1
"291";291;1
"292";292;1
"293";293;1
"294";294;3
"295";295;3
"296";296;3
"297";297;0
"298";298;3
"299";299;0
"300";300;0
"301";301;2
"302";302;1
"303";303;1
"304";304;1
"305";305;0
"306";306;2
"307";307;3
"308";308;2
"309";309;0
"310";310;2
"311";311;1
"312";312;2
"313";313;2
"314";314;2
"315";315;0
"316";316;3
"317";317;1
"318";318;1
"319";319;1
"320";320;1
"321";321;1
"322";322;2
"323";323;2
"324";324;3
"325";325;0
"326";326;2
"327";327;2
"328";328;0
"329";329;2
"330";330;0
"331";331;0
"332";332;0
"333";333;0
"334";334;1
"335";335;1
"336";336;1
"337";337;1
"338";338;1
"339";339;3
"340";340;3
"341";341;2
"342";342;3
"343";343;3
"344";344;3
"345";345;3
"346";346;0
"347";347;2
"348";348;0
"349";349;0
"350";350;1
"351";351;2
"352";352;1
"353";353;2
"354";354;2
"355";355;0
"356";356;2
"357";357;2
"358";358;3
"359";359;2
"360";360;2
"361";361;2
"362";362;2
"363";363;2
"364";364;2
"365";365;0
"366";366;2
"367";367;0
"368";368;3
"369";369;3
"370";370;3
"371";371;3
"372";372;0
"373";373;0
"374";374;2
"375";375;0
"376";376;2
"377";377;0
"378";378;0
"379";379;3
"380";380;0
"381";381;3
"382";382;3
"383";383;2
"384";384;3
"385";385;1
"386";386;3
"387";387;1
"388";388;3
"389";389;3
"390";390;3
"391";391;3
"392";392;3
"393";393;3
"394";394;1
"395";395;1
"396";396;1
"397";397;1
"398";398;1
"399";399;0
"400";400;3
"401";401;3
"402";402;1
"403";403;1
"404";404;1
"405";405;2
"406";406;3
"407";407;0
"408";408;1
"409";409;2
"410";410;2
"411";411;0
"412";412;3
"413";413;3
"414";414;2
"415";415;0
"416";416;2
"417";417;2
"418";418;2
"419";419;3
"420";420;3
"421";421;0
"422";422;0
"423";423;1
"424";424;1
"425";425;3
"426";426;1
"427";427;1
"428";428;1
"429";429;1
"430";430;0
"431";431;0
"432";432;0
"433";433;0
"434";434;0
"435";435;0
"436";436;0
"437";437;0
"438";438;0
"439";439;0
"440";440;0
"441";441;2
"442";442;3
"443";443;0
"444";444;0
"445";445;2
"446";446;0
"447";447;3
"448";448;2
"449";449;2
"450";450;0
"451";451;0
"452";452;3
"453";453;2
"454";454;2
"455";455;0
"456";456;0
"457";457;3
"458";458;2
"459";459;2
"460";460;0
"461";461;3
"462";462;0
"463";463;3
"464";464;3
"465";465;1
"466";466;2
"467";467;2
"468";468;2
"469";469;0
"470";470;3
"471";471;2
"472";472;2
"473";473;2
"474";474;2
"475";475;0
"476";476;2
"477";477;2
"478";478;2
"479";479;3
"480";480;3
"481";481;3
"482";482;3
"483";483;2
"484";484;2
"485";485;3
"486";486;2
"487";487;0
"488";488;3
"489";489;3
"490";490;3
"491";491;0
"492";492;1
"493";493;2
"494";494;1
"495";495;1
"496";496;1
"497";497;1
"498";498;1
"499";499;3
"500";500;0
"501";501;3
"502";502;2
"503";503;3
"504";504;3
"505";505;2
"506";506;3
"507";507;0
"508";508;3
"509";509;0
"510";510;3
"511";511;3
"512";512;2
"513";513;2
"514";514;3
"515";515;2
"516";516;2
"517";517;1
"518";518;3
"519";519;3
"520";520;0
"521";521;3
"522";522;2
"523";523;1
"524";524;1
"525";525;1
"526";526;1
"527";527;1
"528";528;0
"529";529;0
"530";530;3
"531";531;3
"532";532;1
"533";533;2
"534";534;2
"535";535;2
"536";536;1
"537";537;2
"538";538;1
"539";539;0
"540";540;2
"541";541;2
"542";542;3
"543";543;2
"544";544;1
"545";545;1
"546";546;1
"547";547;1
"548";548;2
"549";549;2
"550";550;3
"551";551;3
"552";552;2
"553";553;1
"554";554;2
"555";555;0
"556";556;0
"557";557;1
"558";558;1
"559";559;1
"560";560;1
"561";561;1
"562";562;3
"563";563;3
"564";564;3
"565";565;3
"566";566;2
"567";567;3
"568";568;2
"569";569;2
"570";570;3
"571";571;3
"572";572;3
"573";573;2
"574";574;3
"575";575;3
"576";576;3
"577";577;3
"578";578;3
"579";579;3
"580";580;3
"581";581;0
"582";582;3
"583";583;3
"584";584;1
"585";585;0
"586";586;0
"587";587;0
"588";588;0
"589";589;3
"590";590;0
"591";591;3
"592";592;2
"593";593;2
"594";594;3
"595";595;2
"596";596;1
"597";597;3
"598";598;1
"599";599;1
"600";600;1
"601";601;1
"602";602;1
"603";603;1
"604";604;0
"605";605;0
"606";606;0
"607";607;0
"608";608;0
"609";609;3
"610";610;3
"611";611;2
"612";612;3
"613";613;3
"614";614;3
"615";615;2
"616";616;3
"617";617;0
"618";618;0
"619";619;2
"620";620;0
"621";621;3
"622";622;0
"623";623;0
"624";624;1
"625";625;2
"626";626;1
"627";627;1
"628";628;1
"629";629;1
"630";630;2
"631";631;3
"632";632;3
"633";633;0
"634";634;3
"635";635;0
"636";636;0
"637";637;2
"638";638;3
"639";639;3
"640";640;3
"641";641;1
"642";642;1
"643";643;3
"644";644;0
"645";645;1
"646";646;1
"647";647;3
"648";648;3
"649";649;3
"650";650;3
"651";651;1
"652";652;1
"653";653;1
"654";654;1
"655";655;1
"656";656;1
"657";657;1
"658";658;1
"659";659;1
"660";660;1
"661";661;2
"662";662;1
"663";663;1
"664";664;2
"665";665;0
"666";666;0
"667";667;2
"668";668;2
"669";669;2
"670";670;3
"671";671;2
"672";672;3
"673";673;0
"674";674;2
"675";675;0
"676";676;0
"677";677;0
"678";678;3
"679";679;3
"680";680;0
"681";681;0
"682";682;3
"683";683;0
"684";684;3
"685";685;3
"686";686;3
"687";687;2
"688";688;3
"689";689;2
"690";690;2
"691";691;2
"692";692;3
"693";693;2
"694";694;3
"695";695;0
"696";696;0
"697";697;2
"698";698;2
"699";699;3
"700";700;3
"701";701;1
"702";702;1
"703";703;1
"704";704;2
"705";705;0
"706";706;0
"707";707;2
"708";708;0
"709";709;0
"710";710;3
"711";711;3
"712";712;2
"713";713;0
"714";714;3
"715";715;2
"716";716;1
"717";717;2
"718";718;1
"719";719;3
"720";720;2
"721";721;3
"722";722;2
"723";723;3
"724";724;0
"725";725;0
"726";726;0
"727";727;1
"728";728;1
"729";729;1
"730";730;0
"731";731;1
"732";732;0
"733";733;1
"734";734;2
"735";735;0
"736";736;2
"737";737;3
"738";738;0
"739";739;0
"740";740;2
"741";741;1
"742";742;1
"743";743;1
"744";744;1
"745";745;1
"746";746;1
"747";747;1
"748";748;1
"749";749;1
"750";750;0
"751";751;2
"752";752;1
"753";753;0
"754";754;3
"755";755;2
"756";756;0
"757";757;3
"758";758;2
"759";759;3
"760";760;0
"761";761;3
"762";762;0
"763";763;2
"764";764;1
"765";765;1
"766";766;2
"767";767;1
"768";768;1
"769";769;1
"770";770;2
"771";771;0
"772";772;0
"773";773;0
"774";774;1
"775";775;1
"776";776;1
"777";777;1
"778";778;0
"779";779;3
"780";780;1
"781";781;0
"782";782;0
"783";783;1
"784";784;2
"785";785;1
"786";786;2
"787";787;3
"788";788;1
"789";789;1
"790";790;1
"791";791;3
"792";792;0
"793";793;3
"794";794;2
"795";795;0
"796";796;0
"797";797;1
"798";798;2
"799";799;2
"800";800;3
"801";801;2
"802";802;2
"803";803;1
"804";804;2
"805";805;3
"806";806;2
"807";807;2
"808";808;0
"809";809;2
"810";810;2
"811";811;0
"812";812;1
"813";813;1
"814";814;0
"815";815;2
"816";816;1
"817";817;1
"818";818;1
"819";819;1
"820";820;1
"821";821;1
"822";822;1
"823";823;1
"824";824;3
"825";825;3
"826";826;1
"827";827;1
"828";828;1
"829";829;1
"830";830;1
"831";831;1
"832";832;1
"833";833;1
"834";834;1
"835";835;1
"836";836;3
"837";837;3
"838";838;1
"839";839;0
"840";840;2
"841";841;2
"842";842;2
"843";843;2
"844";844;2
"845";845;3
"846";846;2
"847";847;2
"848";848;3
"849";849;3
"850";850;3
"851";851;2
"852";852;3
"853";853;3
"854";854;1
"855";855;3
"856";856;3
"857";857;2
"858";858;3
"859";859;3
"860";860;3
"861";861;2
"862";862;1
"863";863;1
"864";864;1
"865";865;3
"866";866;3
"867";867;3
"868";868;3
"869";869;2
"870";870;3
"871";871;2
"872";872;1
"873";873;0
"874";874;0
"875";875;3
"876";876;3
"877";877;0
"878";878;2
"879";879;0
"880";880;0
"881";881;3
"882";882;3
"883";883;3
