TI,AU,PY,SO
 EFFECTS OF THE RESEARCHER’S RACE/COLOR AND GENDER ON EMPIRICAL RESEARCH: IMPACTS ON THE RACIAL CLASSIFICATION OF SURVEY RESPONDENTS; [EFEITOS DA RAÇA/COR E GÊNERO DA PESQUISADORA OU DO PESQUISADOR NA PESQUISA EMPÍRICA: IMPACTOS NA CLASSIFICAÇÃO RACIAL DE RESPONDENTES DE UM SURVEY],PEREIRA B;SIQUEIRA J,2022,SOCIOLOGIAS
"""A VIDA EM QUE VIVEMOS"": RACE, GENDER AND MODERNITY IN SÃO GONÇALO; [""A VIDA EM QUE VIVEMOS"": RAÇA, GÊNERO E MODERNIDADE EM SÃO GONÇALO]",DE A P O,2006,REVISTA ESTUDOS FEMINISTAS
"""EVERYHTING FOR BRAZIL; EVERYTHING FOR THE RACE"": RIO DE JANEIRO'S BLACK FRONT; [""TUDO PELO BRASIL; TUDO PELA RAÇA"": A FRENTE NEGRA CARIOCA]",DOMINGUES P,2018,ESTUDOS HISTORICOS
"""FILMS ON FIRE"": CINEMA, PRESS AND SENSATIONALISM IN RIO DE JANEIRO'S BELLE ÉPOQUE; [""FITAS EM CHAMMAS"": CINEMA, IMPRENSA E SENSACIONALISMO NA BELLE ÉPOQUE CARIOCA]",LAPERA P,2019,REVISTA BRASILEIRA DE HISTORIA
"""FREE PEOPLE OF COLOR"" IN MARTINIQUE: ISSUES ABOUT RACE AND GENDER IN THE FRENCH CARIBBEAN (18TH-19TH CENTURIES); [""LIVRES DE COR"" NA MARTINICA: QUESTÕES SOBRE RAÇA E GÊNERO NO CARIBE FRANCÊS (SÉCULOS XVIII-XIX)]",CANELAS L,2020,REVISTA DE HISTORIA (BRAZIL)
"""IT'S IN THE BLOOD"": THE ARTICULATION OF IDEAS ABOUT ""RACE"" BETWEEN APPEARANCE AND ANCESTRY OF FAMILIES WITH SICKLE CELL DISEASE IN SALVADOR, BAHIA; [""ESTÁ NO SANGUE"": A ARTICULAÇÃO DE IDEIAS SOBRE ""RAÇA"", APARÊNCIA E ANCESTRALIDADE ENTRE FAMÍLIAS DE PORTADORES DE DOENÇA FALCIFORME EM SALVADOR, BAHIA]",CALVO-GONZÁLEZ E;ROCHA V,2010,REVISTA DE ANTROPOLOGIA
"""RACE"" AND POVERTY IN METROPOLITAN CONTEXTS; [""RAÇA"" E POBREZA EM CONTEXTOS METROPOLITANOS]",LIMA M,2012,TEMPO SOCIAL
A LITERATURE REVIEW ON CRITICAL RACE THEORY IN SCIENTIFIC EDUCATION; [UMA REVISÃO DE LITERATURA SOBRE A TEORIA CRÍTICA DA RAÇA NA EDUCAÇÃO CIENTÍFICA],DE O A;ALVES-BRITO A;ROSA K,2024,INVESTIGACOES EM ENSINO DE CIENCIAS
"A LOOK AT THE OTHER: REFLECTIONS ON THE BRAZILIAN NARRATIVE. ALÓS, ANSELMO PERES. NARRATIVES AGAINST THE GRAIN OF THE BRAZILIAN NARRATIVE: INTERTEXTUAL NETWORKS OF GENDER, RACE AND SEXUALITY. SANTA MARIA: UFSM/PPGL; BRASÍLIA: CNPQ, 2017. 216 P.; [UM OLHAR PARA O OUTRO: RELFEXOES SOBRE A NARRATIVA BRASILEIRA: ALÓS, ANSELMO PERES. NARRATIVAS A CONTRAPELO DA NARRATIVA BRASILEIRA: REDES INTERTEXTUAIS DE GÊNERO, RAÇA E SEXUALIDADE. SANTA MARIA: UFSM/PPGL; BRASÍLIA: CNPQ, 2017. 216 P.]",DE O J;DE O A,2018,CONFLUENZE
A MULTIFACETED INTELLECTUAL IN A KALEIDOSCOPE OF IDEAS: RACE IN THE THOUGHT OF FERNANDO ORTIZ; [UM INTELECTUAL MULTIFACETADO EM UM CALEIDOSCÓPIO DE IDEIAS: RAÇA NO PENSAMENTO DE FERNANDO ORTIZ]; [UN INTELECTUAL POLIFACÉTICO EN UN CALEIDOSCOPIO DE IDEAS: RAZA EN EL PENSAMIENTO DE FERNANDO ORTIZ],CASTRO F,2016,ESTUDOS IBERO-AMERICANOS
ABAETÊ CRIOLO'S EXPERIENCE AS AN ACTION TO CONFRONT GENDER AND RACE INEQUALITIES: AN ANALYSIS OF DISCOURSE ON INTERSECTIONALITY AND BLACK FEMINISM; [A EXPERIÊNCIA DO ABAETÊ CRIOLO COMO AÇÃO DE ENFRENTAMENTO A DESIGUALDADES DE GÊNERO E RAÇA: UMA ANÁLISE DE DISCURSO SOBRE INTERSECCIONALIDADE E FEMINISMO NEGRO],OLIVEIRA D;COSTA T,2020,REVISTA BRASILEIRA DE POLITICAS PUBLICAS
"ACCESS TO EDUCATION BY AGE GROUPS, ACCORDING TO INCOME AND RACE/SKIN COLOUR IN BRAZIL; [ACESSO À EDUCAÇÃO POR FAIXAS ETÁRIAS SEGUNDO RENDA E RAÇA/COR]",DE A C;DACHS J,2007,CADERNOS DE PESQUISA
AFFIRMATIVE ACTION IN HIGH EDUCATION IN BRAZIL: TENSIONS BETWEEN RACE AND GENDER; [AÇÃO AFIRMATIVA NO ENSINO SUPERIOR BRASILEIRO: A TENSÃO ENTRE RAÇA/ETNIA E GÊNERO],ROSEMBERG F;FEITOSA A L,2008,CADERNOS PAGU
AGAINST RACIAL SILENCE IN UNIVERSITY DATA: CHALLENGES AND PROPOSALS ABOUT THE FEDERAL LAW OF QUOTAS; [CONTRA O SILÊNCIO RACIAL NOS DADOS UNIVERSITÁRIOS: DESAFIOS E PROPOSTAS ACERCA DA LEI DE COTAS],SENKEVICS A,2018,EDUCACAO E PESQUISA
"AGITATING RACE, REINVENTING THE NATION: THE REPARATIONS MOVEMENT IN BRAZIL; [AGENCIAR RAÇA, REINVENTAR A NAÇÃO: O MOVIMENTO PELAS REPARAÇÕES NO BRASIL]",DOMINGUES P,2018,ANALISE SOCIAL
"ALDA'S STORY: TEACHING, CLASS, RACE AND GENDER; [A HISTÓRIA DE ALDA: ENSINO, CLASSE, RAÇA E GÊNERO]",DE C M,1999,EDUCACAO E PESQUISA
AN INTERSECTIONAL ANALYSIS OF GENDER AND RACE ON THE MEASURES ADOPTED UNDER EFFECTIVENESS OF CEDAW IN BRAZIL; [UMA ANÁLISE INTERSECCIONAL DE GÊNERO E RAÇA SOBRE AS MEDIDAS ADOTADAS EM PROL DA EFICÁCIA DA CEDAW NO BRASIL∗],KYRILLOS G;STELZER J,2021,CADERNOS PAGU
ANALYSIS OF THE HIV/AIDS POLICIES FROM A GENDER AND RACE INTERSECTIONAL PERSPECTIVE; [UMA ANÁLISE DAS POLÍTICAS DE ENFRENTAMENTO AO HIV/AIDS NA PERSPECTIVA DA INTERSECCIONALIDADE DE RAÇA E GÊNERO],LÓPEZ L,2011,SAUDE E SOCIEDADE
AND IN THEIR NAME WILL BE EXERCISED: DESCRIPTIVE REPRESENTATION AND POLITICAL INEQUALITY OF GENDER AND RACE IN BRAZIL; [E EM SEU NOME SERÁ EXERCIDO: REPRESENTAÇÃO DESCRITIVA E DESIGUALDADE POLÍTICA DE GÊNERO E RAÇA NO BRASIL]; [Y EN SU NOMBRE SE EJERCERÁ: REPRESENTACIÓN DESCRIPTIVA Y DESIGUALDAD POLÍTICA DE GÉNERO Y RAZA EN BRASIL],DE O A,2021,CIVITAS
ANTIRACISM AND BLACK MEMORY IN THE ARCHIVES: A PROJECT TO PRESERVE BLACK ORGANIZATION COLLECTIONS AT THE UNIVERSITY OF CAMPINAS (BRAZIL),RODRIGUES A;DA S M;RAMOS P,2021,ARCHIVES AND RECORDS-THE JOURNAL OF THE ARCHIVES AND RECORDS ASSOCIATION
"ANTONIO CARLOS PACHECO E SILVA: EUGENICS, RACE AND THE MENTAL HYGIENE LEAGUE OF SÃO PAULO, 1926-1950; [ANTÔNIO CARLOS PACHECO E SILVA: EUGENIA, RAÇA E A LIGA PAULISTA DE HIGIENE MENTAL, 1926-1950]",TARELOW G;MOTA A,2022,PROJETO HISTORIA
ANÁLISE ECONÔMICA DA PRODUÇÃO DE OVINOS EM LOTAÇÃO ROTATIVA EM PASTAGEM DE CAPIM TANZÂNIA (PANICUM MAXIMUM (JACQ)),VIDAL M D F;DA S R;NEIVA J;CÂNDIDO M;DA S D;PEIXOTO M,2006,REVISTA DE ECONOMIA E SOCIOLOGIA RURAL
"APPRAISAL, GENDER AND RACE IN THE DISCOURSE ABOUT COILY HAIR; [AVALIATIVIDADE, GÊNERO E RAÇA NO DISCURSO SOBRE CABELO CRESPO]; [VALORACIÓN, GÉNERO Y RAZA EN EL DISCURSO SOBRE EL CABELLO RIZADO]",DE C F D;LOPES J;UESSLER L,2023,CADERNOS DE LINGUAGEM E SOCIEDADE
ARCHAEOLOGY WITH POPCORN: GENDER AND RACE CONSTRUCTION IN CINEMA; [ARQUEOLOGIA COM PIPOCA: CONSTRUÇÕES DE GÊNERO E RAÇA NO CINEMA]; [ARQUEOLOGÍA CON PALOMITAS: CONSTRUCCIONES DE GÉNERO Y RAZA EN EL CINE],NASCIMENTO D,2024,REVISTA DE ARQUEOLOGIA
ARTICULATING RACE AND CLASS: EFFECTS ON THE CONSTRUCTION OF THE AFRO-DESCENDANT IDENTITY; [ARTICULANDO RAÇA E CLASSE: EFEITOS PARA A CONSTRUÇÃO DA IDENTIDADE AFRODESCENDENTE],BACKES J,2006,EDUCACAO E SOCIEDADE
ASSISTED REPRODUCTION IN CUBA: TRACES OF A RACIAL BIOPOLITICS; [A REPRODUÇÃO ASSISTIDA EM CUBA: TRAÇOS DE UMA BIOPOLÍTICA RACIAL]; [LA REPRODUCCIÓN ASISTIDA EN CUBA: RASTROS DE UNA BIOPOLÍTICA RACIAL],MALFRÁN Y;BOSCATTI A;NAVARRO P;ARAÑÓ Y,2024,REVISTA ESTUDOS FEMINISTAS
BETWEEN BRAZIL AND EUROPE: BRAZILIAN WOMEN NEGOTIATING GENDER AND RACE IN REPRESENTATIONS ABOUT “THE BRAZILIAN WOMAN”; [ENTRE O BRASIL E A EUROPA: BRASILEIRAS NEGOCIANDO GÊNERO E RAÇA NAS REPRESENTAÇÕES SOBRE “A MULHER BRASILEIRA”],ASSIS G;SIQUEIRA S,2021,CADERNOS PAGU
"BLACK COLORS OF SLAVERY NOT TO BE SEEN: RACE, CLASS AND NATION ON MIGUEL CALMON'S JOURNEY TO ASIAN PLANTATIONS (1905); [NEGRAS CORES DE ESCRAVIDÃO PARA NÃO SE VER: RAÇA, CLASSE E NAÇÃO NA VIAGEM DE MIGUEL CALMON A PLANTAÇÕES ASIÁTICAS (1905)]",NEGRO A,2020,VARIA HISTORIA
"BLACK EPISTEMOLOGIES AND MUSIC: A DIALOGUE WITH EMICIDA’S SOBRE CRIANÇAS, QUADRIS, PESADELOS E LIÇÕES DE CASA",ABREU M,2023,HISPANIA
"BLACK FEMINICIDES IN BRAZILIAN LITERATURE AND SOCIETY: THE NECROPOLITICS REVERBERATED IN DEATHS MOTIVATED BY GENDER, RACE AND CULTURE; [FEMINICÍDIOS NEGROS NA LITERATURA E NA SOCIEDADE BRASILEIRAS: A NECROPOLÍTICA REVERBERADA EM MORTES MOTIVADAS POR RAÇA E CULTURA]",DA S I,2020,NAU LITERARIA
"BLACK FEMINISM: RACE, IDENTITY AND REPRODUCTIVE HEALTH IN BRAZIL (1975-1993); [FEMINISMO NEGRO: RAÇA, IDENTIDADE E SAÚDE REPRODUTIVA NO BRASIL (1975-1993)]",DAMASCO M;MAIO M;MONTEIRO S,2012,REVISTA ESTUDOS FEMINISTAS
BLACK FREEDOM AND MASTER'S AUTHORITY AT THE TIME OF ABOLITION; [O SAMBA NO SOBRADO DA BARONESA: LIBERDADE NEGRA E AUTORIDADE SENHORIAL NO TEMPO DA ABOLIÇÃO],ALBUQUERQUE W,2018,REVISTA BRASILEIRA DE HISTORIA
BLACK MOMENT IN EDUCATION: GIVING A NEW MEANING AND POLITICIZING THE RACE; [MOVIMENTO NEGRO E EDUCAÇÃO: RESSIGNIFICANDO E POLITIZANDO A RAÇA],GOMES N,2012,EDUCACAO E SOCIEDADE
"BLACK PRESS IN RIO GRANDE DO SUL: ""RACE"" AND GENDER IN THE CAMPAIGN FOR THE MONUMENT OF THE ""BLACK MOTHER"" (1920-1930); [IMPRENSA NEGRA NO RIO GRANDE DO SUL: ""RAÇA"" E GÊNERO NA CAMPANHA AO MONUMENTO DA ""MÃE PRETA"" (1920-1930)]",ZUBARAN M;GUIZZO B,2015,REVISTA DE HISTORIA REGIONAL
"BODY EDUCATION AND POLITICS: CONCEPTIONS OF RACE, HYGIENISM AND EUGENICS IN ARGENTINEAN PHYSICAL EDUCATION; [EDUCAÇÃO DO CORPO E POLÍTICA: CONCEPÇÕES DE RAÇA, EUGENIA E HIGIENE NA EDUCAÇÃO FÍSICA ARGENTINA]; [EDUCACIÓN DEL CUERPO Y POLÍTICA: CONCEPCIONES DE RAZA, HIGIENISMO Y EUGENESIA EN LA EDUCACIÓN FÍSICA ARGENTINA]",GALAK E,2014,MOVIMENTO
"BOTH RESISTANCE AS SURRENDER: RACE, SLAVERY AND POST-EMANCIPATION WITHIN THE AFRO-BRAZILIAN RELIGIONS.; [TANTO RESISTÊNCIA QUANTO RENDIÇÃO: RAÇA, ESCRAVIDÃO E PÓS-EMANCIPAÇÃO NAS RELIGIÕES DE MATRIZ AFRICANA.]; [RESISTENCIA Y RENDICIÓN: RAZA, ESCLAVITUD Y POST-EMANCIPACIÓN EN LAS RELIGIONES AFROBRASILEÑAS.]",DE C B J,2021,DIALOGOS
BRAZILIAN PORTRAIT: RACE AND INSTRUCTION IN DEMOGRAPHIC CENSUS OF NINETEEN CENTURY; [RETRATOS DO BRASIL: RAÇA E INSTRUÇÃO NOS CENSOS POPULACIONAIS DO SÉCULO XIX],GOUVÊA M;XAVIER A,2013,EDUCACAO E SOCIEDADE
"BULLYING IN PUBLIC AND PRIVATE SCHOOLS: THE EFFECTS OF GENDER, RACE, AND SOCIOECONOMIC STATUS; [BULLYING NAS ESCOLAS PÚBLICAS E PRIVADAS: OS EFEITOS DE GÊNERO, RAÇA E NÍVEL SOCIOECONÔMICO]",SANTANA E S C;VILELA E;DE O V,2024,EDUCACAO E PESQUISA
"CABELOS AMBÍGUOS: BELEZA, PODER DE COMPRA E ""RAÇA"" NO BRASIL URBANO",MIZRAHI M,2015,REVISTA BRASILEIRA DE CIENCIAS SOCIAIS
"CENSORED SOCIOLOGY: RACE, CLASS AND SOCIAL SCIENCE RESEARCH IN THE BRAZILIAN MILITARY DICTATORSHIP (1971-1977); [A SOCIOLOGIA CENSURADA: RAÇA, CLASSE E A PESQUISA EM CIÊNCIAS SOCIAIS NA DITADURA MILITAR BRASILEIRA (1971-1977)]",TRAPP R,2021,REVISTA DE HISTORIA (BRAZIL)
"CHARLES BOXER AND THE CHURCH MILITANT: RACE, MISSIONARY ACTIVITIES AND EMPIRE IN THE IBERIAN EXPANSION IN THE 16TH AND 17TH CENTURIES; [CHARLES BOXER E A IGREJA MILITANTE: RAÇA, MISSIONAÇÃO E IMPÉRIO NA EXPANSÃO IBÉRICA DOS SÉCULOS XVI E XVII]",SCHNEIDER A,2019,PROJETO HISTORIA
"CLASS, RACE AND ACCESS TO SUPERIOR EDUCATION; [CLASSE, RAÇA E ACESSO AO ENSINO SUPERIOR NO BRASIL]",OSORIO R,2009,CADERNOS DE PESQUISA
"CLASS, RACE AND GENDER RELATIONS IN THE CONSTITUTION OF INTELLECTUAL DISABILITY; [AS RELAÇÕES DE CLASSE, RAÇA E GÊNERO NA CONSTITUIÇÃO DA DEFI-CIÊNCIA INTELECTUAL]",BUENO J;DOS S N,2021,EDUCACAO AND REALIDADE
"CLASS, RACE AND THE SOCIAL HISTORY OF LABOR IN BRAZIL (2001-2016); [CLASSE, RAÇA E A HISTÓRIA SOCIAL DO TRABALHO NO BRASIL (2001-2016)]",POPINIGIS F;TERRA P,2019,ESTUDOS HISTORICOS
CLEANING UP THE RACE THROUGH THE HANDS OF RURALIST EDUCATION: THE CASE OF THE BUTANTAN RURAL SCHOOL GROUP IN THE 1930S; [HIGIENIZANDO A RAÇA PELAS MÃOS DA EDUCAÇÃO RURALISTA: O CASO DO GRUPO ESCOLAR RURAL DO BUTANTAN EM 1930],MOTA A,2010,"INTERFACE: COMMUNICATION, HEALTH, EDUCATION"
COLONIALITY WITHIN THE PERSPECTIVE OF THE INTERSECTIONALITY OF RACE AND GENDER: AN ANALYSIS OF THE CASE OF DOMESTIC WORKERS IN BRAZIL; [A COLONIALIDADE DO PODER NA PERSPECTIVA DA INTERSECCIONALIDADE DE RAÇA E GÊNERO: ANÁLISE DO CASO DAS EMPREGADAS DOMÉSTICAS NO BRASIL],DE E C V A D;TEODORO M,2020,REVISTA BRASILEIRA DE POLITICAS PUBLICAS
COLOR/RACE INEQUALITIES IN THE AVAILABILITY OF FACILITIES FOR PHYSICAL ACTIVITIES AND SPORTS IN PUBLIC ELEMENTARY SCHOOLS IN BRAZIL; [DESIGUALDADES DE COR/RAÇA NA DISPONIBILIDADE DE INSTALAÇÕES PARA A PRÁTICA DE ATIVIDADES FÍSICAS E ESPORTES NAS ESCOLAS PÚBLICAS DE EDUCAÇÃO BÁSICA DO BRASIL]; [DESIGUALDADES DE COLOR/RAZA EN LA DISPONIBILIDAD DE INSTALACIONES PARA LA PRÁCTICA DE ACTIVIDADES FÍSICAS Y DEPORTIVAS EN ESCUELAS PÚBLICAS DE EDUCACIÓN BÁSICA EN BRASIL],DE J G;DA C M;DIAS L;FILHO V;DE O A R;BARROS A;DOS S A L;SCHRANN M,2023,REVISTA BRASILEIRA DE CIENCIAS DO ESPORTE
"CONFLICTS WITH THE PATIENT, RACE AND CONCEPTIONS HELD BY DENTAL STUDENTS: THE CASE OF UNDERGRADUATES FROM SOUTHERN BRAZIL; [CONFLITOS COM O PACIENTE, COR/RAÇA E CONCEPÇÕES DE ESTUDANTES DE ODONTOLOGIA: UMA ANÁLISE COM GRADUANDOS NO SUL DO BRASIL]",CANDIDO L;FINKLER M;BASTOS J;DE F S,2019,PHYSIS
"CRAFTING THE ""NEW NEGRO WOMAN"": FEMININITY AND RESPECTABILITY IN THE WRITINGS OF AFRICAN AMERICAN ACTIVISTS; [ESCULPINDO A ""NOVA MULHER NEGRA"": FEMINILIDADE E RESPEITABILIDADE NOS ESCRITOS DE ALGUMAS REPRESENTANTES DA RAÇA NOS EUA (1895-1904)]",XAVIER G,2013,CADERNOS PAGU
CRITICAL RACE AND DECOLONIAL THEORY INTERSECTIONS TO UNDERSTAND THE CONTEXT OF ELT IN THE GLOBAL SOUTH; [INTERSECTIONS DES THÉORIES DÉCOLONIALE ET CRITIQUE DE LA RACE POUR COMPRENDRE LE CONTEXTE DE L’ENSEIGNEMENT D’ANGLAIS AU SUD GLOBAL]; [INTERSEÇÕES DAS TEORIAS DECOLONIAL E CRÍTICA DA RAÇA PARA ENTENDER O CONTEXTO DO ENSINO DO INGLÊS NO SUL GLOBAL]; [INTERSECCIONES DE LAS TEORÍAS DECOLONIAL Y CRÍTICA DE LA RAZA PARA ENTENDER EL CONTEXTO DE LA ENSEÑANZA DEL INGLÉS EN EL SUR GLOBAL],BONILLA-MEDINA S;FINARDI K,2022,IKALA
"CUIDAR DO OUTRO, CUIDAR DA ÁGUA: GÊNERO E RAÇA NA PRODUÇÃO DA CIDADE",PIEROBON C;FERNANDES C,2023,ESTUDOS AVANCADOS
"CULINARY AND FOOD IN GILBERTO FREYRE: RACE, IDENTITY AND MODERNITY; [CULINÁRIA E ALIMENTAÇÃO EM GILBERTO FREYRE: RAÇA, IDENTIDADE E MODERNIDADE]",DA S N,2014,LATIN AMERICAN RESEARCH REVIEW
"CULINARY AND FOOD IN THE WORKS OF GILBERTO FREYRE: RACE, IDENTITY AND MODERNITY; [CULINÁRIA E ALIMENTAÇÃO EM GILBERTO FREYRE: RAÇA, IDENTIDADE E MODERNIDADE]",DA S N,2014,LATIN AMERICAN RESEARCH REVIEW
"CULTURAL PRAGMATIC IN BLACK PERSPECTIVE: RACE, MANDINGA AND BLACK-LINGUISTIC KNOWLEDGE IN THE UNIFIED BLACK MOVEMENT OF CEARÁ; [PRAGMÁTICA CULTURAL EM PERSPECTIVA PRETA: RAÇA, MANDINGA E SABERES NEGRO-LINGUÍSTICOS NO MOVIMENTO NEGRO UNIFICADO DO CEARÁ]",DO B M,2022,CADERNOS DE LINGUAGEM E SOCIEDADE
DEATH RITUALS OF TRAVESTIS AND TRANSGENDER PEOPLE: WHAT IS THAT SAYS?,SANTOS D;GONÇALVES S;DA S S;PINHEIRO A,2019,POLEM!CA
"DECODING THE INVISIBLE INK: BLACK READERSHIP OF MACHADO DE ASSIS IN THE PAGES OF GETULINO, 0 CLARIM D’ALVORADA AND A VOZ DA RAÇA (1923–1933); [DECODIFICANDO A TINTA INVISÍVEL: LEITORES NEGROS DE MACHADO DE ASSIS NAS PÁGINAS DE GETULINO, 0 CLARIM D’ALVORADA E A VOZ DA RAÇA (1923–1933)]",FLAHERTY-ECHEVERRÍA S;DE O L,2024,MACHADO DE ASSIS EM LINHA
"DESCOLONIZAR OS LIVROS DIDÁTICOS: RAÇA, GÊNERO E COLONIALIDADE NOS LIVROS DE EDUCAÇÃO DO CAMPO; [DECOLONIZING TEXTBOOKS: RACE, GENDER AND COLONIALITY IN RURAL EDUCATION TEXTBOOKS]",DE O R,2017,REVISTA BRASILEIRA DE EDUCACAO
"DIADORIM, HERMÓGENES, AND THE ANCIENTS: MEN OF LINEAGE IN THE BACKLANDS; [DIADORIM, HERMÓGENES E OS ANTIGOS: HOMENS DA RAÇA DE FERRO NO SERTÃO]; [DIADORIM, HERMÓGENES Y LOS ANTIGUOS: HOMBRES DE LA RAZA DE HIERRO EN EL SERTÃO]",DA C L,2019,TOPOI (BRAZIL)
DIALECTICS OF THE OVERSEER; [DIALÉTICA DO FEITOR1],GATO M,2021,NOVOS ESTUDOS CEBRAP
DID SOMEONE MENTION QUARE THEORY? THINKING RACE AND SEXUALITY FROM NORTH AMERICAN BLACK LGBTQIA+ INTELLECTUALS’ CRITIQUE OF QUEER THEORY; [ALGUÉM FALOU EM TEORIA QUARE? PENSANDO RAÇA E SEXUALIDADE A PARTIR DA CRÍTICA DE INTELECTUAIS LGBTQIA + NEGRES NORTE-AMERICANES À TEORIA QUEER],DE A W R,2021,REVISTA BRASILEIRA DE HISTORIA
"DIFFERENCE, BODY AND NARRATIVE: THE VISIBILITY AND NON-VISIBILITY OF DISABILITY, RACE AND SEXUALITY IN SIMON DICKEL; [DIFERENÇA, CORPO E NARRATIVA: A VISIBILIDADE E A NÃO VISIBILIDADE DA DEFICIÊNCIA, RAÇA E SEXUALIDADE EM SIMON DICKEL]",BARBOSA-FOHRMANN A,2023,REVISTA DE ESTUDOS EMPIRICOS EM DIREITO
"DIFFERENCES AND INEQUALITIES IN NEGOTIATION: RACE, SEXUALITY AND GENDER IN RECENT ACADEMIC PRODUCTIONS; [DIFERENÇAS E DESIGUALDADES NEGOCIADAS: RAÇA, SEXUALIDADE E GÊNERO EM PRODUÇÕES ACADÊMICAS RECENTES]",MOUTINHO L,2014,CADERNOS PAGU
DISSEMINA LAB — NEW APPROACHES TO RACE AND GENDER IN CONTEMPORARY MEDIA; [DISSEMINA LAB — NOVOS ENFOQUES DE GÊNERO E RAÇA NA MÍDIA CONTEMPORÂNEA],RODRIGUES G;DOS S P;PAULLA M,2021,REVISTA DE COMUNICACAO E LINGUAGENS
"DO GENDER, CLASS, AND RACE HAVE DISABILITY? ASIAN-BRAZILIAN HISTORIES AND ACTIVISMS; [GÊNERO, CLASSE E RAÇA TÊM DEFICIÊNCIA? HISTÓRIAS E ATIVISMOS ASIÁTICO-BRASILEIROS]; [¿GÉNERO, CLASE Y RAZA TIENEN DISCAPACIDAD? HISTORIAS Y ACTIVISMOS ASIÁTICO-BRASILEÑOS]",LOPES P;HIGA L,2024,REVISTA ESTUDOS FEMINISTAS
DOSSIÊ RETRATO DAS DESIGUALDADES DE GÊNERO E RAÇA APRESENTAÇÃO,BONETTI A;QUERINO A,2009,REVISTA ESTUDOS FEMINISTAS
"EDUCATION FOR ETHNIC-RACIAL RELATIONS IN HIGHER EDUCATION: ANALYSIS OF FEDERAL LAW NO 10,639/03 UNDER THE INTERSECTIONAL PERSPECTIVE",SANTANA D;EUFRAZIO M;DE F N;DA S A,2022,HUMANIDADES & INOVACAO
"EDUCATIONAL INEQUALITIES IN METROPOLISES: TERRITORY, SOCIOECONOMIC STATUS, RACE, AND GENDER; [DESIGUALDADES EDUCACIONAIS EM METRÓPOLES: TERRITÓRIO, NÍVEL SOCIOECONÔMICO, RAÇA E GÊNERO]; [DESIGUALDADES EDUCATIVAS EN METRÓPOLIS: TERRITÓRIO, CONDICIÓN SOCIOECONÓMICA, RAZA E GÉNERO]",ERNICA M;RODRIGUES E,2020,EDUCACAO E SOCIEDADE
"EPIDEMIOLOGICAL PROFILE OF ADOLESCENTS LIVING WITH HIV/AIDS IN ESPIRITO SANTO, BRAZIL: A CROSS-SECTIONAL STUDY",FIALHO C;BONOMO M;DA S S;MIRANDA A,2023,JOURNAL OF HUMAN GROWTH AND DEVELOPMENT
EQUITY AND PERFORMANCE IN THE NATIONAL HIGH SCHOOL EXAM: A STUDY ON SEX AND RACE IN BRAZILIAN MUNICIPALITIES; [EQUIDADE E DESEMPENHO NO EXAME NACIONAL DO ENSINO MÉDIO: UM ESTUDO SOBRE SEXO E RAÇA NOS MUNICÍPIOS BRASILEIROS]; [EQUIDAD Y DESEMPEÑO EN EL EXAMEN NACIONAL DE ENSEÑANZA MEDIA: UN ESTUDIO SOBRE SEXO Y RAZA EN MUNICIPIOS BRASILEÑOS],DE M C;PERES R;BARBOSA M;PEDREIRA C,2022,EDUCATION POLICY ANALYSIS ARCHIVES
ETHNICITY AND RACE IN ENGLISH LANGUAGE ACTIVITIES AT A UNIVERSITY IN BAHIA; [ETHNICITÉ ET RACE DANS LE CADRE D’ACTIVITÉS EN LANGUE ANGLAISE DANS UNE UNIVERSITÉ À BAHIA]; [ETNICIDADE E RAÇA EM ATIVIDADES DE LÍNGUA INGLESA EM UMA UNIVERSIDADE NA BAHIA]; [ETNICIDAD Y RAZA EN ACTIVIDADES DE LENGUA INGLESA EN UNA UNIVERSIDAD EN BAHÍA],NASCIMENTO G,2019,CADERNOS DE PESQUISA
EUGENICS AND RACE IN THE POST-WAR: THE JOURNAL MANKIND QUARTERLY AND THE THEORIES OF THE FAR-RIGHT; [EUGENIA E RAÇA NO PÓS-GUERRA: O PERIÓDICO MANKIND QUARTERLY E AS TEORIZAÇÕES DA EXTREMA-DIREITA],MUNARETO G,2023,REVISTA BRASILEIRA DE HISTORIA
"EUGENICS, SCIENTIFIC RACISM AND ANTI-RACISM IN BRAZIL: DEBATES ABOUT SCIENCE, RACE AND IMMIGRATION IN THE BRAZILIAN EUGENIC MOVEMENT (1920-1930); [EUGENIA, RACISMO CIENTÍFICO E ANTIRRACISMO NO BRASIL: DEBATES SOBRE CIÊNCIA, RAÇA E IMIGRAÇÃO NO MOVIMENTO EUGÊNICO BRASILEIRO (1920-1930)]",DE S V,2022,REVISTA BRASILEIRA DE HISTORIA
EVOLUTION OF SOCIOECONOMIC INEQUALITIES IN CONDUCTING PRENATAL CONSULTATIONS AMONG BRAZILIAN PARTURIENT WOMEN: ANALYSIS OF THE PERIOD 2000-2015; [EVOLUÇÃO DAS DESIGUALDADES SOCIOECONÔMICAS NA REALIZAÇÃO DE CONSULTAS DE PRÉ-NATAL ENTRE PARTURIENTES BRASILEIRAS: ANÁLISE DO PERÍODO 2000-2015],MALLMANN M;BOING A;TOMASI Y;ANJOS J;BOING A,2018,EPIDEMIOLOGIA E SERVICOS DE SAUDE : REVISTA DO SISTEMA UNICO DE SAUDE DO BRASIL
"FACTORS ASSOCIATED WITH CURE WHEN TREATING TUBERCULOSIS IN THE STATE OF RIO DE JANEIRO, BRAZIL, 2011-2014; [FATORES ASSOCIADOS À CURA NO TRATAMENTO DA TUBERCULOSE NO ESTADO DO RIO DE JANEIRO, 2011-2014]",SANTOS J;SALES C;PRADO T;MACIEL E,2018,EPIDEMIOLOGIA E SERVICOS DE SAUDE : REVISTA DO SISTEMA UNICO DE SAUDE DO BRASIL
"FEAR OF CRIME AND VICTIMIZATION IN THE FEDERAL DISTRICT: ANALYZING THE VULNERABILITIES OF GENDER, AGE, RACE AND INCOME; [MEDO DO CRIME E VITIMIZAÇÃO NO DISTRITO FEDERAL: ANALISANDO AS VULNERABILIDADES DE GÊNERO, IDADE, RAÇA E RENDA]",TRINDADE A;DURANTE M,2019,DILEMAS
"FEMININITIES AND MASCULINITIES IN THE CONTEMPORARY SCENE: ANALYSIS OF THE SPECTACLE CAMINHO DA SEDA, BY SAO PAULO'S RACA DANCE COMPANY",DE A M;MARQUES D;ROBLE O;SARAIVA M,2015,MOVIMENTO
"FEMININITIES AND MASCULINITIES IN THE CONTEMPORARY SCENE: ANALYSIS OF THE SPECTACLE CAMINHO DA SEDA, BY SÃO PAULO’S RAÇA DANCE COMPANY; [FEMINILIDADES E MASCULINIDADES NA CENA CONTEMPORÂNEA: ANÁLISE DO ESPETÁCULO CAMINHO DA SEDA - RAÇA CIA DE DANÇA DE SÃO PAULO]; [FEMINIDADES Y MASCULINIDADES EN LA ESCENA CONTEMPORÁNEA: ANÁLISIS DE LO ESPECTÁCULO CAMINHO DA SEDA - RAÇA CIA DE DANZA DE SÃO PAULO]",DE A M;MARQUES D;ROBLE O;SARAIVA M,2015,MOVIMENTO
"FIGHTING ""STUPID RACIAL PREJUDICES"": MAPPING OF THE RIO GRANDE DO SUL BLACK PRESS AND THE CASE OF SANTA MARIA/RS; [COMBATENDO ""ESTULTOS PRECONCEITOS DE RAÇA"": MAPEAMENTO DA IMPRENSA NEGRA DO RIO GRANDE DO SUL E O CASO DE SANTA MARIA/RS]",PEDROSO G;LIMA T;DE O F,2022,REVISTA DO INSTITUTO HISTORICO E GEOGRAFICO DO RIO GRANDE DO SUL
"FITTING MATHEMATICAL MODELS TO LACTATION CURVES FROM HOLSTEIN COWS IN THE SOUTHWESTERN REGION OF THE STATE OF PARANA, BRAZIL",FERREIRA A;HENRIQUE D;VIEIRA R;MAEDA E;VALOTTO A,2015,ANAIS DA ACADEMIA BRASILEIRA DE CIENCIAS
"FOOTBALL AND BLACK IDENTITY: LIFESTYLE CONSTRUCTION IN A VOZ DA RAÇA IN SÃO PAULO, BRAZIL, IN 1933",DA R C;DE S R;DA S C,2024,INTERNATIONAL JOURNAL OF THE HISTORY OF SPORT
FOR A CULTURAL HISTORY OF RACE: URGENT REFLECTIONS ON REMOTE AND RECENT TIMES; [POR UMA HISTÓRIA CULTURAL DA RAÇA: REFLEXÕES URGENTES SOBRE TEMPOS REMOTOS E RECENTES],MOTA A,2023,REVISTA BRASILEIRA DE HISTORIA
FROM JUVENILE JUSTICE TO CRIMINAL JUSTICE: RACE AND PSYCHOSOCIAL PROFILES AS PREDICTORS; [DA JUSTIÇA JUVENIL À JUSTIÇA CRIMINAL: RAÇA E PERFIS PSICOSSOCIAIS COMO PREDITORES]; [DE LA JUSTICIA JUVENIL A LA JUSTICIA PENAL: RAZA Y PERFILES PSICOSOCIALES COMO PREDICTORES],GEORGINI G;GALINARI L;BAZON M,2024,PAIDEIA
FROM THE 'BAIXADA' UP TO THE 'SOUTH ZONE': PATHS OF POLITICAL RACE VIOLENCE IN RIO DE JANEIRO; [DA BAIXADA À ZONA SUL: CAMINHOS DA VIOLÊNCIA POLÍTICA DE RAÇA NO RIO DE JANEIRO],LINS I,2023,REVISTA BRASILEIRA DE SEGURANCA PUBLICA
"FUNDAMENTAL THEMATIC IN GENDER AND SCIENCES IN BRAZIL: RACE/ETHNICS, IS THERE A LACK?; [TEMÁTICAS PRIORITÁRIAS NO CAMPO DE GÊNERO E CIÊNCIAS NO BRASIL: RAÇA/ETNIA, UMA LACUNA?]",MINELLA L,2013,CADERNOS PAGU
GENDER AND RACE IN THE BRAZILIAN CINEMA; [GENRE ET RACE DANS LE CINÉMA BRÉSILIEN]; [GÊNERO E RAÇA NO CINEMA BRASILEIRO],CANDIDO M;CAMPOS L;JÚNIOR J;PORTELA P,2021,REVISTA BRASILEIRA DE CIENCIAS SOCIAIS
"GENDER AND RACE PERFORMANCES IN THE DIGITAL ACTIVISM OF GELEDÉS: INTERSECTIONALITY, INTERACTIONAL POSITIONS AND REFLECTIVITY; [PERFORMANCES DE GÊNERO E RAÇA NO ATIVISMO DIGITAL DE GELEDÉS: INTERSECCIONALIDADE, POSICIONAMENTOS INTERACIONAIS E REFLEXIVIDADE]",SILVA D,2020,REVISTA BRASILEIRA DE LINGUISTICA APLICADA
GENDER AND RACE VULNERABILITY AND THE INTERSECTIONAL VIEW AT DISASTERS; [VULNERABILIDADE DE GÊNERO E RAÇA E OS DESASTRES SOCIONATURAIS]; [VULNERABILIDAD DE GÉNERO Y RAZA Y LA MIRADA INTERSECCIONAL DE LOS DESASTRES],GANTUS-OLIVEIRA T,2024,REVISTA ESTUDOS FEMINISTAS
GENDER AND RACE: A STUDY OF SELF-EFFICACY IN PHYSICS AMONG UNIVERSITY STUDENTS; [GENRE ET RACE: UNE ÉTUDE SUR L’AUTO-EFFICACITÉ DES ÉTUDIANTS EN PHYSIQUE]; [GÊNERO E RAÇA: UM ESTUDO SOBRE AUTOEFICÁCIA EM FÍSICA DE ALUNOS UNIVERSITÁRIOS]; [GÉNERO Y RAZA: UN ESTUDIO SOBRE LA AUTOEFICACIA EN FÍSICA DE ESTUDIANTES UNIVERSITARIOS],RAMOS I;DA S A;PANTOJA G,2022,CADERNOS DE PESQUISA
GENDER AND RACE: SOUTHERN TRANSITS IN PERSPECTIVE; [GÊNERO E RAÇA: TRÂNSITOS DO SUL EM PERSPECTIVA],DOS A J;VIEIRA M,2022,SOCIOLOGIAS
"GENDER JUSTICE IN FEMINIST ANALYSIS OF PUBLIC POLICIES IN ARGENTINA, BRAZIL AND CHILE; [JUSTIÇA DE GÊNERO NA ANÁLISE FEMINISTA DE POLÍTICAS PÚBLICAS EM ARGENTINA, BRASIL E CHILE]",MUÑOZ-CABRERA P;RANGEL P,2018,REVISTA ESTUDOS FEMINISTAS
"GENDER, CLASS AND RACE: THE INTERSECTIONALITY AND CONSUBSTANTIALITY OF SOCIAL RELATIONS; [GÊNERO, CLASSE E RAÇA: INTERSECCIONALIDADE E CONSUBSTANCIALIDADE DAS RELAÇÕES SOCIAIS]",HIRATA H,2014,TEMPO SOCIAL
"GENDER, RACE, AND NATIONALITY ORDERS OF INDEXICALITY IN TWO CONSUMED OBJECTS DURING THE 2014 WORLD CUP; [AS ORDENS DE INDEXICALIDADE DE GÊNERO, DE RAÇA E DE NACIONALIDADE EM DOIS OBJETOS DE CONSUMO EM TEMPOS DE COPA DO MUNDO 2014]",DE M G;FERREIRA J,2017,REVISTA BRASILEIRA DE LINGUISTICA APLICADA
"GENDER, RACE, SCHOOL DROPOUT AND EXPULSION: WHY DO GIRLS AND BOYS STOP ATTENDING SCHOOL?; [GÊNERO, RAÇA, EVASÃO E EXPULSÃO ESCOLAR: POR QUE OS ALUNOS E AS ALUNAS DEIXAM DE FREQUENTAR A ESCOLA?]; [GÉNERO, RAZA, ABSENTISMO ESCOLAR Y EXPULSIÓN: ¿POR QUÉ LOS ESTUDIANTES DEJAN DE IR A LA ESCUELA?]",RATUSNIAK C,2024,REVISTA BRASILEIRA DE EDUCACAO
"GENDER, SEX AND RACE AND THE FORMATION OF FEMALES SUBJECTIVITIES IN CUBA, XIX CENTURY; [GÊNERO, SEXO E RAÇA E A FORMAÇÃO DE SUBJETIVIDADES FEMININAS EM CUBA, SÉCULO XIX]",CABRERA O,2017,REVISTA ESTUDOS FEMINISTAS
"GIRLS FROM THE SYSTEM: AN INTERSECTIONAL ANALYSIS OF THE PROFILE OF ADOLESCENT GIRLS DEPRIVED OF THEIR FREEDOM IN CEARÁ; [MENINAS ALVO DO SISTEMA: INTERSECÇÕES NECROPOLÍTICAS DE GÊNERO, SEXUALIDADE, RAÇA, TERRITÓRIO E CLASSE NA TRAJETÓRIA DAS ADOLESCENTES PRIVADAS DE LIBERDADE NO CEARÁ]",DA S V;MOURA J;JR ,2021,MARGENS
GÊNERO E RAÇA SOB ENFOQUE DECOLONIAL,TEIXEIRA A;PASSIANI E,2022,SOCIOLOGIAS
"HEALTH, CURRICULUM AND EDUCATION: EXPERIENCES ABOUT RACE, ETHNICITY AND GENDER; [SAÚDE, CURRÍCULO, FORMAÇÃO: EXPERIÊNCIAS SOBRE RAÇA, ETNIA E GÊNERO]; [SALUD, CURRÍCULUM, EDUCACIÓN: EXPERIENCIAS SOBRE RAZA, ETNIA Y GÉNERO]",MONTEIRO R;DOS S M;DE A E,2021,"INTERFACE: COMMUNICATION, HEALTH, EDUCATION"
"HIGH TAXES FOR WHOM? AN EXAMINATION OF INEQUALITY IN STATE TAXATION BY INCOME, GENDER, AND RACE; [IMPOSTO ALTO PARA QUEM? UMA ANÁLISE DA DESIGUALDADE NA TRIBUTAÇÃO ESTADUAL A PARTIR DE RENDA, GÊNERO E RAÇA]",COSTA B;DE L B L,2024,REVISTA DE SOCIOLOGIA E POLITICA
HISTORICAL SOCIOLOGY AND INTERPRETATION OF RACISM IN BRAZIL; [SOCIOLOGIA HISTÓRICA E INTERPRETAÇÃO DO RACISMO NO BRASIL],GATO M,2024,TEMPO SOCIAL
"HISTORY OF AFRO-BRAZILIANS, AFRICANS, AND ANTI-RACIST EDUCATION: THE PERSPECTIVE OF PROFESSORS WORKING ON TEACHER TRAINING; [HISTÓRIA DOS AFRO-BRASILEIROS, AFRICANOS E A EDUCAÇÃO ANTIRRACISTA: O OLHAR DAS/OS PROFESSORAS/ES DAS LICENCIATURAS]",DIALLO C;DE L C,2022,EDUCACAO E PESQUISA
"HORIZONTAL OPPORTUNITIES IN ACCESS TO HIGHER EDUCATION IN BRAZIL: SOCIOECONOMIC STATUS, GENDER AND RACE IN A CONTEXT OF EDUCATIONAL EXPANSION; [ESTRATIFICAÇÃO HORIZONTAL DA EDUCAÇÃO SUPERIOR NO BRASIL: DESIGUALDADES DE CLASSE, GÊNERO E RAÇA EM UM CONTEXTO DE EXPANSÃO EDUCACIONAL]",CARVALHAES F;RIBEIRO C,2019,TEMPO SOCIAL
"HUMAN RIGHTS, DECOLONIALITY AND DECOLONIAL FEMINISM: THEORETICAL TOOLS FOR UNDERSTANDING RACE AND GENDER IN SUBALTERN SPACES; [DIREITOS HUMANOS, DECOLONIALIDADE E FEMINISMO DECOLONIAL: FERRAMENTAS TEÓRICAS PARA A COMPREENSÃO DE RAÇA E GÊNERO NOS LOCAIS DE SUBALTERNIDADE]",PASSOS R;SANTOS L;ESPINOZA F,2020,REVISTA BRASILEIRA DE POLITICAS PUBLICAS
"IDENTIFYING THE UN-NAMED WHITENESS: RACE, BODY, AND NATION IN REPRESENTATIONS OF GISELE BÜNDCHEN IN THE TRANSNATIONAL MEDIA; [IDENTIFICANDO A BRANQUIDADE INOMINADA: CORPO, RAÇA E NAÇÃO NAS REPRESENTAÇÕES SOBRE GISELE BÜNDCHEN NA MÍDIA TRANSNACIONAL]",MAIA S,2012,CADERNOS PAGU
"ILLUSTRATIVE DRAMA TEACHING: RACE, GENDER, SEXUALITY AND SOCIAL CLASS IN TEXTBOOKS; [UM ENSINO ILUSTRATIVO DE TEATRO: RAÇA, GÊNERO, SEXUALIDADE E CLASSE SOCIAL EM LIVROS DIDÁTICOS]; [UNA ENSEÑANZA ILUSTRATIVA DEL TEATRO: RAZA, GÉNERO, SEXUALIDAD Y CLASE SOCIAL EN LOS LIBROS DIDÁCTICOS]",CRUVINEL T;SILVEIRA T,2023,URDIMENTO
"IMAGINED HOMELAND: NATIONALISM, RACE AND HUMAN RIGHTS IN ""MEDITAÇÃO"" BY GONÇALVES DIAS; [PÁTRIA IMAGINADA: NACIONALISMO, RAÇA E DIREITOS HUMANOS EM ""MEDITAÇÃO"" DE GONÇALVES DIAS]",PINTO C,2022,NAU LITERARIA
"IMAGINING THE EXPECTED BABY: KINSHIP, BEAUTY AND RACE IN RIO DE JANEIRO; [IMAGINANDO O BEBÊ ESPERADO: PARENTESCO, RAÇA E BELEZA NO RIO DE JANEIRO]",REZENDE C,2016,ETNOGRAFICA
IN THE RACE CHORDS: THE JAZZ ERA IN THE AFRO-BRAZILIAN ENVIRONMENT; [NOS ACORDES DA RAÇA: A ERA DO JAZZ NO MEIO AFRO-BRASILEIRO],DOMINGUES P,2018,TEMPO E ARGUMENTO
"INFLUENCE OF PRODUCTION LEVEL, NUMBER, AND STAGE OF LACTATION ON MILK QUALITY IN COMPOST BARN SYSTEMS",NOGARA K;BUSANELLO M;HORST J;ZOPOLLATTO M,2024,ANAIS DA ACADEMIA BRASILEIRA DE CIENCIAS
"INFORMAL WORK, GENDER AND RACE IN BRAZIL IN THE EARLY 21ST CENTURY; [TRABALHO INFORMAL, GÊNERO E RAÇA NO BRASIL DO INÍCIO DO SÉCULO XXI]",ARAÚJO A;LOMBARDI M,2013,CADERNOS DE PESQUISA
"INTERSECTING AND APPROACHING: CONNECTIONS BETWEEN RACE, GENDER AND SEXUALITY; [INTERSECCIONANDO E APROXIMANDO: CONEXÕES ENTRE RAÇA, GÊNERO E SEXUALIDADE]; [INTERSECCIÓN Y ACERCAMIENTO: CONEXIONES ENTRE RAZA, GÉNERO Y SEXUALIDAD]",OLIVEIRA C,2024,REVISTA ESTUDOS FEMINISTAS
"INTERSECTIONALITY OF GENDER, CLASS AND RACE, AND VULNERABILITY OF BLACK FEMALE ADOLESCENTS TO STD/AIDS; [INTERSECCIONALIDADE DE GÊNERO, CLASSE E RAÇA E VULNERABILIDADE DE ADOLESCENTES NEGRAS ÀS DST/AIDS]",TAQUETTE S,2010,SAUDE E SOCIEDADE
INTERSECTIONALITY: PROPOSAL FOR A PROVISIONAL THEORETICAL MAP; [INTERSECCIONALIDADE: PROPOSTA DE UM MAPA TEÓRICO PROVISÓRIO]; [INTERSECCIONALIDAD: PROPUESTA DE UN MAPA TEÓRICO PROVISORIO],KYRILLOS G,2024,REVISTA ESTUDOS FEMINISTAS
"IT'S NATION TIME! JAZZ, RACE AND POLITICS IN THE WRITINGS OF FRANTZ FANON AND AMIRI BARAKA (1950-1970); [IT'S NATION TIME! JAZZ, RAÇA E POLÍTICA NOS ESCRITOS DE FRANTZ FANON E AMIRI BARAKA (1950-1970)]",RIBEIRO A;JÚNIOR ,2024,REVISTA DE HISTORIA (BRAZIL)
JAMBO COLOUR AND OTHER AMAZONIAN HUES: ON THE ABOLITION OF THE MULATA AND THE ADVENT OF THE MORENA CHEIROSA AT THE JUNE FESTIVALS OF BELÉM; [COLOR DE YAMBO Y OTROS MATICES AMAZÓNICOS: SOBRE LA ABOLICIÓN DE LA MULATA Y LA LLEGADA DE LA MORENA CHEIROSA EN LAS FIESTAS DE JUNIO EN BELÉM]; [COR DE JAMBO E OUTROS MATIZES AMAZÔNICOS: SOBRE A ABOLIÇÃO DA MULATA E O ADVENTO DA MORENA CHEIROSA NAS FESTAS JUNINAS DE BELÉM],NOLETO R,2018,MANA: ESTUDOS DE ANTROPOLOGIA SOCIAL
"KEPT PHOTOGRAPHS, MARKED BODIES, THE WORK OF TIME: RACE AND GENDER IN THE PRODUCTION OF HOME AND CITY; [FOTOGRAFIAS GUARDADAS, CORPOS MARCADOS, TRABALHO DO TEMPO: RAÇA E GÊNERO NA PRODUÇÃO DA CASA E DA CIDADE]; [FOTOGRAFÍAS GUARDADAS, CUERPOS MARCADOS, TRABAJO DEL TIEMPO: RAZA Y GÉNERO EN LA PRODUCCIÓN DE LA CASA Y DE LA CIUDAD]",DOS S G A,2023,MANA: ESTUDOS DE ANTROPOLOGIA SOCIAL
KLEBER AMANCIO: REFLECTIONS ON RACE AND ART HISTORY IN BRAZIL; [KLEBER AMANCIO: REFLEXÕES SOBRE RAÇA E HISTÓRIA DA ARTE NO BRASIL],PEREIRA B;OLIVEIRA P,2021,PROJETO HISTORIA
LANGUAGE AND RACE IN COLONIAL BRAZIL; [LÍNGUA E RAÇA NO BRASIL COLONIAL],SEVERO C;MAKONI S,2023,INTERNATIONAL JOURNAL OF THE SOCIOLOGY OF LANGUAGE
"LAW, RACE AND GENDER: ELEMENTS FOR THE CONSTRUCTION OF A FEMINIST LEGAL THEORY SUITABLE TO BLACK FEMINISM; [DIREITO, RAÇA E GÊNERO: ELEMENTOS PARA A CONSTRUÇÃO DE UMA TEORIA FEMINISTA DO DIREITO ADEQUADA AO FEMINISMO NEGRO]",CALIL M;MARKMAN D,2020,REVISTA BRASILEIRA DE POLITICAS PUBLICAS
LE CORBUSIER 1929: RACE IN RIO DE JANEIRO AND LATIN AMERICA; [LE CORBUSIER 1929: RAÇA NO RIO DE JANEIRO E NA AMÉRICA LATINA]; [LE CORBUSIER 1929: RAZA EN RÍO DE JANEIRO Y AMÉRICA LATINA],BRAGAIA F,2023,ARS (SAO PAULO)
"LEARNING FROM RYUKO KUBOTA: APPLIED LINGUISTICS, RACE, IDENTITY, AND CRITICAL APPROACHES; [APRENDENDO COM RYUKO KUBOTA: LINGUÍSTICA APLICADA, RAÇA, IDENTIDADE E ABORDAGENS CRÍTICAS]",KUBOTA R;HIBARINO D;DA S J,2023,REVISTA BRASILEIRA DE LINGUISTICA APLICADA
"LESBIANS HAVE THIS HABIT OF GOING FROM HERE TO THERE, FROM HERE TO THERE…: INTERVIEW WITH HELIANA HEMETÉRIO; [AS LÉSBICΑS TÊM ESSA MANIA DE SAIR DAQUI PRA LÁ, DAQUI PRA ACOLÁ…: ENTREVISTA COM HELIANA HEMETÉRIO]; [LAS LESBIANAS TIENEN ESTA MANÍA DE IR DE AQUÍ PARA ALLÁ, DE AQUÍ PARA ACOLÁ…: ENTREVISTA CON HELIANA HEMETÉRIO]",LAHNI C,2021,REVISTA ESTUDOS FEMINISTAS
"LIBERTANDO-SE DAS AMARRAS: REFLEXÕES SOBRE GÊNERO, RAÇA E PODER",GOMES N,2019,CURRICULO SEM FRONTEIRAS
LOUIS-JOSEPH JANVIER AND “THE DETRACTORS OF THE BLACK RACE”: AN ANTHROPOLOGICAL CRITIQUE; [LOUIS-JOSEPH JANVIER & “OS DETRATORES DA RAÇA NEGRA”: CRÍTICA ANTROPOLÓGICA],DÉUS F,2024,VIBRANT VIRTUAL BRAZILIAN ANTHROPOLOGY
"LOVES OVES AND VAPORS: SAUNA, RACE AND VIRILE PROSTITUTION IN SÃO PAULO; [AMORES E VAPORES: SAUNA, RAÇA E PROSTITUIÇÃO VIRIL EM SÃO PAULO]",SANTOS E;PEREIRA P,2016,REVISTA ESTUDOS FEMINISTAS
"MANNERS AND BODIES: COLOR/RACE, GENDER, SEXUALITY AND YOUTHFUL SOCIABILITY IN THE HISTORIC DOWNTOWN OF SÃO PAULO; [JEITOS DE CORPO: COR/RAÇA, GÊNERO, SEXUALIDADE E SOCIABILIDADE JUVENIL NO CENTRO DE SÃO PAULO]",SIMÕES J;FRANÇA I;MACEDO M,2010,CADERNOS PAGU
METAMORPHOSIS OF THE YELLOW: JAPANESE IMMIGRATION FROM “YELLOW PERIL” TO “RACIAL DEMOCRACY”; [METAMORFOSES DO AMARELO: A IMIGRAÇÃO JAPONESA DO “PERIGO AMARELO” À “DEMOCRACIA RACIAL”],HAYASHI B,2022,REVISTA BRASILEIRA DE CIENCIAS SOCIAIS
MUSICIANS AND THEIR WORK: GENDER AND RACE DIFFERENCES; [OS MÚSICOS E SEU TRABALHO: DIFERENÇAS DE GÊNERO E RAÇA],SEGNINI L,2014,TEMPO SOCIAL
NATIONAL FORMATIONS OF CLASS AND RACE; [FORMAÇÕES NACIONAIS DE CLASSE E RAÇA],GUIMARÃES A,2016,TEMPO SOCIAL
"NECROBIOPODER: MATERNIDADE, RAÇA E GÊNERO ENTRE BRASIL E PORTUGAL",BENTO B;COSTA K;COSTA B,2024,CADERNOS PAGU
NECROCURRÍCULO: DEIXAR VIVER E FAZER MORRER O SABER AFRICANO E AFRODIASPÓRICO NA POLÍTICA EDUCACIONAL BRASILEIRA,GARRIDO A;LIBERALI F,2024,JOURNAL OF CURRICULUM AND PEDAGOGY
"NEGOTIATING WITH ADVERSITY: DISCUSSION ON ""RACE"", (HOMO)SEXUALITY AND SOCIAL INEQUALITY IN RIO DE JANEIRO; [NEGOCIANDO COM A ADVERSIDADE: REFLEXÕES SOBRE ""RAÇA"", (HOMOS)SEXUALIDADE E DESIGUALDADE SOCIAL NO RIO DE JANEIRO]",MOUTINHO L,2006,REVISTA ESTUDOS FEMINISTAS
NOTION OF MOBILITY IN LAFONT: PORTRAIT OF A BLACK WOMAN IN THE WEST AS AN EXTERNALIZATION OF AFRICANITY; [NOÇÃO DE MOBILIDADE EM LAFONT: RETRATO DE UMA MULHER NEGRA NO OCIDENTE COMO EXTERNALIZAÇÃO DA AFRICANIDADE],TREVELIN G,2024,FRONTEIRAS(BRAZIL)
O ABRAÇO DA HERA. RAÇA E ESCRAVIDÃO NA UNIVERSIDADE,PERES E,2015,ESTUDOS AVANCADOS
OCCUPATIONAL SEGREGATION AND INCOME GAP BY GENDER AND RACE IN BRAZIL: AN AGE GROUP ANALYSIS; [SEGREGAÇÃO OCUPACIONAL E DIFERENCIAIS DE RENDA POR GÊNERO E RAÇA NO BRASIL: UMA ANÁLISE DE GRUPOS ETÁRIOS]; [SEGREGACIÓN OCUPACIONAL Y DIFERENCIALES DE INGRESOS POR GÉNERO Y RAZA EN BRASIL: UN ANÁLISIS DE GRUPOS DE EDAD],SILVEIRA L;SIQUEIRA N,2021,REVISTA BRASILEIRA DE ESTUDOS DE POPULACAO
"ON THE RAZOR'S EDGE: SICKLE CELL ANEMIA, RACE AND THE IMPLICATIONS IN HEALTH CARE; [NO FIO DA NAVALHA: ANEMIA FALCIFORME, RAÇA E AS IMPLICAÇÕES NO CUIDADO À SAÚDE]",LAGUARDIA J,2006,REVISTA ESTUDOS FEMINISTAS
OTHERNESS AND RACE BETWEEN AFRICA AND BRAZIL: WHITENESS AND DECENTERING IN THE BRAZILIAN SOCIAL SCIENCES; [ALTERIDADE E RAÇA ENTRE ÁFRICA E BRASIL: BRANQUIDADE E DESCENTRAMENTOS NAS CIÊNCIAS SOCIAIS BRASILEIRAS],PEREIRA L,2020,REVISTA DE ANTROPOLOGIA
PARA ALÉM DO ACESSO E DA INCLUSÃO: IMPACTOS DA RACA SOBRE A EVASAO E A CONCLUSAO NO ENSINO SUPERIOR,DA C A;PICANÇO F,2020,NOVOS ESTUDOS CEBRAP
PEDAGOGICAL PRACTICES FOR THE INITIAL GRADES OF ELEMENTARY SCHOOL: A CASE STUDY ON CHILDHOODS AND BLACKNESS,XAVIER N;DIALLO C,2024,PERSPECTIVAS EM DIALOGO-REVISTA DE EDUCACAO E SOCIEDADE
"PERIOD POVERTY BEHIND THE NUMBERS: GENDER, RACE, AND CLASS IN THE MENSTRUAL EXPERIENCES OF GIRLS FROM AN URBAN PERIPHERY IN BRAZIL; [POBREZA MENSTRUAL MÁS ALLÁ DE LAS CIFRAS: GÉNERO, RAZA Y CLASE EN LAS EXPERIENCIAS MENSTRUALES DE NIÑAS DE UNA PERIFERIA URBANA BRASILEÑA]; [POBREZA MENSTRUAL ALÉM DOS NÚMEROS: GÊNERO, RAÇA E CLASSE NAS EXPERIÊNCIAS MENSTRUAIS DE MENINAS DE UMA PERIFERIA URBANA BRASILEIRA]",MENEGOTTO J;RIBEIRO F,2024,"TAPUYA: LATIN AMERICAN SCIENCE, TECHNOLOGY AND SOCIETY"
"POLITICS OF RECOGNITION, RACE AND DEMOCRACY IN BRAZIL; [POLÍTICA DE RECONHECIMENTO, RAÇA E DEMOCRACIA NO BRASIL]",AVRITZER L;GOMES L,2013,DADOS
PRECARIEDADE OCUPACIONAL: UMA QUESTÃO DE GÊNERO E RAÇA,PRONI M;GOMES D,2015,ESTUDOS AVANCADOS
"PRESENTATION: RACE, ETHNICITY, GENDER: EXPERIENCES IN HEALTH EDUCATION; [APRESENTAÇÃO: RAÇA, ETNIA, GÊNERO: EXPERIÊNCIAS NA FORMAÇÃO EM SAÚDE]; [PRESENTACIÓN: RAZA, ETNIA, GÉNERO: EXPERIENCIAS EN EDUCACIÓN PARA LA SALUD]",CYRINO E,2021,"INTERFACE: COMMUNICATION, HEALTH, EDUCATION"
"PRINCE ROLAND BONAPARTE’S ANTHROPOLOGICAL PHOTOGRAPHS IN THE ERA OF HUMAN EXHIBITIONS: RACE, SCIENCE AND THE COLONIALISM OF THE GAZE; [AS FOTOGRAFIAS ANTROPOLÓGICAS DO PRÍNCIPE ROLAND BONAPARTE NA ERA DAS EXPOSIÇÕES HUMANAS: RAÇA, CIÊNCIA E COLONIALISMO DO OLHAR]",BARBOSA C,2024,REVISTA BRASILEIRA DE HISTORIA
"PROFESSIONAL MULATAS: RACE, GENDER AND OCCUPATION; [MULATAS PROFISSIONAIS: RAÇA, GÊNERO E OCUPAÇÃO]",GIACOMINI S,2006,REVISTA ESTUDOS FEMINISTAS
PROPERTY OWNERSHIP STRATEGIES: BLACK PAULISTA FAMILIES’ LIFE HISTORY BETWEEN 1920S AND 1940S; [ESTRATÉGIAS DE AQUISIÇÃO DA CASA PRÓPRIA: A TRAJETÓRIA DE ALGUMAS FAMÍLIAS NEGRAS PAULISTANAS NAS DÉCADAS DE 1920 A 1940],BARONE A,2020,ANAIS DO MUSEU PAULISTA
"PSYCHOSOCIAL ANALYSIS OF THE MIGRATORY PROCESS OF HAITIAN MEN AND WOMEN TO BRAZIL: AN INTERSECTIONAL PERSPECTIVE OF RACE-ETHNICITY, GENDER, AND AGE; [ANÁLISE PSICOSSOCIAL DO PROCESSO MIGRATÓRIO DE HAITIANOS(AS) AO BRASIL: UMA PERSPECTIVA INTERSECCIONAL DE RAÇA-ETNIA, GÊNERO E IDADE]",CONTE G P;PIZZINATO A,2023,REVISTA INTERDISCIPLINAR DA MOBILIDADE HUMANA
PUBLIC POLICIES FOR GENDER AND RACE ARTICULATION: WAYS TO ENSURE THE POLITICAL AND LEGAL REPRESENTATIVENESS FOR BRAZILIAN BLACK WOMEN; [POLÍTICAS PÚBLICAS PARA A ARTICULAÇÃO DE GÊNERO E RAÇA: MEIOS PARA GARANTIR A REPRESENTATIVIDADE POLÍTICA E JURÍDICA DA MULHER NEGRA NO BRASIL],DE A M;DE C P E,2020,REVISTA BRASILEIRA DE POLITICAS PUBLICAS
QUESTIONS RELATED TO RACE IN THE STRUGGLE AGAINST GENDER VIOLENCE: SUBALTERNITY PROCESSES RELATED TO THE MARIA DA PENHA LAW; [QUESTÕES DE RAÇA NA LUTA CONTRA A VIOLÊNCIA DE GÊNERO: PROCESSOS DE SUBALTERNIZAÇÃO EM TORNO DA LEI MARIA DA PENHA],BERNARDES M,2021,REVISTA DIREITO GV
RACA: PUBLIC DEBATE IN BRAZIL (1997-2007),TRAPP R,2012,CONFLUENZE-RIVISTA DI STUDI IBEROAMERICANI
RACE AND CIVILITY IN “BLACK X WHITE” MATCHES; [RAÇA E CIVILIDADE NOS JOGOS “PRETO X BRANCO”]; [RAZA Y CIVILIDAD EN LOS JUEGOS “BLANCO VS. NEGRO”],ABRAHÃO B;SOARES A,2016,MOVIMENTO
"RACE AND COLOR IN CONTEMPORARY BRAZIL, POLITICAL OPPORTUNITY AND HISTORICAL TENDENCY; [RAÇA E COR NO BRASIL CONTEMPORÂNEO, OPORTUNISMO POLÍTICO E TENDÊNCIA HISTÓRICA]",GUIMARÃES A,2024,REVISTA DE ANTROPOLOGIA
RACE AND CULTURE IN CLASSICAL ANTHROPOLOGICAL THOUGHT; [RAÇA E CULTURA NO PENSAMENTO ANTROPOLÓGICO CLÁSSICO],PETSCHELIES E,2024,REVISTA BRASILEIRA DE HISTORIA
RACE AND ESSENTIALISM IN FEMINIST LEGAL THEORY; [RAÇA E ESSENCIALISMO NA TEORIA FEMINISTA DO DIREITO],HARRIS A;DE C D M G T;CONCEIÇÃO Í,2020,REVISTA BRASILEIRA DE POLITICAS PUBLICAS
RACE AND GENDER IN THE COURSE OF LIVES OF QUILOMBOLAS WOMEN; [RAÇA E GÊNERO NA CONSTRUÇÃO DE TRAJETÓRIAS DE MULHERES QUILOMBOLAS],FERREIRA M;EITERER C;DE M S,2020,REVISTA ESTUDOS FEMINISTAS
RACE AND GENDER IN THE MAGAZINE ON GUARD FOR THE DEFENSE OF THE AMERICAS. THE UNITED STATES BRAZILIANS MUST SEE; [RAÇA E GÊNERO NA REVISTA EM GUARDA PARA A DEFESA DAS AMÉRICAS. OS ESTADOS UNIDOS QUE OS BRASILEIROS DEVEM VER],DE N M T,2019,HISTORIA UNISINOS
RACE AND LAND: IMPLICATIONS OF LAND-BASED RACISM ON URBAN SEGREGATION IN FORTALEZA-CE; [RAÇA E TERRA: IMPLICAÇÕES DO RACISMO FUNDIÁRIO NA SEGREGAÇÃO URBANA EM FORTALEZA-CE],CRISTIELLEN R R M;QUEZADO C L M,2024,URBE
"RACE AND MODERNITY IN FORMAÇÃO DO BRASIL CONTEMPORÂNEO BY CAIO PRADO JR.; [RAÇA E MODERNIDADE EM FORMAÇÃO DO BRASIL CONTEMPORÂNEO, DE CAIO PRADO JR.]",DE M A,2020,REVISTA BRASILEIRA DE CIENCIAS SOCIAIS
RACE AND OBESITY IN THE BLACK FEMALE POPULATION: A SCOPING REVIEW; [RAÇA E OBESIDADE NA POPULAÇÃO FEMININA NEGRA: UMA REVISÃO DE ESCOPO],ORAKA C;FAUSTINO D;OLIVEIRA E;TEIXEIRA J;DE S A;LUIZ O,2020,SAUDE E SOCIEDADE
"RACE AND RACISM, JUNCTIONS AND DISJUNCTIONS; [RAÇAS E RACISMOS, JUNÇÕES E DISJUNÇÕES]",GUIMARÃES A,2024,TEMPO SOCIAL
"RACE AND RACISM: CONCEPTUAL, HISTORICAL, AND METHODOLOGICAL ASPECTS FOR ANTI-RACIST RESEARCH IN HEALTH; [RAÇA E RACISMO: ASPECTOS CONCEITUAIS, HISTÓRICOS E METODOLÓGICOS PARA PESQUISAS ANTIRRACISTAS EM SAÚDE]",CUNHA R;LEITE I;NOGUEIRA M;DA C D,2024,SAUDE E SOCIEDADE
RACE AND REINCARNATION IN NORTH AMERICAN SPIRITUALISM: A VIEW BASED ON ALLAN KARDEC'S CRITICISM (1857-1869); [RAÇA E REENCARNAÇÃO NO ESPIRITUALISMO NORTE-AMERICANO: UMA VISÃO A PARTIR DA CRÍTICA DE ALLAN KARDEC (1857-1869)]; [RAZA Y REENCARNACIÓN EN EL ESPIRITISMO NORTEAMERICANO: UNA VISIÓN BASADA EN LA CRÍTICA DE ALLAN KARDEC (1857- 1869)],DE S R;PIMENTEL M,2021,DIALOGOS
"RACE AND SLAVERY IN MEMOIRS AND NOVELS: BRAZIL, C. 1820-1870; [RAÇA E ESCRAVIDÃO EM MEMÓRIAS E ROMANCES: BRASIL, C.1820-1870]",RAMINELLI R,2023,ALMANACK
RACE RELATIONS AND FAVELA WORKERS’ MOVEMENT IN BELO HORIZONTE THE FORMATION OF CLASS AND RACE CONSCIOUSNESS WITHIN URBAN POLITICS (1959-1964); [RELAÇÕES RACIAIS E O MOVIMENTO DE TRABALHADORES FAVELADOS DE BELO HORIZONTE A FORMAÇÃO DE UMA CONSCIÊNCIA DE CLASSE E RAÇA NA POLÍTICA URBANA (1959-1964)],DE O S,2022,VARIA HISTORIA
"RACE, CLASS AND CULTURE IN THE CONTEXT OF AFFIRMATIVE ACTION: A THEORETICAL CRITICAL EFFORT ON RACE; [RAÇA, CLASSE E CULTURA NO CONTEXTO DAS POLÍTICAS DE AÇÃO AFIRMATIVA: UM ESFORÇO TEÓRICOCRÍTICO A RESPEITO DA RAÇA]",TAVOLARO L,2010,SOCIEDADE E CULTURA
"RACE, CLASS AND INCOME INEQUALITY IN BRAZIL: A SOCIAL TRAJECTORY ANALYSIS; [RACE, CLASSE ET INÉGALITÉ DES REVENUS AU BRÉSIL: UNE ANALYSE DE LA TRAJECTOIRE SOCIAL]; [RAÇA, CLASSE E DESIGUALDADE DE RENDIMENTOS NO BRASIL: UMA ANÁLISE DE TRAJETÓRIA SOCIAL]; [RAZA, CLASE Y DESIGUALDAD DE INGRESOS EN BRASIL: UN ANÁLISIS DE TRAYECTORIA SOCIAL]",SALATA A,2020,DADOS
"RACE, COLOR AND ETHNICITY IN EPIDEMIOLOGIC STUDIES CARRIED OUT WITH BRAZILIAN POPULATIONS: SYSTEMATIC REVIEW ON THE PUBMED DATABASE; [RAÇA, COR E ETNIA EM ESTUDOS EPIDEMIOLÓGICOS: SOBRE POPULAÇÕES BRASILEIRAS: REVISÃO SISTEMÁTICA NA BASE PUBMED]",KABAD J;BASTOS J;SANTOS R,2012,PHYSIS
"RACE, CORPORALITY AND SUBJECTIVITY IN BEATRIZ NASCIMENTO AND EDUARDO DE OLIVEIRA E OLIVEIRA; [RAÇA, CORPOREIDADE E SUBJETIVIDADE EM BEATRIZ NASCIMENTO E EDUARDO DE OLIVEIRA E OLIVEIRA]",TRAPP R,2023,HISTORIA DA HISTORIOGRAFIA
"RACE, INFORMAL EMPLOYMENT AND INFORMALIZATION: A HISTORICAL PERSPECTIVE ON WORK IN CONTEMPORARY BRAZIL; [RAÇA, EMPREGO INFORMAL E INFORMALIZAÇÃO UMA PERSPECTIVA HISTÓRICA DO TRABALHO NO BRASIL CONTEMPORÂNEO]",ZULLO G;ALMEIDA P,2024,NOVOS ESTUDOS CEBRAP
"RACE, INTERBREEDING AND SOCIO-RACIAL DESIGNATIONS IN THE NOVEL O MULATO BY ALUÍSIO AZEVEDO (1850-1881); [RAÇA, MESTIÇAGEM E DESIGNAÇÕES SOCIORRACIAIS NO ROMANCE O MULATO, DE ALUÍSIO AZEVEDO (1850-1881)]",PRECIOSO D,2019,ESBOCOS
"RACE, NATION AND PATRIA SPANISHNESS IN MOTION; [RAÇA, NAÇÃO E PÁTRIA A ESPANHOLIDADE EM MOVIMENTO]",BILBAO J,2019,VARIA HISTORIA
"RACE, SEXUALITY AND ILLNESS IN MOZAMBIQUE; [RAÇA, SEXUALIDADE E DOENÇA EM MOÇAMBIQUE]",PASSADOR L;THOMAZ O,2006,REVISTA ESTUDOS FEMINISTAS
RACIAL FLUIDITY IN THE METROPOLITAN REGION OF BELO HORIZONTE: INDIVIDUAL CHARACTERISTICS AND LOCAL CONTEXT IN THE CONSTRUCTION OF RACE; [FLUIDEZ RACIAL NA REGIÃO METROPOLITANA DE BELO HORIZONTE: CARACTERÍSTICAS INDIVIDUAIS E CONTEXTO LOCAL NA CONSTRUÇÃO DA RAÇA]; [FLUIDEZ RACIAL EN LA REGIÓN METROPOLITANA DE BELO HORIZONTE: CARACTERÍSTICAS INDIVIDUALES Y CONTEXTO LOCAL EN LA CONSTRUCCIÓN DE LA RAZA],SILVEIRA L;TOMAS M,2019,REVISTA BRASILEIRA DE ESTUDOS DE POPULACAO
RACIAL SELF-AFFIRMATION OF BLACK YOUNG PEOPLE FROM LAW N. 10.639/2003: PATHWAYS TO GENDER AND RACE EQUITY IN INTERSECTIONAL CONTEXT; [AUTOAFIRMAÇÃO RACIAL DE JOVENS NEGRAS NO PROJETO ABAETÊ CRIOLO: CAMINHOS PARA A EQUIDADE DE GÊNERO E DE RAÇA EM CONTEXTOS INTERSECCIONAIS A PARTIR DA LEI N. 10.639/2003],DE O D;COSTA T,2022,REVISTA DIREITO GV
"RACISM IN BRAZIL: FROM HYPOTHESIS TO PREMISE, WITHOUT EVER BECOMING AN OBJECT; [RACISMO NO BRASIL: DE HIPÓTESE À PREMISSA, SEM PASSAR POR OBJETO]",CAMPOS L,2024,TEMPO SOCIAL
RAILROAD AND MEMORY: THE COMPANHIA PAULISTA UNDER THE CRITERIA OF RACE AND CLASS BETWEEN 1930 AND 1970; [FERROVIA E MEMÓRIA: A COMPANHIA PAULISTA PELO CRIVO DE RAÇA E CLASSE ENTRE 1930 E 1970]; [FERROCARRIL Y MEMORIA: LA COMPANHIA PAULISTA BAJO EL CRITERIO DE RAZA Y CLASE ENTRE 1930 Y 1970],FERREIRA L,2022,HISTORIA CRITICA
RAÇA E GÊNERO NA PERSPECTIVA DOS PENSAMENTOS DE MULHERES NEGRAS,OLIVEIRA F;MEINERZ C,2019,CURRICULO SEM FRONTEIRAS
REASONS FOR BANISHING THE CONCEPT OF RACE FROM BRAZILIAN MEDICINE; [RAZÕES PARA BANIR O CONCEITO DE RAÇA DE MEDICINA BRASILEIRA.],PENA S,2005,"HISTÓRIA, CIÊNCIAS, SAÚDE--MANGUINHOS"
RECLAIMING PRESENCE: ANTI-GENDER NATIONALISM AND MARIELLE FRANCO’S DEICTIC FIELD OF RESISTANCE IN BRAZIL,SILVA D;DZIUBA A,2023,GENDER AND LANGUAGE
REFLECTIONS ON THE COLLECTION OF THE ISSUE OF RACE/ COLOR IN THE BASIC CARE (SUS) IN THE SOUTH OF BRAZIL; [REFLEXÕES SOBRE A COLETA DO QUESITO RAÇA/COR NA ATENÇÃO BÁSICA (SUS) NO SUL DO BRASIL],SILVEIRA R;ROSA R;FOGAÇA G;SANTOS L;NARDI H;ALVES M;BAIRROS F,2021,SAUDE E SOCIEDADE
RELIGIONS AND RELIGIOSITIES IN THE TALES OF GEOVANI MARTINS,DA S M,2022,HUMANIDADES & INOVACAO
"RESIDENTIAL SEGREGATION BY RACE AND CLASS IN FORTALEZA, SALVADOR AND SÃO PAULO; [SÉGRÉGATION RÉSIDENTIELLE PAR RACE ET CLASSE À FORTALEZA, SALVADOR ET SÃO PAULO]; [SEGREGAÇÃO RESIDENCIAL POR RAÇA E CLASSE EM FORTALEZA, SALVADOR E SÃO PAULO]",FRANÇA D,2022,CADERNO CRH
"REVISITING THE HISTORY OF DIFFERENCES AND INEQUALITIES: NOTES ABOUT GENDER, SLAVERY, RACE AND POS-EMANCIPATION; [HISTÓRIAS DAS DIFERENÇAS E DAS DESIGUALDADES REVISITADAS: NOTAS SOBRE GÊNERO, ESCRAVIDÃO, RAÇA E PÓS-EMANCIPAÇÃO]",PAIXÃO M;GOMES F,2008,REVISTA ESTUDOS FEMINISTAS
RIDICULOUS INCOHERENCE?: RACE AND SLAVERY IN THE COURT’S ILLUSTRATED PRESS – 1884-1886; [RIDÍCULA INCOERÊNCIA?: RAÇA E ESCRAVIDÃO NA IMPRENSA ILUSTRADA DA CORTE – 1884-1886],BALABAN M,2022,REVISTA BRASILEIRA DE HISTORIA
"SCHOOLING IN BRAZIL: ARTICULATING THE PERSPECTIVES OF GENDER, RACE, AND SOCIAL CLASS; [ESCOLARIZAÇÃO NO BRASIL: ARTICULANDO AS PERSPECTIVAS DE GÊNERO, RAÇA E CLASSE SOCIAL]",FERRARO A,2010,EDUCACAO E PESQUISA
"SCIENCE, GENDER, AND RACE IN CONVERSATIONS ABOUT HIDDEN FIGURES; [CIÊNCIA, GÊNERO E RAÇA NAS CONVERSAÇÕES SOBRE ESTRELAS ALÉM DO TEMPO]; [CIENCIA, GÉNERO Y RAZA EN CONVERSACIONES SOBRE FIGURAS OCULTAS]",MASSARANI L;WALTZ I;LEAL T;MEDEIROS A,2023,REVISTA ESTUDOS FEMINISTAS
"SCIENCE, RACE AND EUGENICS IN THE SECOND HALF OF THE 20TH CENTURY: NEW OBJECTS AND NEW TEMPORALITY IN AN INTERNATIONAL PANORAMA; [CIÊNCIA, RAÇA E EUGENIA NA SEGUNDA METADE DO SÉCULO XX: NOVOS OBJETOS E NOVA TEMPORALIDADE EM UM PANORAMA INTERNACIONAL]",GOMES A;WEGNER R;DE S V,2017,VARIA HISTORIA
SCIENTIFIC PRODUCTION ON PUBLIC POLICIES IN PHYSICAL EDUCATION: APPROACHES ON GENDER AND RACE; [PRODUÇÃO CIENTÍFICA SOBRE POLÍTICAS PÚBLICAS PARA A EDUCAÇÃO FÍSICA: ABORDAGEM SOBRE GÊNERO E RAÇA],MONTEIRO R;MOURÃO L;VOTRE S,2012,REVISTA DA EDUCACAO FISICA
SELF-DECLARATION OF RACE AND/OR SKIN COLOR AMONG PUPILS FROM THE CITY OF SÃO PAULO; [AUTODECLARAÇÃO DE COR E/OU RAÇA ENTRE ESCOLARES PAULISTANOS(AS)],DA R E;ROSEMBERG F,2007,CADERNOS DE PESQUISA
"SOCCER, RACE AND NATIONAL IDENTITY: AN ANALYSIS ABOUT THE PERFORMANCE OF PLAYERS IN BLACK X WHITE GAMES; [FUTEBOL, RAÇA E IDENTIDADE NACIONAL: UMA ANÁLISE DO DESEMPENHO DOS JOGADORES NOS JOGOS PRETO X BRANCO]",ABRAHÃO B;SOARES A,2017,REVISTA BRASILEIRA DE CIENCIAS DO ESPORTE
SOCIAL ORIGIN AND RISK OF SCHOOL FAILURE: RACE-ECONOMIC CAPITAL; [ORIGEM SOCIAL E RISCO DE REPETÊNCIA: INTERAÇÃO RAÇA-CAPITAL ECONÔMICO],ALVES F;ORTIGÃO I;FRANCO C,2007,CADERNOS DE PESQUISA
SPEECHES OF BLACK IN BAIANO CANDOMBLE: WHEN THE RACE IS IMPORTANT AND WHEN THE RACE DOES NOT MATTER; [VOZES NEGRAS NO CANDOMBLÉ BAIANO: QUANDO A RAÇA IMPORTA E QUANDO A RAÇA NÃO IMPORTA],LIMA A;ALVES N,2013,NAU LITERARIA
STATE VIOLENCE AND RACISM: SOME THEORETICAL-METHODOLOGICAL DISCUSSIONS,VINUTO J;RAMOS P,2024,CONTEMPORANEA-REVISTA DE SOCIOLOGIA DA UFSCAR
"STRUCTURAL DETERMINANTS OF HEALTH, RACE, GENDER, AND SOCIAL CLASS: A SCOPE REVIEW; [DETERMINANTES ESTRUTURAIS DA SAÚDE, RAÇA, GÊNERO E CLASSE SOCIAL: UMA REVISÃO DE ESCOPO]",GALVÃO A;OLIVEIRA E;GERMANI A;LUIZ O,2021,SAUDE E SOCIEDADE
"STUDIES AND RESEARCH ON EDUCATION, RACE, GENDER, AND SEXUAL DIVERSITY; [STUDOS E PESQUISAS SOBRE EDUCAÇÃO, RAÇA, GÊNERO, E DIVERSIDADE SEXUAL]; [ESTUDIOS E INVESTIGACIONES SOBRE EDUCACIÓN, RAZA, GÉNERO Y DIVERSIDADE SEXUAL]",GOMES N,2023,EDUCACAO E SOCIEDADE
"SURVIVAL OF PATIENTS WITH AIDS AND ASSOCIATION WITH LEVEL OF EDUCATION LEVEL AND RACE/SKIN COLOR IN SOUTH AND SOUTHEAST BRAZIL: A COHORT STUDY, 1998-1999; [SOBREVIDA DE PACIENTES CON SIDA Y ASOCIACIÓN CON ESCOLARIDAD Y RAZA/COLOR DE LA PIEL EN EL SUR Y SUDESTE DE BRASIL: ESTUDIO DE COHORTE DE 1998-1999]; [SOBREVIDA DE PACIENTES COM AIDS E ASSOCIAÇÃO COM ESCOLARIDADE E RAÇA/COR DA PELE NO SUL E SUDESTE DO BRASIL: ESTUDO DE COORTE, 1998-1999]",DE M M;MESQUITA F;DE A B M;LA-ROTTA E;DONALISIO M,2019,EPIDEMIOLOGIA E SERVICOS DE SAUDE
"THE ""BLACK CORISCO"": CANGAÇO, RACE AND BANDITRY IN THE BRAZILIAN NORTHEASTERN REGION; [O ""CORISCO PRETO"": CANGAÇO, RAÇA E BANDITISMO NO NORDESTE BRASILEIRO]",DOMINGUES P,2017,REVISTA DE HISTORIA
"THE ""CENTENARY CHAMPION"": RACE AND NATION IN SÃO PAULO SOCCER; [O ""CAMPEÃO DO CENTENÁRIO"": RAÇA E NAÇÃO NO FUTEBOL PAULISTA]",DOMINGUES P,2015,HISTORIA UNISINOS
THE BLACK POPULATION AND THE RIGHT TO THE CITY: INTERFACES BETWEEN RACE AND URBAN SPACE IN BRAZIL; [POPULAÇÃO NEGRA E O DIREITO À CIDADE INTERFACES ENTRE RAÇA E ESPAÇO URBANO NO BRASIL]; [POBLACIÓN NEGRA Y EL DERECHO A LA CIUDAD: INTERFACES ENTRE RAZA Y ESPACIO URBANO EN BRASIL],PANTA M,2020,ACERVO
"THE BRAZIL OF RACIAL MYTHOLOGY: EUGENICS, RACISM, AND NATIONAL UTOPIAS IN BRAZILIAN MODERNISM IN THE 1920S; [O BRASIL DA MITOLOGIA RACIAL: EUGENIA, RACISMO E UTOPIAS NACIONAIS NO MODERNISMO BRASILEIRO DOS ANOS 1920]",SOUZA V,2024,HISTORIA (BRAZIL)
THE HAPPY ENDING AT THE CROSSROADS OF GENDER AND RACE: A STUDY OF THE RECEPTION OF THE FILM BENDITO FRUTO; [O FINAL FELIZ NA ENCRUZILHADA DE GÊNERO E RAÇA: UM ESTUDO DE RECEPÇÃO DO FILME BENDITO FRUTO],FERREIRA C,2023,COMUNICACAO MIDIA E CONSUMO
THE HISTORY OF THE BRAZILIAN UNIVERSITY POPULATION: CLASS AND RACE ASPECTS; [A TRAJETÓRIA DA POPULAÇÃO UNIVERSITÁRIA BRASILEIRA: UMA QUESTÃO DE RAÇA E CLASSE],MAIA G;ARAÚJO R;OLIVEIRA S,2021,REVISTA DE DIREITO
THE IDENTITY OF THE “COSMIC RACE”: THE EXPERIENCE OF EUGENICS IN MEXICO; [A IDENTIDADE DA “RAÇA CÓSMICA”: A EXPERIÊNCIA DA EUGENIA NO MÉXICO],DE C L,2016,"HISTORIA, CIENCIAS, SAUDE - MANGUINHOS"
THE INDETERMINATE QUESTION OF RACE; [A INDETERMINADA QUESTÃO DA RAÇA],KODAMA K,2012,"HISTORIA, CIENCIAS, SAUDE - MANGUINHOS"
THE LEPROSY PROPHYLACTIC MAKING IN BRAZIL OF VARGAS: ISOLATION AND LEGITIMATION OF PUBLIC HEALTH POLICIES,DUCATTI I;SOUZA T,2017,CORDIS-REVISTA ELETRONICA DE HISTORIA SOCIAL DA CIDADE
THE MASKS OF OPPRESSION – NEW READINGS OF THE RELATIONSHIP BETWEEN RACE AND CLASS; [AS MÁSCARAS DA OPRESSÃO – NOVAS LEITURAS DA RELAÇÃO RAÇA E CLASSE],COLOMBINI I,2023,LUA NOVA
THE MONK AND THE ETHIOPIAN DEMON: RACE AND DISCRETIO IN JOHN CASSIAN'S COLLATIONES PATRUM (426-428); [O MONGE E O DEMÔNIO ETÍOPE: RAÇA E DISCRETIO NAS COLLATIONES PATRUM DE JOÃO CASSIANO (426-428)],BORGONGINO B,2021,TOPOI (BRAZIL)
THE OBSTETRIC VIOLENCE AND CHALLENGES TO PROMOTE EFFECTIVE PUBLIC HEALTH POLICIES,MOREIRA S;PARTICHELLI P;BAZANI A,2019,DIALOGO
"THE PERIPHERY IN CONCEIÇÃO EVARISTO AND ESMERALDA RIBEIRO: GENDER, RACE AND CLASS; [A PERIFERIA EM CONCEIÇÃO EVARISTO E ESMERALDA RIBEIRO: QUESTÕES DE GÊNERO, RAÇA E CLASSE]",PEREIRA R,2016,ESTUDOS DE LITERATURA BRASILEIRA CONTEMPORANEA
THE PROCESS OF INSTITUTIONALIZATION OF THE DISCIPLINE WORK- EDUCATION IN THE PEDAGOGY TRAINING POLICIES IN THE PUBLIC UNIVERSITIES OF RIO DE JANEIRO,VIEIRA J;GUIMARAES A;VIEIRA A,2019,REVISTA IBERO-AMERICANA DE ESTUDOS EM EDUCACAO
THE RACE/COLOR VARIABLE IN STUDIES OF CHARACTERIZATION OF THE USERS OF PSYCHOSOCIAL CARE CENTERS; [O QUESITO RAÇA/COR NOS ESTUDOS DE CARACTERIZAÇÃO DE USUÁRIOS DE CENTRO DE ATENÇÃO PSICOSSOCIAL],SILVA N;BARROS S;DE A F;BATISTA L;POLICARPO V,2017,SAUDE E SOCIEDADE
THE SONS OF CAIM: THE RACE OF OUTCASTS AND DISINHERITED IN WALTER BENJAMIN AND CHARLES BAUDELAIRE; [OS FILHOS DE CAIM: A RAÇA DOS PROSCRITOS E DESERDADOS EM WALTER BENJAMIN E CHARLES BAUDELAIRE],MARTINS R,2014,ACTA SCIENTIARUM LANGUAGE AND CULTURE
"THE SPIRIT UNDERNEATH: DEVELOPMENT, RACE AND MORAL ECONOMY IN CENTRAL MOZAMBIQUE; [O ESPÍRITO LATENTE: DESENVOLVIMENTO, RAÇA E ECONOMIA MORAL NO CENTRO DE MOÇAMBIQUE]",DE A I,2019,VIBRANT VIRTUAL BRAZILIAN ANTHROPOLOGY
THE UNDERSTANDING AND DENUNCIATION OF RACIAL VIOLENCE AS GENOCIDE OF THE BLACK POPULATION,FREITAS M,2020,SIMBIOTICA
THE UNSAID IN ETHNOGRAPHIES ABOUT BRAZILIANS IN IRELAND: EUPHEMISMS AND DISPLACEMENTS OF RACE; [O NÃO DITO NAS ETNOGRAFIAS SOBRE BRASILEIROS NA IRLANDA: EUFEMISMOS E DESLOCAMENTOS DE RAÇA],MACHADO I,2024,REVISTA DE ANTROPOLOGIA
THE USE OF THE VARIABLE OF RACE/COLOR WITHIN PUBLIC HEALTH: POSSIBILITIES AND LIMITS; [A UTILIZAÇÃO DA VARIÁVEL RAÇA/COR EM SAÚDE PÚBLICA: POSSIBILIDADES E LIMITES],DE A E;DA C M;HOGAN V;DE A T;DIAS A;OLIVEIRA L,2009,"INTERFACE: COMMUNICATION, HEALTH, EDUCATION"
"THE “POST-COLONIAL” IN ACHILLE MBEMBE AND THE RENEWAL OF HISTORICAL NARRATIVES ABOUT MODERNITY: DIVISIONS AND INTERSECTIONS BETWEEN RACE, CLASS AND GENDER; [O “PÓS-COLONIAL” EM ACHILLE MBEMBE E A RENOVAÇÃO DAS NARRATIVAS HISTÓRICAS SOBRE A MODERNIDADE: CISÕES E INTERSEÇÕES ENTRE RAÇA, CLASSE E GÊNERO]",MARIZ S;VASCONCELOS F,2021,ANOS 90
"THIS ""MAGNANIMOUS VOLITION"": THE COLORED MEN FEDERATIO; [ESTA ""MAGNÂNIMA VOLIÇÃO"": A FEDERAÇÃO DOS HOMENS DE COR]",DOMINGUES P,2018,HISTORIA (BRAZIL)
THREE THESES ABOUT HOME ECONOMICS IN BRAZIL: ELEMENTS FOR A HISTORICAL INTERPRETATION (1952-2020),CARLOS J,2020,CADERNOS DE HISTORIA
TO SELF PRODUCE BLACK AT BRAZIL: A STUDY OF THE DIDATIC AND PEDAGOGICAL DEVICES PRESENT IN RACA BRASIL MAGAZINE,VITORINO A;MONTANARI P,2014,ETD EDUCACAO TEMATICA DIGITAL
TOMANDO A PALAVRA: HELENA NOGUEIRA E O FALAR COMO CONQUISTA POLÍTICA E PSICOLÓGICA,AFONSO M,2024,ESTUDOS AVANCADOS
TOWARD A SOCIOLOGY OF RACISM; [POR UMA SOCIOLOGIA DO RACISMO],GUIMARÃES A;CAMPOS L;GATO M,2024,TEMPO SOCIAL
TRABALHO RURAL: AS MARCAS DA RAÇA; [RURAL WORK: THE MARKS OF RACE],SILVA M,2016,LUA NOVA
"TREND OF INCOMPLETENESS OF MATERNAL SCHOOLING AND RACE/SKIN COLOR VARIABLES HELD ON THE BRAZILIAN LIVE BIRTH INFORMATION SYSTEM, 2012-2020; [TENDÊNCIA DA INCOMPLETUDE DAS VARIÁVEIS ESCOLARIDADE E RAÇA/COR DA PELE DA MÃE NO SISTEMA DE INFORMAÇÕES SOBRE NASCIDOS VIVOS DO BRASIL, 2012-2020]; [TENDENCIA DE INCOMPLETITUD DE LAS VARIABLES ESCOLARIDAD Y RAZA/COLOR DE PIEL MATERNO EN EL SISTEMA DE INFORMACIÓN SOBRE NACIDOS VIVOS EN BRASIL, 2012-2020]",SANTANA B;ANDRADE A;MURARO A,2023,EPIDEMIOLOGIA E SERVICOS DE SAUDE
UNDER THE AXÉ OF IEMANJÁ: INTERSECTIONALITY AS A NEW FORM FOR THE RELATIONSHIP BETWEEN RACE AND GENDER IN LAW; [SOB O AXÉ DE IEMANJÁ: A INTERSECCIONALIDADE COMO UMA NOVA FORMA PARA AS RELAÇÕES ENTRE RAÇA E GÊNERO NO DIREITO],TERRA B;DA L C,2022,REVISTA ELETRONICA DIREITO E SOCIEDADE
"URBAN INFORMALITY, WORKING CLASS AND RACE IN RIO DE JANEIRO: THE HISTORY OF FAVELA CENSUS (1948-1960); [INFORMALIDADE URBANA, CLASSE TRABALHADORA E RAÇA NO RIO DE JANEIRO: A HISTÓRIA DOS CENSOS DE FAVELAS (1948-1960)]",DE O S,2021,REVISTA DE HISTORIA (BRAZIL)
"USE OF PSYCHOTROPIC MEDICATIONS IN ADULTS AND ELDERLY LIVING IN CAMPINAS, SÃO PAULO, BRAZIL: CROSS-SECTIONAL POPULATION-BASED STUDY; [USO DE MEDICAMENTOS PSICOTRÓPICOS EM ADULTOS E IDOSOS RESIDENTES EM CAMPINAS, SÃO PAULO: UM ESTUDO TRANSVERSAL DE BASE POPULACIONAL]",PRADO M;FRANCISCO P;BARROS M,2017,EPIDEMIOLOGIA E SERVICOS DE SAUDE : REVISTA DO SISTEMA UNICO DE SAUDE DO BRASIL
"VACCINATION COVERAGE ACCORDING TO RACE OR SKIN COLOR IN CHILDREN BORN IN 2017-2018 IN NATAL, RIO GRANDE DO NORTE, BRAZIL: A POPULATION SURVEY; [COBERTURA VACINAL DE ACORDO COM O QUESITO RAÇA/COR DA PELE EM CRIANÇAS NASCIDAS EM 2017-2018 EM NATAL, RIO GRANDE DO NORTE: INQUÉRITO POPULACIONAL]; [COBERTURA DE VACUNACIÓN SEGÚN COLOR DE PIEL EN NIÑOS NACIDOS EN 2017-2018 EN NATAL, RIO GRANDE DO NORTE: ENCUESTA POBLACIONAL]",DOS S E;BARBOSA I;DE M J;FRANÇA A;DOMINGUES C;TEIXEIRA M;BEZERRA H;DE M N;ARAÚJO M;FERNANDES F;ALEXANDRINO A;BEZERRA R;DA S A;RAMOS A;JR ;OLIVEIRA A;BOING A;DE O C;MACIEL E;GUIBU I;BARBOSA I;BARBOSA J;LIMA J;LUHM K;CAETANO K;LIMA L;ANTUNES M;TEIXEIRA M;BORGES M;QUEIROZ R;GURGEL R;BARATA R;DE A R;DE O S;TELES S;DA G S;MENGUE S;SIMÕES T;NASCIMENTO V;DE A W,2024,EPIDEMIOLOGIA E SERVICOS DE SAUDE
"VARIANT HAEMOGLOBINS IN MEDICAL AND EVERYDAY DISCOURSES: RACE, NATION AND GENETICS IN CONTEMPORARY BRAZIL; [HEMOGLOBINAS VARIANTES NA ÁREA MÉDICA E NO DISCURSO COTIDIANO: UM OLHAR SOBRE RAÇA, NAÇÃO E GENÉTICA NO BRASIL CONTEMPORÂNEO12]",CALVO-GONZALEZ E,2017,SAUDE E SOCIEDADE
"VULNERABILITIES TO HIV/AIDS IN THE BRAZILIAN CONTEXT: GENDER, RACE AND GENERATION INEQUITIES; [VULNERABILIDADES AO HIV/AIDS NO CONTEXTO BRASILEIRO: INIQUIDADES DE GÊNERO, RAÇA E GERAÇÃO]",GARCIA S;DE S F,2010,SAUDE E SOCIEDADE
WAGE DISCRIMINATION OF WORKERS WITH DISABILITIES IN BRAZIL: AN INTERSECTIONAL ANALYSIS BY GENDER AND RACE/COLOR; [DISCRIMINAÇÃO SALARIAL DE TRABALHADORES(AS) COM DEFICIÊNCIA NO BRASIL: UMA ANÁLISE INTERSECCIONAL POR GÊNERO E RAÇA/COR]; [DISCRIMINACIÓN SALARIAL DE LOS TRABAJADORES(AS) CON DISCAPACIDAD EN BRASIL: UN ANÁLISIS INTERSECCIONAL POR GÉNERO Y RAZA/COLOR],SOARES J;COVRE-SUSSAI M;SENTO-SÉ I,2022,CIVITAS
"WHAT IS AT STAKE? ON SOCCER, RACE AND NATION IN BRAZIL: INTRODUCTION TO A MISSING HISTORY; [O QUE ESTÁ EM JOGO? EM TORNO DO FUTEBOL, DA RAÇA E DA NAÇÃO NO BRASIL: APRESENTAÇÃO PARA UMA HISTÓRIA AUSENTE]",MELO V;DOMINGUES P;GOMES F,2015,HISTORIA UNISINOS
WHEN FASHION IS POLITICAL: THE BLACK WOMEN AND THE MAGAZINE AFRO BRASIL; [QUANDO A MODA É POLÍTICA: AS MULHERES NEGRAS E A REVISTA AFRO BRASIL],BRAGA L;MAGALHÃES M;SCHEMES C,2018,EX AEQUO
WHEN RACE AND GENDER ARE ON FOCUS: DISCURSIVE CONFRONTATIONS ON SOCIAL NETWORK; [QUANDO A RAÇA E O GÊNERO ESTÃO EM QUESTÃO: EMBATES DISCURSIVOS EM REDE SOCIAL],DA S B R;DE M G,2019,REVISTA ESTUDOS FEMINISTAS
WHEN RACE MATTERS: A STUDY OF BLACK AND WHITE WOMEN'S DIFFERENTIAL IN ACCESS AND ATTRITION RATES WITHIN HIGHER EDUCATION; [QUANDO RAÇA CONTA: UM ESTUDO DE DIFERENÇAS ENTRE MULHERES BRANCAS E NEGRAS NO ACESSO E PERMANÊNCIA NO ENSINO SUPERIOR],HORA G J,2008,REVISTA ESTUDOS FEMINISTAS
"WHICH POLICIES, WHICH SUBJECTS? MEANINGS OF THE GENDER AND RACE EQUALITY PROMOTION IN BRAZIL (2003 - 2015); [QUAIS POLÍTICAS, QUAIS SUJEITOS? SENTIDOS DA PROMOÇÃO DA IGUALDADE DE GÊNERO E RAÇA NO BRASIL(2003 - 2015)]",AGUIÃO S,2017,CADERNOS PAGU
WOMEN AND SOCIETY: A COLLISION ROUTE BETWEEN ROLE AND SOCIAL EXPECTATION,SPENGLER F;LIMA F,2021,REVISTA BRASILEIRA DE ESTUDOS POLITICOS
"WOMEN AND THE COUNTRY OF FOOTBALL: INTERSECTIONS OF GENDER, CLASS, AND RACE IN BRAZIL; [AS MULHERES E O PAÍS DO FUTEBOL: INTERSECÇÕES DE GÊNERO, CLASSE E RAÇA NO BRASIL]; [LAS MUJERES Y EL PAÍS DEL FÚTBOL: INTERSECCIONANES DE GÉNERO, CLASE Y RAZA EN BRASIL]",MARTINS M;SANTOS S K;VASQUEZ V,2021,MOVIMENTO
"WORK, RACE AND GENDER IN THE PRODUCTION OF PHOTOGRAPHS: CONSIDERATIONS FROM A BRAZILIAN EXPERIENCE; [TRABALHO, RAÇA E GÊNERO NA PRODUÇÃO DE FOTOGRAFIAS: CONSIDERAÇÕES A PARTIR DE UMA EXPERIÊNCIA BRASILEIRA]; [TRABAJO, RAZA Y GÉNERO EN LA PRODUCCIÓN DE FOTOGRAFÍAS: CONSIDERACIONES DESDE UNA EXPERIENCIA BRASILEÑA]",TITTONI J;DE C D;DE A A,2019,CUADERNOS DE ADMINISTRACION
"WRITING BEYOND RACE: THEORY AND PRACTICE, BY BELL HOOKS; [ESCREVER ALÉM DA RAÇA: TEORIA E PRÁTICA, DE BELL HOOKS]",DE A J,2024,CADERNOS PAGU
“A MINHA VIDA NÃO PODE PARAR”: ITINERÁRIOS ABORTIVOS DE MULHERES JOVENS,LIMA N;CORDEIRO R,2020,REVISTA ESTUDOS FEMINISTAS
"“EDUCATING BY O EXEMPLO”: EDUCATION AND INTERSECTIONS OF RACE, GENDER, AND CLASS IN THE BLACK PRESS OF PORTO ALEGRE IN THE POST-ABOLITION; [“EDUCAR PEL’O EXEMPLO”: EDUCAÇÃO E INTERSECÇÕES DE RAÇA, GÊNERO E CLASSE NA IMPRENSA NEGRA DE PORTO ALEGRE NO PÓS-ABOLIÇÃO]",PERUSSATTO M,2022,ANOS 90
"“I DON’T NEED VACCINES”: RACE, CLASS AND TERRITORY AS DECISION-MAKING POSITIONS FOR COLLECTIVE HEALTH; [“EU NÃO PRECISO DE VACINAS”: RAÇA, CLASSE E TERRITÓRIO COMO POSIÇÕES DECISÓRIAS PARA SAÚDE COLETIVA]; [“YO NO NECESITO VACUNAS”: RAZA, CLASE Y TERRITORIO COMO POSICIONES DE DECISIÓN PARA LA SALUD COLECTIVA]",MINCHONI T;SCHUCMAN L,2024,"INTERFACE: COMMUNICATION, HEALTH, EDUCATION"
"“I LIVE IN A VERY BOURGEOIS WORLD, I DON’T LIVE IN THE OUTSKIRTS”: CHILDHOOD NON-VACCINATION AND THE INTERSECTION OF RACE, CLASS AND GENDER; [“EU VIVO NUM MUNDO MUITO BURGUÊS, NÃO MORO NA PERIFERIA”: NÃO VACINAÇÃO INFANTIL E A INTERSECÇÃO ENTRE RAÇA, CLASSE E GÊNERO]; [“YO VIVO EN UN MUNDO MUY BURGUÉS, NO VIVO EN LA PERIFERIA”: NO VACUNACIÓN INFANTIL Y LA INTERSECCIÓN ENTRE RAZA, CLASE Y GÉNERO]",MATOS C;TAVARES J;COUTO M,2024,"INTERFACE: COMMUNICATION, HEALTH, EDUCATION"
“RACE AND HEALTH”: BLACK FEMALE HEALTHCARE PROVIDERS IN THE COVID-19 PANDEMIC1; [“RAÇA E SAÚDE”: MULHERES NEGRAS PROFISSIONAIS DE SAÚDE NO CONTEXTO DA PANDEMIA DA COVID-19],DA S A;LEMOS A,2024,SAUDE E SOCIEDADE
"“TRIPLE USE” OF BLACK FEMALE BODIES: GENDER, RACE, ABUSE AND SLAVERY – RIO DE JANEIRO, 19TH CENTURY; [“TRÍPLICE UTILIZAÇÃO” DOS CORPOS NEGROS FEMININOS: GÊNERO, RAÇA, SEVÍCIAS E ESCRAVIDÃO – RIO DE JANEIRO, SÉCULO XIX]",VIANA I,2023,TEMPO (BRAZIL)
