black;231;adj
race;229;nom
article;172;nom
social;155;nom
racial;142;nr
study;135;nom
gender;134;nom
brazil;118;nom
woman;115;nom
brazilian;110;nr
analyze;110;ver
research;90;nom
aim;88;nom
present;76;nom
analysis;75;nom
relation;75;nom
work;74;nom
class;73;nom
education;71;nom
base;70;adj
understand;64;ver
result;63;nom
de;63;nr
health;63;nom
inequality;62;nom
white;61;adj
discuss;59;ver
school;59;nom
color;59;nom
racism;57;nom
public;56;nom
population;55;nom
policy;54;nom
political;53;nr
relationship;50;nom
practice;48;nom
person;48;nom
high;47;adj
process;46;nom
group;46;nom
context;45;nom
student;45;nom
state;44;nom
debate;43;nom
data;42;nom
point;41;nom
action;41;nom
objective;41;nom
experience;40;nom
concept;37;nom
field;37;nom
relate;37;ver
focus;36;nom
identity;35;nom
society;35;nom
cultural;35;nr
order;35;nom
issue;34;nom
discourse;33;nom
movement;33;nom
violence;32;nom
theoretical;32;nr
historical;32;nr
national;31;nom
show;31;nom
construction;31;nom
century;31;nom
year;31;nom
form;30;nom
paper;30;nom
science;30;nom
paulo;29;nr
produce;29;nom
production;29;nom
african;28;nr
propose;28;ver
seek;28;nom
main;28;adj
role;28;nom
access;28;nom
approach;28;nom
city;28;nom
contribute;27;ver
critical;27;nr
rio;27;nr
method;27;nom
difference;27;nom
ethnic;27;nom
low;27;adj
history;26;nom
discussion;26;nom
university;26;nom
category;26;nom
perspective;26;nom
identify;26;ver
são;26;nr
highlight;25;nom
text;25;nom
investigate;25;ver
develop;25;ver
reflect;25;ver
aspect;25;nom
knowledge;25;nom
theory;25;nom
representation;24;nom
literature;24;nom
time;24;nom
project;24;nom
include;24;ver
body;24;nom
worker;24;nom
idea;24;nom
subject;24;nom
effect;24;nom
part;23;nom
area;23;nom
question;23;nom
author;23;nom
age;23;nom
examine;22;ver
theme;22;nom
family;22;nom
dialogue;22;nom
language;22;nom
case;22;nom
culture;21;nom
condition;21;nom
life;21;nom
marker;21;nom
man;21;nom
slavery;21;nom
income;21;nom
aid;21;nom
skin;21;nom
power;20;nom
reflection;20;nom
factor;20;nom
janeiro;20;nr
conduct;20;nom
performance;20;nom
conclude;20;ver
law;20;adj
feminism;20;nom
observe;20;ver
term;20;nom
level;20;adj
federal;20;nom
profile;20;nom
promote;19;ver
due;19;nom
individual;19;nom
reveal;19;nom
system;19;nom
discrimination;19;nom
impact;19;nom
narrative;19;nom
interview;19;nom
economic;19;nr
scientific;19;nr
live;19;adj
disability;19;nom
period;18;nom
struggle;18;nom
strategy;18;nom
end;18;nom
academic;18;nom
professional;18;nom
feminist;18;nom
intellectual;18;nom
establish;18;ver
young;18;nom
great;18;adj
classification;18;nom
survey;17;nom
structure;17;nom
report;17;nom
child;17;nom
formation;17;nom
explore;17;ver
find;17;nom
care;17;nom
labor;17;nom
set;16;ver
newspaper;16;nom
segregation;16;nom
eugenics;16;nr
contribution;16;nom
demonstrate;16;ver
element;16;nom
trajectory;16;nom
hand;16;nom
association;16;nom
suggest;16;ver
female;16;nom
afro;16;nr
importance;16;nom
address;16;nom
world;16;nom
physical;16;nom
view;15;nom
effort;15;nom
central;15;adj
american;15;nr
source;15;nom
socioeconomic;15;nr
analyse;15;ver
image;15;nom
press;15;nom
increase;15;nom
hiv;15;nr
information;15;nom
review;15;nom
rural;15;nom
compare;14;nom
intend;14;ver
model;14;nom
call;14;nom
country;14;nom
carry;14;nom
teach;14;nom
qualitative;14;nr
conclusion;14;nom
bring;14;ver
important;14;nr
space;14;nom
interpretation;14;nom
notion;14;nom
male;14;nom
activity;14;nom
portuguese;14;nr
colonial;14;nom
region;14;nom
specific;14;nom
variable;14;nom
influence;14;nom
post;14;nom
da;13;nr
racist;13;nom
addition;13;nom
dimension;13;nom
educational;13;nr
teacher;13;nom
brown;13;adj
intersectionality;13;nr
urban;13;adj
status;13;nom
hierarchy;13;nom
link;13;nom
construct;13;nom
perception;13;nom
change;13;nom
meaning;13;nom
publish;13;ver
95percci;13;nr
common;12;adj
book;12;nom
deal;12;nom
argue;12;ver
describe;12;ver
material;12;nom
conception;12;nom
methodology;12;nom
service;12;nom
racialized;12;nr
intersection;12;nom
mark;12;nom
contemporary;12;nom
center;12;nom
market;12;nom
past;12;nom
position;12;nom
structural;12;nr
framework;12;nom
census;12;nom
adolescent;12;nom
affirmative;12;nom
decolonial;12;nr
sense;11;nom
methodological;11;nr
anti;11;nom
object;11;nom
organization;11;nom
place;11;nom
apply;11;ver
train;11;nom
medical;11;nom
sex;11;nom
play;11;nom
development;11;nom
reference;11;nom
human;11;adj
mobilize;11;ver
sexuality;11;nom
speech;11;nom
characteristic;11;nom
build;11;nom
risk;11;nom
magazine;10;nom
memory;10;nom
sport;10;nom
football;10;nom
specifically;10;nr
challenge;10;nom
current;10;nom
institution;10;nom
questionnaire;10;nom
figure;10;nom
hypothesis;10;nom
situation;10;nom
line;10;nom
legal;10;nom
transformation;10;nom
racialization;10;nr
global;10;nr
long;10;adj
informal;10;nr
1920s;10;nr
sociological;10;nr
ethnicity;10;nom
participation;10;nom
literary;10;nr
demographic;10;nom
pattern;10;nom
local;10;nom
mental;10;nr
slave;10;nom
international;10;nom
tax;10;nom
community;10;nom
wage;10;nom
1930s;9;nr
draw;9;nom
face;9;nom
empirical;9;nr
story;9;nom
religious;9;nom
decision;9;nom
patient;9;adj
measure;9;nom
problem;9;nom
represent;9;ver
support;9;nom
silence;9;nom
articulate;9;ver
intersectional;9;nr
type;9;nom
significant;9;nom
affect;9;nom
network;9;nom
proposal;9;nom
general;9;nom
daily;9;nom
argument;9;nom
possibility;9;nom
open;9;adj
brazilians;9;nr
reproduction;9;nom
map;9;nom
explain;9;ver
investigation;9;nom
medium;9;nom
purpose;9;nom
abolition;9;nom
occur;9;ver
nation;9;nom
database;9;nom
journal;9;nom
criminal;9;nom
cohort;9;nom
socio;9;nr
chance;9;nom
disease;9;nom
remain;9;ver
event;8;nom
ideology;8;nom
read;8;ver
write;8;ver
topic;8;nom
sociology;8;nom
institutional;8;nr
writer;8;nom
phenomenon;8;nom
fundamental;8;nom
involve;8;ver
enable;8;ver
origin;8;nom
collect;8;nom
create;8;ver
start;8;nom
essay;8;nom
favela;8;nr
exclusion;8;nom
bully;8;adj
private;8;adj
participate;8;ver
light;8;adj
domination;8;nom
south;8;nom
disparity;8;nom
attention;8;nom
territory;8;nom
modernity;8;nom
tradition;8;nom
lead;8;nom
19th;8;nr
modern;8;adj
occupation;8;nom
content;8;nom
sexual;8;nr
equality;8;nom
equity;8;nom
vulnerability;8;nom
employ;8;nom
decade;8;nom
articulation;8;nom
descendant;8;nom
average;8;nom
composition;8;nom
poverty;8;nom
girl;8;nom
unite;8;nom
participant;8;nom
regression;8;nom
district;8;nom
constitute;8;ver
character;8;nom
brasil;7;nr
pedagogical;7;nr
short;7;adj
numb;7;adj
gain;7;nom
dynamic;7;nom
emphasize;7;ver
discipline;7;nom
existence;7;nom
turn;7;nom
lack;7;nom
finally;7;nr
collection;7;nom
nature;7;nom
gap;7;nom
offer;7;nom
document;7;nom
mother;7;nom
emergence;7;nom
consequence;7;nom
evidence;7;nom
implication;7;nom
historically;7;nr
ses;7;nr
rate;7;nom
victim;7;nom
differential;7;nom
coloniality;7;nr
total;7;nom
continuity;7;nom
reason;7;nom
analytical;7;nr
agency;7;nom
relevant;7;nr
provide;7;ver
labour;7;nom
constitution;7;nom
express;7;nom
psychosocial;7;nr
porto;7;nr
grande;7;nr
reduce;7;ver
presence;7;nom
program;7;nom
ethnographic;7;nr
descriptive;7;nr
statistical;7;nr
assess;7;ver
relevance;7;nom
suffer;7;ver
immigrant;7;nom
hold;7;nom
recent;7;adj
metropolitan;7;nom
boy;7;nom
percentage;7;nom
trend;7;nom
user;7;nom
treatment;7;nom
dance;7;nom
anthropological;7;nr
recognition;7;nom
religion;7;nom
municipality;7;nom
dropout;7;nom
maria;7;nr
popular;7;nr
demand;7;nom
determinant;7;nom
se;7;nr
ic95perc;7;nr
survival;7;nom
condom;7;nom
target;6;nom
ideal;6;nom
organize;6;ver
undertake;6;ver
youth;6;nom
search;6;nom
1960s;6;nr
home;6;nom
verify;6;ver
answer;6;nom
tool;6;nom
obtain;6;ver
prejudice;6;nom
half;6;nom
20th;6;nr
statistic;6;nom
bibliographic;6;nr
latin;6;nr
strong;6;adj
act;6;nom
enslave;6;ver
resistance;6;nom
account;6;nom
distribution;6;nom
dispute;6;nom
intersect;6;ver
reproductive;6;nom
assume;6;ver
anthropology;6;nom
expression;6;nom
sector;6;nom
sociability;6;nom
migratory;6;nr
alegre;6;nr
sul;6;nr
marielle;6;nr
queer;6;adj
positive;6;adj
epistemological;6;nr
researcher;6;nom
mechanism;6;nom
agenda;6;nom
key;6;nom
democracy;6;nom
whiteness;6;nom
reinforce;6;ver
fully;6;nr
emerge;6;ver
small;6;adj
scope;6;nom
limit;6;nom
evident;6;nr
film;6;nom
criticism;6;nom
campaign;6;nom
8perc;6;nr
colour;6;nom
menstrual;6;nr
stress;6;nom
crt;6;nr
adopt;6;ver
maternal;6;nr
estimate;6;nom
english;6;nr
native;6;nom
cross;6;adj
generation;6;nom
french;6;nr
coverage;6;nom
pr;6;nr
classify;6;ver
orientation;6;nom
sample;6;nom
determine;6;ver
cura;6;nr
tie;6;nom
middle;6;nom
feminine;6;nom
implementation;6;nom
property;6;nom
household;6;nom
sickle;6;nom
cell;6;nom
bibliography;5;nom
integration;5;nom
foster;5;ver
dossier;5;nom
interface;5;nom
apparatus;5;nom
future;5;nom
legitimize;5;ver
theses;5;nom
advance;5;nom
curriculum;5;nom
grade;5;nom
conceptual;5;nr
semi;5;nom
real;5;adj
childhood;5;nom
respect;5;nom
diversity;5;nom
adult;5;nom
belo;5;nr
horizonte;5;nr
federation;5;nom
police;5;nom
institute;5;nom
direct;5;adj
spread;5;ver
encourage;5;ver
artistic;5;nr
disadvantage;5;nom
adjust;5;ver
achieve;5;ver
interest;5;nom
voice;5;nom
background;5;nom
attribute;5;nom
jazz;5;nom
pay;5;nom
definition;5;nom
kinship;5;nom
belief;5;nom
moral;5;nom
large;5;adj
southern;5;nom
respective;5;nr
subjectivity;5;nom
1990s;5;nr
onwards;5;nr
universidade;5;nr
favor;5;nom
goal;5;nom
contextual;5;nr
reduction;5;nom
intervention;5;nom
regional;5;nom
expansion;5;nom
regulation;5;nom
oppress;5;ver
ethnography;5;nom
exist;5;ver
contrast;5;nom
define;5;ver
variation;5;nom
fear;5;nom
publication;5;nom
selection;5;nom
nationality;5;nom
moment;5;nom
perceive;5;ver
birth;5;nom
apc;5;nr
engage;5;ver
complex;5;adj
ratio;5;nom
cinema;5;nom
guide;5;nom
mobility;5;nom
emotional;5;nr
ownership;5;nom
degree;5;nom
regressivity;5;nr
consideration;5;nom
original;5;nom
majority;5;nom
proportion;5;nom
textbook;5;nom
educate;5;ver
refer;5;ver
occupational;5;nr
recidivism;5;nom
comparison;5;nom
desire;5;nom
assumption;5;nom
bahia;5;nr
perform;5;ver
quota;5;nom
fashion;5;nom
ancestry;5;nom
food;5;nom
obesity;5;nom
retention;5;nom
std;5;nr
feature;4;nom
voz;4;nr
hygiene;4;nom
belong;4;ver
genocide;4;nom
plot;4;nom
ensure;4;ver
initiative;4;nom
prevalent;4;nr
centrality;4;nom
foundation;4;nom
expectation;4;nom
conflict;4;nom
list;4;nom
confirm;4;ver
vision;4;nom
transvestite;4;nom
imaginary;4;nom
today;4;nom
early;4;adj
learn;4;ver
elementary;4;nr
basis;4;nom
control;4;nom
photograph;4;nom
ideological;4;nr
impose;4;ver
tendency;4;nom
interlocutor;4;nom
oral;4;nom
aesthetic;4;nom
alternative;4;nom
atlantic;4;nr
crisis;4;nom
combination;4;nom
situate;4;ver
privilege;4;nom
aggressor;4;nom
reproduce;4;ver
multiple;4;nom
abaetê;4;nr
criolo;4;nr
fortaleza;4;nr
manifest;4;nom
strengthen;4;ver
exploitation;4;nom
africans;4;nr
advocate;4;nom
diasporic;4;nr
distribute;4;ver
insert;4;nom
precariousness;4;nom
land;4;nom
indigenous;4;nr
ceará;4;nr
declare;4;ver
peripheral;4;nom
neighborhood;4;nom
precarious;4;nr
proposition;4;nom
function;4;nom
conceptualize;4;ver
defend;4;ver
technology;4;nom
matrix;4;nom
cuban;4;nr
exchange;4;nom
eugenic;4;nr
biological;4;nom
formal;4;nom
capitalist;4;nom
speak;4;ver
insertion;4;nom
sphere;4;nom
hide;4;nom
periodical;4;nom
thematic;4;nr
bolsonaro;4;nr
continue;4;ver
oliveira;4;nr
path;4;nom
historiography;4;nom
historiographical;4;nr
elaboration;4;nom
illustrate;4;ver
expose;4;nom
basic;4;nom
mato;4;nr
configuration;4;nom
finding;4;nom
twentieth;4;nom
raça;4;nr
water;4;nom
domestic;4;nom
subordination;4;nom
resident;4;nom
interpret;4;ver
close;4;adj
previous;4;nr
vary;4;ver
salvador;4;nr
prevalence;4;nom
comment;4;nom
found;4;adj
series;4;nr
personal;4;nom
psychological;4;nr
visa;4;nom
elaborate;4;ver
combat;4;nom
epidemiological;4;nr
sectional;4;nom
capital;4;nom
0perc;4;nr
homosexual;4;nom
death;4;nom
benefit;4;nom
recognize;4;ver
item;4;nom
product;4;nom
war;4;nom
attitude;4;nom
critically;4;nr
activist;4;nom
collective;4;nom
explicit;4;nr
centre;4;nom
immigration;4;nom
discriminatory;4;nr
racialisation;4;nr
undergraduate;4;nom
poem;4;nom
quantitative;4;nr
inferiority;4;nom
european;4;nr
18th;4;nr
valid;4;adj
dose;4;nom
select;4;ver
archeology;4;nom
efficacy;4;nom
railroad;4;nom
company;4;nom
indirect;4;ver
criterion;4;nom
index;4;nom
relative;4;nom
creative;4;nr
justice;4;nom
segment;4;nom
al;4;nr
equitable;4;nr
phase;4;nom
fight;4;nom
active;4;nom
visual;4;nom
enter;4;ver
prepare;4;ver
evaristo;4;nr
interaction;4;nom
generate;4;ver
agent;4;nom
audiovisual;4;nom
en;4;nom
logistic;4;nom
shape;4;nom
appearance;4;nom
day;4;nom
textual;4;nr
colonization;4;nom
everyday;4;nr
connect;4;ver
medicine;4;nom
plan;4;nom
tb;4;nr
saúde;4;nr
los;4;nr
western;4;nom
game;4;adj
representative;4;nom
maintain;4;ver
specificity;4;nom
tete;4;nr
free;4;adj
extent;4;nom
modernization;4;nom
regard;4;nom
range;4;nom
epidemiology;4;nom
baby;4;adj
superior;4;nom
pccs;4;nr
hr;4;nr
unequal;4;nr
femininity;4;nom
hetero;4;nr
stratification;4;nom
inclusion;4;nom
mulata;4;nr
victimization;4;nom
require;4;ver
statement;4;nom
anemia;4;nom
government;3;nom
title;3;nom
raca;3;nr
didactic;3;nr
device;3;nom
january;3;nr
choose;3;ver
member;3;nom
front;3;nom
visibility;3;nom
persist;3;ver
align;3;ver
imbricated;3;nr
antiracist;3;nr
nascimento;3;nr
presentation;3;nom
crime;3;nom
initially;3;nr
overview;3;nom
martin;3;nom
sao;3;nr
gesture;3;nom
incorporate;3;ver
archival;3;nr
paradigm;3;nom
broad;3;adj
economics;3;nr
usa;3;nr
pedagogy;3;nom
fluminense;3;nr
horizon;3;nom
childbirth;3;nom
obstetric;3;nr
exposure;3;nom
official;3;nom
unify;3;ver
sus;3;nr
universal;3;nom
deductive;3;nr
procedure;3;nom
technique;3;nom
rise;3;nom
abjection;3;nom
butler;3;nom
pre;3;nr
symbolic;3;nr
erasure;3;nom
blackness;3;nom
consciousness;3;nom
pioneer;3;nom
favelas;3;nr
decline;3;nom
art;3;nom
music;3;nom
epistemology;3;nom
subjective;3;nr
systematic;3;nr
album;3;nom
asian;3;nr
musical;3;nom
style;3;nom
hierarchical;3;nr
involvement;3;nom
northeast;3;nom
colonialism;3;nom
combine;3;nom
politics;3;nr
interrelate;3;ver
similarity;3;nom
postcolonial;3;nr
internal;3;nom
healthcare;3;nr
online;3;nr
confront;3;ver
formulation;3;nom
flow;3;nom
peer;3;nom
problematize;3;nr
ovule;3;nom
characterize;3;ver
approximately;3;nr
inspire;3;ver
extreme;3;adj
difficulty;3;nom
deepen;3;ver
complexity;3;nom
haitian;3;nr
america;3;nr
imply;3;ver
historian;3;nom
eduardo;3;nr
emancipation;3;nom
test;3;nom
properly;3;nr
professor;3;nom
itinerary;3;nom
guideline;3;nom
grosso;3;nr
systemic;3;nom
myth;3;nom
additionally;3;nr
insight;3;nom
compose;3;ver
vaccination;3;nom
attempt;3;nom
predominantly;3;nr
periphery;3;nom
standard;3;nom
detail;3;nom
ground;3;nom
ibge;3;nr
residential;3;nr
scientist;3;nom
predominance;3;nom
conservative;3;nom
stereotype;3;nom
diverse;3;nr
intertwine;3;ver
migration;3;nom
serve;3;nom
scholar;3;nom
writing;3;nom
josé;3;nr
introduction;3;nom
epidemic;3;nom
6perc;3;nr
2perc;3;nr
heterosexual;3;nom
growth;3;nom
continuous;3;nr
circulate;3;ver
militant;3;nom
major;3;nom
disseminate;3;ver
court;3;nom
nineteenth;3;nom
kind;3;adj
consist;3;ver
improvement;3;nom
library;3;nom
commitment;3;nom
ii;3;nr
legislative;3;nom
japanese;3;nr
failure;3;nom
contemplate;3;ver
criticize;3;ver
incompleteness;3;nom
sinasc;3;nr
unit;3;nom
annual;3;nom
1perc;3;nr
southeast;3;nom
percent;3;nom
partner;3;nom
application;3;nom
elt;3;nr
dominant;3;nom
speaker;3;nom
graduate;3;nom
activism;3;nom
scene;3;nom
scenario;3;nom
meditação;3;nr
concern;3;nom
response;3;nom
dedicate;3;ver
deconstruct;3;ver
month;3;nom
administer;3;ver
timely;3;adj
calculate;3;ver
exclude;3;ver
cinematographic;3;nr
discursive;3;nr
naturalize;3;ver
recently;3;nr
physic;3;nom
evaluation;3;nom
railway;3;nom
occupy;3;ver
double;3;nom
enhance;3;ver
outcome;3;nom
icms;3;nr
ipva;3;nr
vulnerable;3;nr
choice;3;adj
license;3;nom
initiation;3;nom
add;3;ver
emancipatory;3;nr
enem;3;nr
quality;3;nom
drama;3;nom
gather;3;nom
exemplo;3;nr
emphasis;3;nom
judicial;3;nr
indicator;3;nom
locate;3;ver
leave;3;nom
logic;3;nom
europe;3;nr
santa;3;nr
freedom;3;nom
universe;3;nom
thought;3;nom
conceição;3;nr
circulation;3;nom
fictional;3;nr
spiritualist;3;nom
hear;3;ver
persistent;3;nr
effective;3;nom
carioca;3;nr
beauty;3;nom
stratum;3;nom
potential;3;nom
note;3;nom
connection;3;nom
cure;3;nom
treat;3;nom
sinan;3;nr
96perc;3;nr
odd;3;adj
stand;3;nom
fatores;3;nr
associados;3;nr
em;3;nom
entre;3;nr
serviços;3;nr
factores;3;nr
asociados;3;nr
el;3;nom
la;3;nom
cedaw;3;nr
normative;3;nr
match;3;nom
design;3;nom
significantly;3;nr
hegemonic;3;nr
economy;3;nom
sauna;3;nom
province;3;nom
correlate;3;nom
traditional;3;nr
pnad;3;nr
nacional;3;nr
operate;3;ver
exam;3;nom
opportunity;3;nom
prenatal;3;nr
consultation;3;nom
pregnant;3;nr
inform;3;ver
put;3;ver
aluísio;3;nr
mestizo;3;nom
oppression;3;nom
observation;3;nom
infer;3;ver
boxer;3;nom
monument;3;nom
stage;3;nom
upper;3;nom
stable;3;adj
aspiration;3;nom
complete;3;adj
occasion;3;nom
respondent;3;nom
miss;3;nom
indexicality;3;nr
adherence;3;nom
freyre;3;nr
trait;3;nom
guidance;3;nom
consistent;3;nr
monitor;3;nom
poor;3;adj
slum;3;nom
recife;3;nr
denomination;3;nom
audience;2;nom
evaluate;2;ver
fifteen;2;nom
cover;2;nom
edition;2;nom
shift;2;nom
frente;2;nr
negra;2;nr
ra;2;nr
ccedil;2;nr
club;2;nom
portray;2;ver
lifestyle;2;nom
bourdieu;2;nr
hygienist;2;nom
denounce;2;ver
extermination;2;nom
begin;2;ver
contact;2;nom
intra;2;nr
inter;2;ver
extra;2;nom
geovani;2;nr
homo;2;nom
constitutive;2;nr
prose;2;nom
edgard;2;nr
leuenroth;2;nr
archive;2;nom
campinas;2;nr
preservation;2;nom
dissemination;2;nom
isolation;2;nom
prophylactic;2;nom
generalize;2;ver
elite;2;nom
commit;2;ver
harsh;2;adj
technical;2;nr
reading;2;nom
genesis;2;nom
alter;2;ver
direction;2;nom
hospital;2;nom
maternity;2;nom
complementary;2;nom
management;2;nom
assign;2;nom
nowadays;2;nr
bibliographical;2;nr
bento;2;nr
transsexual;2;nom
disgust;2;nom
converge;2;ver
judith;2;nr
certainty;2;nom
erase;2;ver
cognitive;2;nr
initial;2;nom
numerous;2;nr
dark;2;adj
federação;2;nr
monograph;2;nom
transpose;2;ver
rethink;2;nom
propositional;2;nr
necessity;2;nom
scholarship;2;nom
humanity;2;nom
reality;2;nom
artist;2;nom
margin;2;nom
philosophical;2;nr
casa;2;nr
philosophy;2;nom
linear;2;nr
permeate;2;ver
outskirt;2;nom
affirm;2;ver
adc;2;nr
creole;2;nom
missionary;2;nom
favour;2;nom
decolonize;2;ver
plurality;2;nom
frequently;2;nr
particularity;2;nom
territorial;2;nom
settlement;2;nom
ax;2;nom
mbembe;2;nr
africa;2;nr
stem;2;nom
postdoctoral;2;nr
provider;2;nom
pandemic;2;nom
pernambuco;2;nr
affection;2;nom
cycle;2;nom
friendship;2;nom
raciality;2;nr
interpersonal;2;nr
raise;2;nom
highly;2;nr
controversial;2;nr
radical;2;nom
philosopher;2;nom
pertinent;2;nr
biographical;2;nr
gilroy;2;nr
donation;2;nom
surveillance;2;nom
phenotypic;2;nr
biopolitics;2;nr
delimit;2;ver
unveil;2;ver
revolution;2;nom
establishment;2;nom
modernist;2;nom
eugenically;2;nr
prado;2;nr
alfredo;2;nr
broadly;2;nr
separate;2;nom
section;2;nom
haiti;2;nr
xenophobia;2;nom
crossing;2;nom
unique;2;adj
enunciation;2;nom
deictic;2;nom
franco;2;nr
president;2;nom
progressive;2;nom
sociologist;2;nom
historicity;2;nom
claim;2;nom
manage;2;ver
outline;2;nom
1970s;2;nr
premise;2;nom
2000s;2;nr
west;2;nom
adequacy;2;nom
acknowledge;2;ver
requirement;2;nom
likewise;2;nr
extensively;2;nr
deep;2;adj
crucial;2;nr
communication;2;nom
regime;2;nom
hall;2;nom
alencar;2;nr
mnu;2;nr
ce;2;nr
word;2;nom
mode;2;nom
realize;2;ver
spatiality;2;nom
florianópolis;2;nr
partially;2;nr
depth;2;nom
parent;2;nom
machado;2;nr
engagement;2;nom
clarim;2;nr
alvorada;2;nr
decode;2;ver
pursue;2;ver
endeavor;2;nom
infrastructure;2;nom
extensive;2;nr
description;2;nom
coexist;2;ver
visible;2;nr
election;2;nom
unity;2;nom
politicization;2;nom
parliamentary;2;nr
expressive;2;nr
curve;2;nom
decisive;2;nr
foreign;2;nr
lucio;2;nr
move;2;nom
postulate;2;nom
markedly;2;nr
sexist;2;nom
contour;2;nom
widely;2;nr
comparative;2;nom
conversation;2;nom
movie;2;nom
appeal;2;nom
asymmetry;2;nom
carlos;2;nr
silva;2;nom
defense;2;nom
authority;2;nom
collectively;2;nr
share;2;nom
apprehend;2;ver
accompany;2;ver
confrontation;2;nom
ireland;2;nr
fail;2;nom
naturalist;2;nom
evil;2;adj
oppose;2;ver
doubt;2;nom
supremacy;2;nom
undergo;2;ver
essential;2;nom
espírito;2;nr
santo;2;nr
mix;2;nom
viral;2;nr
load;2;nom
detectable;2;nr
frequency;2;nom
incomplete;2;nr
acquire;2;ver
whiten;2;ver
late;2;adj
partnership;2;nom
pelota;2;nom
difficult;2;nr
usefulness;2;nom
receive;2;ver
sanitary;2;nr
expand;2;ver
sexism;2;nom
john;2;nom
cassian;2;nr
collationes;2;nr
patrum;2;nr
illustrative;2;nr
demon;2;nom
continent;2;nom
neo;2;nr
predominant;2;nr
geography;2;nom
politicize;2;ver
hair;2;nom
macro;2;nom
linguistics;2;nr
capitalism;2;nom
associativism;2;nr
inequity;2;nom
wg;2;nr
entertain;2;ver
single;2;nom
revista;2;nr
july;2;nr
print;2;nom
lie;2;nom
praise;2;nom
strand;2;nom
consult;2;ver
electronic;2;nr
resource;2;nom
cape;2;nom
iii;2;nr
constituent;2;nom
legislature;2;nom
concrete;2;nom
dominate;2;ver
contradictory;2;nom
feel;2;nom
heterogeneity;2;nom
theorist;2;nom
obstacle;2;nom
federative;2;nr
decrease;2;nom
5perc;2;nr
fill;2;nom
facility;2;nom
outdoor;2;nr
schoolgirl;2;nom
guarantee;2;nom
gang;2;nom
behavior;2;nom
perpetuate;2;ver
colonisation;2;nom
north;2;nom
micro;2;nom
resume;2;nom
capacity;2;nom
romanticism;2;nom
indianist;2;nr
gonçalves;2;nr
dias;2;nr
alves;2;nr
hope;2;nom
fall;2;nom
interviewee;2;nom
provisional;2;nom
depend;2;ver
société;2;nr
paris;2;nr
janvier;2;nr
dilemma;2;nom
crude;2;adj
poisson;2;nr
significance;2;nom
full;2;adj
spectator;2;nom
digital;2;nom
allegory;2;nom
homogeneous;2;nr
exploratory;2;nr
oeste;2;nr
pará;2;nr
translate;2;ver
paulista;2;nr
documentary;2;nom
originality;2;nom
adapt;2;ver
environment;2;nom
distance;2;nom
fact;2;nom
conflictive;2;nr
cooperation;2;nom
miscegenation;2;nom
unusual;2;nr
embody;2;ver
good;2;adj
spend;2;ver
entire;2;nom
meaningful;2;nr
progress;2;nom
attribution;2;nom
permit;2;nom
unrestricted;2;nr
cite;2;nom
umbanda;2;nr
candomblé;2;nr
pretos;2;nr
velhos;2;nr
corporal;2;nom
prior;2;nom
coexistence;2;nom
inhabitant;2;nom
travitzki;2;nr
launch;2;nom
deny;2;ver
polemic;2;nom
ambivalence;2;nom
instruction;2;nom
problematizes;2;nr
judiciary;2;nom
record;2;nom
culminate;2;ver
bonaparte;2;nr
anthropologist;2;nom
photography;2;nom
sustain;2;ver
documentation;2;nom
display;2;nom
kubota;2;nr
extremely;2;nr
pro;2;nom
natural;2;nom
desirable;2;nom
negotiate;2;ver
gepa;2;nr
collaborate;2;ver
jesus;2;nr
han;2;nr
das;2;nr
phenomenology;2;nr
spiritualism;2;nom
disaster;2;nom
mass;2;nom
flood;2;nom
maranhão;2;nr
processual;2;nr
multivariate;2;nr
impairment;2;nom
reception;2;nom
interracial;2;nr
give;2;nom
negotiation;2;nom
likelihood;2;nom
offend;2;ver
bias;2;nom
surround;2;nom
earn;2;ver
historic;2;nr
characterization;2;nom
backlands;2;nr
circuit;2;nom
manoel;2;nr
luiz;2;nr
prison;2;nom
responsible;2;nr
improve;2;ver
employment;2;nom
tuberculosis;2;nom
objetivo;2;nr
os;2;nom
tratamento;2;nr
estado;2;nr
métodos;2;nr
transversal;2;nr
dados;2;nr
sistema;2;nr
logística;2;nr
para;2;nom
resultados;2;nr
casos;2;nr
notificados;2;nr
foram;2;nom
residir;2;nr
zona;2;nr
menor;2;nr
sexo;2;nr
masculino;2;nr
cor;2;nr
parda;2;nr
determinantes;2;nr
evidenciando;2;nr
por;2;nr
tratamiento;2;nr
estudio;2;nr
del;2;nr
probabilidad;2;nr
implement;2;nom
committee;2;nom
ignore;2;ver
oppresion;2;nr
intense;2;adj
portrait;2;nom
break;2;nom
manifestation;2;nom
soccer;2;nom
narrate;2;ver
mission;2;nom
route;2;nom
negro;2;nr
mpl;2;nr
circle;2;nom
incidence;2;nom
protection;2;nom
rely;2;ver
hustler;2;nom
inquire;2;ver
monolithic;2;nr
formulate;2;ver
meet;2;adj
scarcity;2;nom
multinational;2;nom
democratic;2;nr
decentering;2;nr
miguel;2;nr
calmon;2;nr
landlord;2;nom
leadership;2;nom
broaden;2;ver
ortiz;2;nr
1940s;2;nr
lens;2;nom
interactional;2;nr
facebook;2;nr
performative;2;nr
virtual;2;nr
interpretive;2;nr
pnld;2;nr
correct;2;adj
americas;2;nr
empirically;2;nr
web;2;nom
scopus;2;nr
lilac;2;nom
pubmed;2;nr
indirectly;2;nr
barrier;2;nom
distinction;2;nom
conceive;2;ver
evolution;2;nom
absolute;2;adj
caribbean;2;nr
metropolis;2;nom
frequent;2;adj
prove;2;ver
representativeness;2;nr
minority;2;nom
inclusive;2;nr
attend;2;ver
august;2;adj
medline;2;nr
perfil;2;nr
recommendation;2;nom
organ;2;nom
diagnose;2;ver
65perc;2;nr
antiretroviral;2;nr
95percci0;2;nr
column;2;nom
emancipate;2;ver
relational;2;nr
slur;2;nom
quilombolas;2;nr
stance;2;nom
charles;2;nr
spanish;2;nr
concentrate;2;nom
iberian;2;nr
controversy;2;nom
interdependence;2;nom
consubstantiality;2;nr
rational;2;nom
spectacle;2;nom
masculinity;2;nom
essentialism;2;nr
mere;2;adj
fluidity;2;nom
acquisition;2;nom
sign;2;nom
security;2;nom
quilombo;2;nr
quilombola;2;nr
rebuild;2;ver
renew;2;ver
band;2;nom
clinical;2;nr
autonomy;2;nom
june;2;nr
broker;2;nom
ferreira;2;nr
moita;2;nr
lope;2;nom
special;2;adj
foodways;2;nr
underlie;2;ver
psychotropic;2;nom
sp;2;nr
bad;2;adj
drug;2;nom
40perc;2;nr
critique;2;nom
governmental;2;nr
promotion;2;nom
inherent;2;nr
guarda;2;nr
fire;2;nom
consumption;2;nom
sensationalism;2;nom
experiment;2;nom
fhc;2;nr
imagine;2;ver
expect;2;ver
disappear;2;ver
inside;2;nom
fraser;2;nr
honneth;2;nr
associate;2;nom
argentina;2;nr
chile;2;nom
dilma;2;nr
candomble;2;nr
alagoinhas;2;nr
xix;2;nr
wide;2;adj
job;2;nom
samba;2;nom
abolitionist;2;nom
movement_s;2;nr
legislation;2;nom
adoption;2;nom
spite;2;nom
ces;2;nr
ifes;2;nr
completion;2;nom
usp;2;nr
repression;2;nom
protect;2;ver
colonialist;2;nom
tale;2;nom
epidemiologic;2;nr
justify;2;ver
dependent;2;nom
genetic;2;nr
follow;2;nom
educatonal;2;nr
retenton;2;nr
legitimacy;2;nom
childcare;2;nom
lesbian;2;nom
suburb;2;nom
incipient;2;nr
interrogate;2;ver
negative;2;nom
leisure;2;nom
gisele;2;nr
pole;2;nom
afrodescendant;2;nr
negraeva;2;nr
afrodescendants;2;nr
teaching;1;nom
michel;1;nr
foucault;1;nr
foucaultian;1;nr
dot;1;nom
taxonomy;1;nom
commercial;1;nom
pretend;1;ver
atilde;1;nr
amid;1;nr
bolster;1;nom
brasileira;1;nr
morality;1;nom
physicality;1;nom
patriotism;1;nom
mask;1;nom
abdias;1;nr
sew;1;ver
provocateurs;1;nr
annoyance;1;nom
punishment;1;nom
adversity;1;nom
root;1;nom
dialog;1;nom
sol;1;nom
na;1;nr
cabeca;1;nr
reread;1;ver
thirteen;1;nom
hermeneutic;1;nr
amaral;1;nr
filho;1;nr
ghedin;1;nr
gadamer;1;nr
religiosus;1;nr
eliade;1;nr
talent;1;nom
arquivo;1;nr
ael;1;nr
unicamp;1;nr
assemble;1;ver
pertain;1;ver
participatory;1;nr
reimagine;1;nr
preserve;1;nom
redefine;1;ver
dismantle;1;ver
leprosy;1;nom
totalitarian;1;nom
vargas;1;nr
indiscriminately;1;nr
instrumental;1;nom
extinction;1;nom
substantially;1;nr
thesis;1;nom
solve;1;ver
encompass;1;ver
fieldwork;1;nom
uerj;1;nr
baixada;1;nr
ufrj;1;nr
ufrrj;1;nr
campus;1;nom
nova;1;nom
iguacu;1;nr
uff;1;nr
unirio;1;nr
pedagogue;1;nom
menu;1;nom
institutionalization;1;nom
appropriation;1;nom
ward;1;nom
batter;1;nom
staff;1;nom
parturients;1;nr
humanize;1;ver
rupture;1;nom
compliance;1;nom
monographic;1;nr
collision;1;nom
julia;1;nr
kristeva;1;nr
berenice;1;nr
hatred;1;nom
repulsion;1;nom
sens;1;nom
monique;1;nr
wittig;1;nr
gayle;1;nr
rubin;1;nr
psychoanalysis;1;nom
lacan;1;nr
graph;1;nom
sexuation;1;nr
trans;1;nr
born;1;nr
anguish;1;nom
fissure;1;nom
abject;1;nr
stammer;1;nom
cisgenerity;1;nr
discussin;1;nr
comprehention;1;nr
classroom;1;nom
sociologically;1;nr
cavalleiro;1;nr
cardoso;1;nr
carneiro;1;nr
diallo;1;nr
incur;1;ver
provision;1;nom
eca;1;nr
dcnei;1;nr
barraco;1;nr
trabalhadores;1;nr
favelados;1;nr
1950s;1;nr
frame;1;nom
mobilization;1;nom
stigma;1;nom
accumulate;1;ver
seize;1;ver
civil;1;nr
statute;1;nom
associative;1;nr
protest;1;nom
autonomous;1;nr
questionable;1;nr
overcome;1;ver
universalize;1;ver
objectify;1;ver
supposedly;1;nr
patriarchy;1;nom
consistently;1;nr
poetry;1;nom
theorize;1;ver
registry;1;nom
actively;1;nr
locus;1;nom
creativity;1;nom
rapper;1;nom
emicida;1;nr
catalyst;1;nom
sobre;1;nr
crianças;1;nr
quadris;1;nr
pesadelos;1;nr
lições;1;nr
resonate;1;ver
pop;1;nom
love;1;nom
environmental;1;nr
generally;1;nr
9th;1;nr
exhibit;1;nom
perpetration;1;nom
conversely;1;nr
pense;1;nr
hglm;1;nr
separately;1;nr
prone;1;adj
effectiveness;1;nom
languageand;1;nr
underpin;1;ver
deeply;1;nr
sugar;1;nom
mill;1;nom
modelo;1;nr
engenho;1;nr
boçal;1;nr
ladino;1;nr
língua;1;nr
ensalved;1;nr
proficiency;1;nom
ethnicization;1;nr
racializing;1;nr
inscribe;1;ver
multilingualism;1;nom
worth;1;nom
deserve;1;ver
date;1;nom
back;1;nom
upscale;1;ver
hinder;1;ver
repercussion;1;nom
concentration;1;nom
achille;1;nr
discern;1;ver
amidst;1;nr
external;1;nom
covid;1;nr
thread;1;nom
workplace;1;nom
exhaustion;1;nom
loneliness;1;nom
symbolically;1;nr
materially;1;nr
servitude;1;nom
maximum;1;nom
micropolitics;1;nr
conceptualization;1;nom
simple;1;adj
negritude;1;nom
martinican;1;nr
frantz;1;nr
fanon;1;nr
amiri;1;nr
baraka;1;nr
koselleck;1;nr
ebb;1;nom
vitro;1;nr
fertilization;1;nom
cuba;1;nr
biotechnology;1;nom
intelligibility;1;nom
donor;1;nom
receiver;1;nom
presupposition;1;nom
mixture;1;nom
subversion;1;nom
classical;1;nom
structuralist;1;nr
contextualize;1;ver
modernism;1;nom
fuel;1;nom
creation;1;nom
utopia;1;nom
ellis;1;nr
junior;1;nom
monteiro;1;nr
lobato;1;nr
adalzira;1;nr
bittencourt;1;nr
parallelism;1;nom
app;1;nr
delivery;1;nom
informalization;1;nr
misunderstand;1;ver
massified;1;nr
retro;1;nr
feed;1;nom
understanding;1;nom
debt;1;nom
adequate;1;nr
assimilate;1;ver
segregate;1;ver
intrinsically;1;nr
misinterpretation;1;nom
delimitation;1;nom
contradiction;1;nom
educação;1;nr
sociedade;1;nr
provoke;1;ver
migrant;1;nom
submit;1;ver
inductive;1;nr
motivation;1;nom
migrate;1;ver
haitians;1;nr
marginalization;1;nr
actor;1;nom
embed;1;ver
uncouple;1;ver
unpack;1;ver
invocation;1;nom
jair;1;nr
councilwoman;1;nom
assassinate;1;ver
elect;1;nom
vilify;1;ver
trope;1;nom
legacy;1;nom
mourn;1;ver
mottos;1;nr
defy;1;ver
chronologic;1;nr
spectrum;1;nom
immanence;1;nom
supremacist;1;nom
symbol;1;nom
mournable;1;nr
phantasmatic;1;nr
threat;1;nom
corporality;1;nr
beatriz;1;nr
disciplinary;1;nr
genealogy;1;nom
fraught;1;adj
problematizations;1;nr
injunction;1;nom
principle;1;nom
objectivity;1;nom
consolidate;1;ver
paradoxically;1;nr
escape;1;nom
radar;1;nom
stop;1;nom
reformulate;1;ver
brasília;1;nr
goiás;1;nr
dourados;1;nr
teachertraining;1;nr
absorb;1;ver
complement;1;nom
restructure;1;ver
curricular;1;nr
grid;1;nom
fulfil;1;ver
robust;1;adj
neabs;1;nr
sociohistorical;1;nr
grind;1;nom
internalize;1;ver
colorism;1;nr
dissemina;1;nr
lab;1;nom
eye;1;nom
depart;1;ver
neurosis;1;nom
gonzalez;1;nr
2020a;1;nr
repress;1;ver
conceal;1;ver
pragmatic;1;nom
2015a;1;nr
2015b;1;nr
bonfim;1;nr
mandigueiros;1;nr
cordeiro;1;nr
linguistic;1;nr
mandinga;1;nr
muniz;1;nr
proper;1;adj
sc;1;nr
luís;1;nr
ma;1;nom
caregiver;1;nom
vaccinate;1;ver
ren;1;nr
responsibility;1;nom
vaccine;1;nom
neoliberal;1;nom
resonance;1;nom
assis;1;nr
relentless;1;nr
whitewash;1;nom
exploration;1;nom
oeuvre;1;nom
getulino;1;nr
invisible;1;nom
ink;1;nom
machadian;1;nr
readership;1;nom
dual;1;nom
hostile;1;nom
echo;1;nom
republican;1;nom
intelligible;1;nr
squat;1;adj
careful;1;adj
bear;1;nom
ordinary;1;adj
potency;1;nom
profound;1;adj
chamber;1;nom
deputy;1;nom
occurrence;1;nom
candidacy;1;nom
reelection;1;nom
incumbent;1;nom
credit;1;nom
conditionality;1;nom
interpretative;1;nr
orga;1;nr
nized;1;nr
proximity;1;nom
validation;1;nom
garden;1;nom
fabíola;1;nr
lópez;1;nr
durán;1;nr
apparent;1;nr
costa_s;1;nr
le;1;nr
corbusier;1;nr
visit;1;nom
costa;1;nom
remove;1;nom
categorize;1;ver
fit;1;adj
location;1;nom
nasa;1;nr
letterboxd;1;nr
viewer;1;nom
celebrate;1;ver
merit;1;nom
maintenance;1;nom
savior;1;nom
league;1;nom
transcend;1;ver
asylum;1;nom
wall;1;nom
physician;1;nom
antônio;1;nr
pacheco;1;nr
prominent;1;nr
outstanding;1;nr
psychiatric;1;nr
specialty;1;nom
quarter;1;nom
march;1;nom
deponent;1;nom
instance;1;nom
shuffle;1;nom
refugee;1;nom
exemplify;1;ver
recognise;1;nr
inversion;1;nom
anatomist;1;nom
civilization;1;nom
trade;1;nom
proslavery;1;nr
antislavery;1;nom
frederico;1;nr
burlamaque;1;nr
politician;1;nom
adolfo;1;nr
bezerra;1;nr
menezes;1;nr
novelist;1;nom
joaquim;1;nr
manuel;1;nr
macedo;1;nr
climate;1;nom
monogeny;1;nr
polygeny;1;nr
phrenology;1;nom
physiognomy;1;nom
literati;1;nr
scientifically;1;nr
notification;1;nom
infection;1;nom
intercourse;1;nom
die;1;nom
unprotected;1;nr
complication;1;nom
gradual;1;nom
reclassification;1;nom
municipal;1;nom
department;1;nom
conjunction;1;nom
psychology;1;nom
53perc;1;nr
corroborate;1;ver
declaration;1;nom
number;1;adj
awareness;1;nom
puberty;1;nom
ageist;1;nom
sanitation;1;nom
correspond;1;ver
disposable;1;nom
pad;1;nom
menstruation;1;nom
clean;1;adj
bathroom;1;nom
usable;1;nr
teenager;1;nom
ageism;1;nom
monastery;1;nom
marseille;1;nr
gaul;1;nr
monastic;1;nom
virtue;1;nom
discretio;1;nr
depict;1;ver
ethiopians;1;nr
instigate;1;ver
monk;1;nom
indulge;1;ver
vice;1;nom
mediterranean;1;nr
ethiopian;1;nr
discretion;1;nom
persistence;1;nom
mankind;1;nr
quarterly;1;nom
semitism;1;nr
communism;1;nom
nazism;1;nr
fascism;1;nom
contradict;1;ver
transparency;1;nom
parameter;1;nom
quantifiable;1;nr
differentiation;1;nom
inactive;1;nr
imagination;1;nom
registration;1;nom
fairclough;1;nr
appraisal;1;nom
functional;1;nom
halliday;1;nr
matthiessen;1;nr
subsystem;1;nom
coily;1;nr
disincentive;1;nom
physically;1;nr
violent;1;nr
milicias;1;nr
officer;1;nom
violation;1;nom
integral;1;nom
strategic;1;nr
successful;1;nr
abrasco;1;nr
collaborative;1;nr
reader;1;nom
illustrada;1;nr
dantas;1;nr
weave;1;nom
false;1;adj
deliberate;1;ver
distinguish;1;ver
periodism;1;nr
abolitionism;1;nom
eric;1;nr
coordination;1;nom
personnel;1;nom
portal;1;nom
scielo;1;nr
assembly;1;nom
session;1;nom
landmark;1;nom
prohibit;1;ver
constitutionally;1;nr
celebration;1;nom
fiftieth;1;nom
anniversary;1;nom
congressman;1;nom
boundary;1;nom
branch;1;nom
vote;1;nom
parliament;1;nom
deliberation;1;nom
lgbtqia;1;nr
embrace;1;nom
inwelcoming;1;nr
peculiarity;1;nom
rarely;1;nr
homonormativity;1;nr
misunderstanding;1;nom
ecological;1;nr
joinpoint;1;nr
calculation;1;nom
register;1;nom
midwest;1;nr
downward;1;nr
stationary;1;nom
enrollment;1;nom
60perc;1;nr
courtyard;1;nom
indoor;1;nr
playground;1;nom
studio;1;nom
recreation;1;nom
institutionalize;1;ver
unfavorable;1;nr
detention;1;nom
multi;1;nr
incursion;1;nom
socially;1;nr
incarceration;1;nom
criminalization;1;nr
coincide;1;ver
deracialise;1;nr
hierarchisation;1;nr
otherising;1;nr
alienate;1;ver
colombia;1;nr
disrupt;1;ver
decolonisation;1;nom
deracialisation;1;nr
rescue;1;nom
pertinence;1;nom
nationalist;1;nom
convenience;1;nom
avoid;1;ver
guanabara;1;nr
posthumous;1;nr
compilation;1;nom
poet;1;nom
bosi;1;nr
wilton;1;nr
marque;1;nom
roberto;1;nr
schwarz;1;nr
castro;1;nr
forgetfulness;1;nom
romantic;1;nom
selfdeclared;1;nr
interviewer;1;nom
designate;1;ver
predominate;1;ver
ethnologie;1;nr
sep;1;nr
anthropologie;1;nr
sap;1;nom
consolidation;1;nom
republic;1;nom
era;1;nom
inconsistency;1;nom
louis;1;nr
joseph;1;nr
natal;1;nr
norte;1;nr
95perc;1;nr
confidence;1;nom
interval;1;nom
schedule;1;nom
yellow;1;adj
fever;1;nom
archaeological;1;nr
absurdly;1;nr
inference;1;nom
clip;1;nom
netflix;1;nr
platform;1;nom
stream;1;nom
quantitatively;1;nr
filmic;1;nr
repetition;1;nom
refuse;1;nom
judgmental;1;nr
seventh;1;nom
invisibility;1;nom
screen;1;nom
task;1;nom
respond;1;nom
revalidated;1;nr
moderate;1;nom
vicarious;1;nr
doctoral;1;nr
interior;1;nom
claro;1;nom
araraquara;1;nr
interconnect;1;ver
ascension;1;nom
companhia;1;nr
impregnate;1;ver
ambiguity;1;nom
causality;1;nom
cohabitation;1;nom
characteristically;1;nr
impersonal;1;nr
fetish;1;nom
mediator;1;nom
factual;1;nr
conciliation;1;nom
internationalization;1;nom
mid;1;nom
collaboration;1;nom
verdean;1;nr
interweave;1;nom
powerful;1;nr
disruptive;1;nr
facet;1;nom
pact;1;nom
sale;1;nom
vehicle;1;nom
budget;1;nom
expenditure;1;nom
decile;1;nr
lerman;1;nr
yitzhaki;1;nr
progressivity;1;nom
individually;1;nr
proportionality;1;nom
vertical;1;nom
horizontal;1;nom
taxation;1;nom
disproportionately;1;nr
economically;1;nr
exacerbate;1;ver
alleviate;1;ver
rebalancing;1;nr
effectively;1;nr
adherent;1;nom
worship;1;nom
fo;1;nr
rms;1;nr
submission;1;nom
trance;1;nom
vacuum;1;nom
remember;1;ver
forget;1;ver
deprivation;1;nom
retake;1;nom
delve;1;ver
foundational;1;nr
negotiable;1;nom
arise;1;ver
fad;1;nom
empty;1;adj
triple;1;nom
producer;1;nom
reproducer;1;nom
signify;1;ver
bond;1;nom
solidarity;1;nom
doctor;1;nom
farmer;1;nom
manual;1;nom
mortem;1;nr
inventory;1;nom
scrutinize;1;ver
thousand;1;nom
math;1;nom
loss;1;nom
intramunicipal;1;nr
multilevel;1;nr
random;1;nom
coefficient;1;nom
mathematics;1;nr
compensate;1;ver
strain;1;nom
regulatory;1;nr
approve;1;ver
assist;1;nom
preparation;1;nom
theater;1;nom
antagonism;1;nom
supporter;1;nom
determinism;1;nom
antiracists;1;nr
polysemic;1;nr
clash;1;nom
congress;1;nom
precisely;1;nr
ignorance;1;nom
paraná;1;nr
efficiency;1;nom
foucauldian;1;nr
differ;1;ver
disinterest;1;nom
displace;1;ver
caregiving;1;nr
solely;1;nr
expulsion;1;nom
prince;1;nom
roland;1;nr
france;1;nr
quai;1;nr
branly;1;nr
museum;1;nom
nephew;1;nom
emperor;1;nom
napoleon;1;nom
patron;1;nom
hundred;1;nom
substrate;1;nom
hierarchize;1;nr
firstly;1;nr
epistemic;1;nr
entertainment;1;nom
ryuko;1;nr
translanguaging;1;nr
ongoing;1;nr
sister;1;nom
kubota_s;1;nr
vides;1;nr
compel;1;ver
freire;1;nr
unexplored;1;nr
attentive;1;nr
implicit;1;nr
21st;1;nr
intensity;1;nom
unlike;1;nr
japan;1;nom
paraguay;1;nr
intensification;1;nom
affectionate;1;nr
transnationalization;1;nr
exoticization;1;nr
conjugal;1;nr
germans;1;nr
italians;1;nr
affective;1;nr
sexualization;1;nr
ing;1;nr
rs;1;nr
protagonist;1;nom
execution;1;nom
intelligentsia;1;nom
newspa;1;nr
gaucho;1;nom
ofthat;1;nr
inaugural;1;nom
rebate;1;nom
accommodation;1;nom
ruth;1;nom
vila;1;nr
gaúcha;1;nr
journey;1;nom
motherhood;1;nom
carolina;1;nr
fabrication;1;nom
tactic;1;nom
mediation;1;nom
inhabit;1;ver
transversed;1;nr
fixation;1;nom
removable;1;nr
simon;1;nr
dickel;1;nr
structuralism;1;nom
primarily;1;nr
secondarily;1;nr
allan;1;nr
kardec_s;1;nr
revue;1;nom
spirite;1;nr
reject;1;nom
reincarnation;1;nom
kardec;1;nr
doctrinal;1;nr
divergence;1;nom
spiritists;1;nr
orleans;1;nr
hydrological;1;nr
geological;1;nr
aggravate;1;ver
chronic;1;nr
recurrence;1;nom
landslide;1;nom
santos;1;nr
quali;1;nr
cartographic;1;nr
vencidos;1;nr
degenerados;1;nr
moraes;1;nr
overseer;1;nom
recognizable;1;nr
synthesize;1;ver
tackle;1;nom
jointly;1;nr
temporality;1;nom
motor;1;nom
fix;1;nom
severe;1;adj
lastly;1;nr
magnitude;1;nom
accumulation;1;nom
happy;1;adj
bendito;1;nr
fruto;1;nr
sérgio;1;nr
goldenberg;1;nr
car;1;nom
ried;1;nr
stuart;1;nr
encode;1;ver
resignification;1;nr
wom;1;nr
worldviews;1;nr
repertoire;1;nom
offense;1;nom
adolescence;1;nom
adulthood;1;nom
juvenile;1;nom
countryside;1;nom
prediction;1;nom
problematic;1;nr
prosecution;1;nom
nucleus;1;nom
funk;1;nom
ability;1;nom
manipulation;1;nom
facilitator;1;nom
taste;1;nom
sensibly;1;nr
differentiate;1;ver
destabilize;1;ver
guimarães;1;nr
rosa_s;1;nr
warrior;1;nom
epic;1;nom
hermógenes;1;nr
diadorim;1;nr
homer;1;nom
iron;1;nom
lineage;1;nom
hesiod;1;nr
alive;1;nr
devil;1;nom
ancient;1;adj
therefor;1;nr
decoloniality;1;nr
imbrication;1;nom
axis;1;nom
workshop;1;nom
movimento;1;nr
pelas;1;nr
reparações;1;nr
mpr;1;nr
transatlantic;1;nr
diaspora;1;nr
backwoods;1;nr
corisco;1;nr
lampião;1;nr
opinion;1;nom
sergipe;1;nr
biology;1;nom
bureau;1;nom
degeneracy;1;nom
surprise;1;nom
sinuous;1;nr
cangaço;1;nr
banditry;1;nom
forensic;1;nom
centralize;1;ver
argentinean;1;nr
passage;1;nom
rhetoric;1;nom
lowincome;1;nr
cidade;1;nr
tiradentes;1;nr
bairro;1;nr
paz;1;nr
abd;1;nr
valuable;1;nom
input;1;nom
notifiable;1;nr
reside;1;ver
analisar;1;nr
à;1;nr
tuberculose;1;nr
período;1;nr
estudo;1;nr
informação;1;nr
agravos;1;nr
notificação;1;nr
empregou;1;nr
regressão;1;nr
análise;1;nr
incluídos;1;nr
revelaram;1;nr
maior;1;nr
ter;1;nr
anos;1;nr
escolaridade;1;nr
destacaram;1;nr
pele;1;nr
conclusão;1;nr
identificados;1;nr
sociais;1;nr
econômicos;1;nr
influenciam;1;nr
desfecho;1;nr
necessidade;1;nr
apoio;1;nr
garantia;1;nr
acesso;1;nr
aos;1;nr
analizar;1;nr
río;1;nr
con;1;nom
datos;1;nr
información;1;nr
agravios;1;nr
notificación;1;nr
empleó;1;nr
regresión;1;nr
fueron;1;nr
incluidos;1;nr
revelaron;1;nr
como;1;nr
mayor;1;nom
tener;1;nr
años;1;nr
ic;1;nr
destacado;1;nr
raza;1;nr
piel;1;nr
conclusión;1;nr
identificaron;1;nr
sociales;1;nr
económicos;1;nr
influencian;1;nr
desenlace;1;nr
necesidad;1;nr
apoyo;1;nr
garantía;1;nr
acceso;1;nr
servicios;1;nr
salud;1;nr
convention;1;nom
elimination;1;nom
pure;1;adj
colonize;1;ver
flavor;1;nom
mind;1;nom
forcefully;1;nr
aníbal;1;nr
quijano;1;nr
lugones;1;nr
vicinity;1;nom
obscurantism;1;nom
individuality;1;nom
inevitably;1;nr
victmized;1;nr
final;1;nom
severity;1;nom
covid19;1;nr
eurocentric;1;nr
complementarity;1;nom
exclusionnary;1;nr
absence;1;nom
ritual;1;nom
proof;1;nom
civilize;1;ver
peaceful;1;adj
commodity;1;nom
machine;1;nom
uncover;1;ver
basement;1;nom
ladder;1;nom
permanent;1;nom
degradation;1;nom
commemoration;1;nom
13th;1;nr
player;1;nom
compliment;1;nom
ambiguous;1;nr
liberal;1;nom
cadernos;1;nr
negros;1;nr
notebook;1;nom
esmeralda;1;nr
ribeiro;1;nr
mosaic;1;nom
portion;1;nom
exceptional;1;nr
anna;1;nom
cooper;1;nom
fannie;1;nr
williams;1;nr
personify;1;ver
penha;1;nr
achievement;1;nom
parity;1;nom
expert;1;nom
contend;1;ver
subalternized;1;nr
intention;1;nom
condemn;1;ver
enforcement;1;nom
intimate;1;nom
simultaneously;1;nr
inquiry;1;nom
moreno;1;nr
disregard;1;nom
justifiable;1;nr
detach;1;ver
diferences;1;nr
enthrone;1;ver
inseparable;1;nom
mozambique;1;nr
boom;1;nom
mine;1;nom
virtually;1;nr
untouched;1;nr
coal;1;nom
deposit;1;nom
vale;1;nom
billionaire;1;nom
investment;1;nom
catch;1;nom
ngos;1;nr
suspicious;1;nr
encounter;1;nom
exogenous;1;nr
familiar;1;nom
developmental;1;nr
pose;1;nom
intrigue;1;nom
clarify;1;ver
existential;1;nr
spiritual;1;nom
zambezi;1;nr
valley;1;nom
angola;1;nr
extension;1;nom
pluralize;1;ver
socialize;1;ver
decolonization;1;nom
revision;1;nom
seg;1;nr
regated;1;nr
stigmatize;1;ver
propitiate;1;ver
visitation;1;nom
dutch;1;nr
tobacco;1;nom
plantation;1;nom
sumatra;1;nr
travel;1;nom
postabolition;1;nr
rend;1;ver
enjoyment;1;nom
manpower;1;nom
return;1;nom
allege;1;ver
weapon;1;nom
fernando;1;nr
spiritism;1;nr
multifaceted;1;nr
kaleidoscopic;1;nr
dimensional;1;nr
thematics;1;nr
recuperate;1;ver
comprehend;1;ver
economical;1;nr
decomposition;1;nom
isolate;1;ver
geledés;1;nr
page;1;nom
commentator;1;nom
reflexivity;1;nom
contestation;1;nom
caio;1;nr
júnior;1;nr
clear;1;adj
amerindian;1;nr
minor;1;nom
formação;1;nr
contemporâneo;1;nr
westernization;1;nom
resist;1;nom
iventing;1;nr
monopoly;1;nom
devalue;1;ver
desqualify;1;nr
invisibilize;1;nr
programa;1;nr
livros;1;nr
didaticos;1;nr
imagetic;1;nr
thematizes;1;nr
aforementioned;1;nr
release;1;nom
politically;1;nr
concomitantly;1;nr
substantiate;1;ver
systematize;1;ver
cinahl;1;nr
directly;1;nr
reach;1;nom
genre;1;nom
mandatory;1;nom
transparent;1;nr
veil;1;nom
potent;1;nom
plural;1;nom
newborn;1;nom
gestational;1;nr
week;1;nom
million;1;nom
nationally;1;nr
9perc;1;nr
martinique;1;nr
induce;1;ver
colony;1;nom
erect;1;ver
settle;1;nom
possession;1;nom
derogatory;1;nr
manumission;1;nom
mestizaje;1;nr
consubstantial;1;nr
musician;1;nom
intermittent;1;nr
48perc;1;nr
soloist;1;nom
secon;1;nr
dary;1;nr
panorama;1;nom
electorate;1;nom
numerical;1;nr
electoral;1;nr
council;1;nom
ipea;1;nr
unpublished;1;nr
practical;1;nr
executive;1;nom
abysmal;1;nr
renewal;1;nom
nineteen;1;nom
mographical;1;nr
google;1;nr
bdenf;1;nr
paho;1;nr
psicologia;1;nr
epidemiológico;1;nr
reviewer;1;nom
abstract;1;adj
retrieve;1;nom
delete;1;ver
repeat;1;nom
proportionally;1;nr
manager;1;nom
conference;1;nom
helpful;1;nr
mentality;1;nom
selective;1;nr
andifes;1;nr
mulato;1;nr
azevedo;1;nr
contextualism;1;nr
midst;1;nom
pensador;1;nr
civilização;1;nr
clergy;1;nom
memorial;1;nom
semantics;1;nr
degeneration;1;nom
favorably;1;nr
retrospective;1;nom
kaplan;1;nr
meier;1;nr
stratify;1;ver
cox;1;nom
survive;1;ver
62perc;1;nr
irregular;1;nom
95percci8;1;nr
95percci1;1;nr
positively;1;nr
overlap;1;nom
valorization;1;nr
reflex;1;nom
tend;1;ver
invisibilized;1;nr
proceed;1;ver
dogmatic;1;nr
underused;1;nr
epistemes;1;nr
unfold;1;ver
spotlight;1;nom
television;1;nom
inferior;1;nom
bestial;1;nr
naturally;1;nr
ready;1;adj
verbal;1;nom
assault;1;nom
dehumanize;1;ver
lgbt;1;nr
fair;1;adj
sorority;1;nom
ubuntu;1;nr
british;1;nr
catholic;1;nr
16th;1;nr
17th;1;nr
lifelong;1;nr
church;1;nom
maritime;1;nr
empire;1;nom
conversion;1;nom
intertwinement;1;nr
principal;1;nom
upturn;1;nom
honor;1;nom
recurrent;1;nr
artifact;1;nom
riograndenses;1;nr
strategically;1;nr
mainstream;1;nom
pavis;1;nom
siqueira;1;nr
caminho;1;nr
seda;1;nr
video;1;nom
photo;1;nom
introduce;1;ver
angela;1;nr
harris;1;nr
opposition;1;nom
generality;1;nom
catharine;1;nr
mackinnon;1;nr
robin;1;nom
danger;1;nom
distinct;1;adj
bh;1;nr
atlas;1;nom
prestigious;1;nr
dentistry;1;nom
engineer;1;nom
hard;1;adj
linearly;1;nr
typical;1;nr
wise;1;adj
safe;1;adj
dream;1;nom
cultivate;1;ver
propria;1;nr
buy;1;nom
intergenerational;1;nr
accomplish;1;ver
testimony;1;nom
precocity;1;nom
tição;1;nr
referent;1;nom
chat;1;nom
acknowledgement;1;nom
sensibility;1;nom
reformulation;1;nom
lighten;1;ver
room;1;nom
strike;1;nom
success;1;nom
boost;1;nom
song;1;nom
sing;1;nom
americans;1;nr
shade;1;nom
industry;1;nom
observatory;1;nom
oca;1;nom
ancine;1;nr
dental;1;nom
patient_s;1;nr
hypothetic;1;nr
disagree;1;ver
hypothetical;1;nr
similarly;1;nr
tooth;1;nom
respectful;1;nr
equip;1;ver
conscious;1;nr
sexualize;1;nr
racialize;1;nr
morena;1;nr
cheirosa;1;nr
festival;1;nom
belém;1;nr
interference;1;nom
amazonian;1;nr
contest;1;nom
omit;1;ver
omission;1;nom
prescription;1;nom
immobile;1;nr
interstice;1;nom
gear;1;nom
shirt;1;nom
cup;1;nom
austin;1;nr
derrida;1;nr
bauman;1;nr
briggs;1;nr
pennycook;1;nr
louro;1;nr
melo;1;nr
blommaert;1;nr
indexical;1;nr
clue;1;nom
wortham;1;nr
kress;1;nr
leeuwen;1;nr
grow;1;ver
supplement;1;nom
inferential;1;nr
opposite;1;nom
noticeable;1;nr
omnipresent;1;nr
variety;1;nom
gilberto;1;nr
quest;1;nom
synthesis;1;nom
nutrition;1;nom
supplant;1;ver
cuisine;1;nom
epitomize;1;ver
homogenize;1;ver
force;1;nom
elderly;1;nom
april;1;nr
chi;1;nom
square;1;adj
rao;1;nr
scott;1;nr
medication;1;nom
disorder;1;nom
antidepressant;1;nom
anxiolytic;1;nom
antipsychotic;1;nom
distrital;1;nr
secretariat;1;nom
theft;1;nom
overweight;1;nom
sociodemographic;1;nr
weight;1;nom
retrieval;1;nom
excerpta;1;nr
medica;1;nr
embase;1;nr
internetwork;1;nr
hinari;1;nr
gray;1;adj
duplicate;1;nom
physiological;1;nr
silvia;1;nr
lara;1;nr
twenty;1;nom
influential;1;nom
academia;1;nom
mundos;1;nr
trabalho;1;nr
associação;1;nr
história;1;nr
mutually;1;nr
equal;1;nom
coproduction;1;nr
transversality;1;nr
manufacture;1;nom
december;1;nr
defesa;1;nr
américas;1;nr
guard;1;nom
washington;1;nr
propaganda;1;nom
ally;1;nom
abundantly;1;nr
similar;1;nr
code;1;nom
counterpart;1;nom
editorial;1;nom
journalistic;1;nr
homens;1;nr
transfer;1;nom
alliance;1;nom
pregnancy;1;nom
revalidation;1;nr
actualization;1;nom
resort;1;nom
originate;1;ver
perfect;1;adj
undesired;1;nr
marginalize;1;ver
baudelaire;1;nr
walter;1;nr
benjamin;1;nom
ascertain;1;ver
proletariat;1;nom
gradually;1;nr
productive;1;nr
lyrical;1;nr
wake;1;nom
flower;1;nom
nancy;1;nr
axel;1;nr
imbricate;1;nr
shed;1;ver
paperwe;1;nr
integrate;1;ver
subordinate;1;nom
esteem;1;nom
trigger;1;adj
drive;1;nom
cristina;1;nr
fernández;1;nr
rousseff;1;nr
michele;1;nr
bachelet;1;nr
specialize;1;ver
lobby;1;nom
arena;1;nom
angle;1;nom
aware;1;adj
mandate;1;nom
equation;1;nom
analy;1;nr
allocation;1;nom
update;1;nom
problematization;1;nr
aggregate;1;nom
reservation;1;nom
vocalization;1;nom
vozes;1;nr
luso;1;nr
africanas;1;nr
negras;1;nr
seminário;1;nr
brasileiro;1;nr
poéticas;1;nr
orais;1;nr
partial;1;nom
historicizing;1;nr
mile;1;nom
arrange;1;ver
intercept;1;nom
continuum;1;nom
phenotype;1;nom
file;1;nom
witness;1;nom
intersubjectivity;1;nr
transcription;1;nom
purity;1;nom
vague;1;adj
freeze;1;nom
pesquisas;1;nr
nacionais;1;nr
amostra;1;nr
domicílio;1;nr
entry;1;nom
abandon;1;nom
fragmentary;1;nr
distortion;1;nom
prosecutor;1;nom
liquidator;1;nom
scribe;1;nom
editor;1;nom
renowned;1;nr
haematologist;1;nom
pathological;1;nr
variant;1;nom
haemoglobin;1;nom
anaemia;1;nom
heredity;1;nom
inextricable;1;nr
penalize;1;ver
shrink;1;nom
downfall;1;nom
1880s;1;nr
departure;1;nom
complaint;1;nom
baroness;1;nom
vermelho;1;nr
residence;1;nom
servant;1;nom
subdelegate;1;nr
attack;1;nom
baron;1;nom
cotegipe;1;nr
tormentor;1;nom
insubordinate;1;nom
leader;1;nom
correspondence;1;nom
potentially;1;nr
incoming;1;nom
merge;1;ver
datasets;1;nr
ascribe;1;ver
operation;1;nom
underreporting;1;nr
vacancy;1;nom
enactment;1;nom
presidency;1;nom
lula;1;nr
intervene;1;ver
retrace;1;ver
authoritarian;1;nom
censor;1;nom
repressive;1;nr
military;1;nom
dictatorship;1;nom
master;1;nom
edson;1;nr
antonio;1;nr
eustáquio;1;nr
elsp;1;nr
ph;1;nr
judas;1;nr
barros;1;nr
censorship;1;nom
dogma;1;nom
hush;1;nom
olhos;1;nr
água;1;nr
poemas;1;nr
recordação;1;nr
outros;1;nr
movimentos;1;nr
murder;1;nom
necropolitics;1;nr
chauvinist;1;nom
rule;1;nom
interruption;1;nom
fiction;1;nom
cláudia;1;nr
hate;1;nom
neocolonial;1;nr
annihilate;1;ver
recapture;1;nom
reclaim;1;nom
extraction;1;nom
biomedical;1;nr
18perc;1;nr
16perc;1;nr
fluid;1;nom
17perc;1;nr
proxy;1;nom
26perc;1;nr
47perc;1;nr
27perc;1;nr
elucidate;1;ver
amount;1;nom
minimum;1;nom
urgently;1;nr
output;1;nom
behalf;1;nom
core;1;nom
ethical;1;nr
constant;1;nom
flux;1;nom
administrative;1;nr
assessment;1;nom
8th;1;nr
primary;1;nom
estimation;1;nom
subgroup;1;nom
canonical;1;nr
predisposition;1;nom
reaction;1;nom
derive;1;ver
typological;1;nr
variability;1;nom
specie;1;nom
incompatible;1;nom
entity;1;nom
geographical;1;nr
evolutionary;1;nr
infectious;1;nr
unequivocal;1;nr
continental;1;nom
paul;1;nr
toxic;1;nom
contaminate;1;ver
injustice;1;nom
round;1;adj
bridge;1;nom
attainment;1;nom
secondary;1;nom
eminently;1;nr
purport;1;nom
extract;1;nom
successfully;1;nr
simply;1;nr
superiority;1;nom
indication;1;nom
pronounce;1;ver
recommend;1;ver
synchrony;1;nom
candidate;1;nom
fellowship;1;nom
ford;1;nom
culturally;1;nr
pupil;1;nom
alda;1;nr
comply;1;ver
approximation;1;nom
essentialist;1;nr
socialization;1;nom
alda_s;1;nr
illness;1;nom
forty;1;nom
capable;1;adj
bipolar;1;nr
channel;1;nom
pleasure;1;nom
gay;1;adj
maré;1;nr
copyright;1;nom
estudos;1;nr
feministas;1;nr
sexually;1;nr
generational;1;nr
script;1;nom
pe;1;nom
elder;1;nom
persons;1;nr
transmission;1;nom
prevention;1;nom
refusal;1;nom
occasional;1;nr
unsafe;1;adj
poorly;1;adj
big;1;adj
gonçalo;1;nr
citizenship;1;nom
subalternity;1;nr
eccentricity;1;nom
laboratory;1;nom
ten;1;nom
74perc;1;nr
39perc;1;nr
4perc;1;nr
gynecologic;1;nr
samphe;1;nr
transition;1;nom
constraint;1;nom
finish;1;nom
qualification;1;nom
13perc;1;nr
college;1;nom
qualis;1;nr
intermediate;1;nom
butantan;1;nr
essentially;1;nr
noêmia;1;nr
mattos;1;nr
cruz;1;nr
ruralist;1;nom
hygienism;1;nr
republicanism;1;nom
contention;1;nom
mature;1;adj
matter;1;nom
format;1;nom
citizen;1;nom
setting;1;nom
surgical;1;nr
sterilization;1;nom
allegation;1;nom
refl;1;nr
ecting;1;nr
trough;1;nom
reeducate;1;ver
fi;1;nr
eld;1;nr
occidental;1;nom
top;1;nom
bündchen;1;nr
transnational;1;nom
reconfigured;1;nr
mozambican;1;nr
heal;1;ver
intimately;1;nr
cosmology;1;nom
mozambicans;1;nr
biopower;1;nr
activate;1;ver
nationwide;1;nr
tension;1;nom
specially;1;nr
confusion;1;nom
notional;1;nr
monthly;1;nom
sophisticate;1;nom
terminology;1;nom
ansmer;1;nr
differently;1;nr
ministry;1;nom
recast;1;ver
precede;1;ver
intensify;1;ver
reflexive;1;nom
enrol;1;ver
mulatas;1;nr
recover;1;ver
mulatta;1;nr
pass;1;nom
mediate;1;ver
sensual;1;nr
racemixed;1;nr
permanently;1;nr
dancer;1;nom
threaten;1;ver
prostitute;1;nom
posemancipation;1;nr
xviii;1;nr
casesbased;1;nr
contemporaneous;1;nr
especial;1;nr
precariousparameters;1;nr
assert;1;ver
semistructured;1;nr
campo;1;nr
ms;1;nom
strength;1;nom
vindicate;1;ver
discriminate;1;ver
legitimate;1;ver
recreational;1;nr
venue;1;nom
downtown;1;nom
erotic;1;nom
undesirable;1;nom
affectivesexual;1;nr
preference;1;nom