variable	occurences	formes	hapax	segments	hapax/formes
*1999	255	141	10	8	0.07092198581560284
*2005	174	114	23	5	0.20175438596491227
*2006	672	323	61	20	0.18885448916408668
*2007	493	245	34	13	0.13877551020408163
*2008	246	135	17	7	0.1259259259259259
*2009	285	157	15	8	0.09554140127388536
*2010	1267	526	81	34	0.15399239543726237
*2011	207	115	4	6	0.034782608695652174
*2012	842	371	58	23	0.15633423180592992
*2013	1076	475	83	30	0.17473684210526316
*2014	814	382	72	23	0.18848167539267016
*2015	486	255	35	13	0.13725490196078433
*2016	700	346	58	17	0.1676300578034682
*2017	1387	633	136	40	0.21484992101105846
*2018	1851	767	177	56	0.23076923076923078
*2019	2522	965	239	72	0.24766839378238342
*2020	3260	1121	239	91	0.21320249776984834
*2021	3323	1132	251	95	0.22173144876325088
*2022	3245	1158	265	91	0.22884283246977546
*2023	3202	1210	335	91	0.2768595041322314
*2024	4883	1546	404	140	0.2613195342820181
*abrahão_b	222	120	19	5	0.15833333333333333
*abreu_m	189	132	27	6	0.20454545454545456
*afonso_m	114	77	7	3	0.09090909090909091
*aguião_s	110	68	8	3	0.11764705882352941
*albuquerque_w	171	110	19	6	0.17272727272727273
*alexandrino_a	152	89	14	4	0.15730337078651685
*almeida_p	75	47	7	2	0.14893617021276595
*alves-brito_a	205	124	9	5	0.07258064516129033
*alves_f	150	101	11	4	0.10891089108910891
*alves_m	196	113	13	6	0.11504424778761062
*alves_n	409	211	39	11	0.1848341232227488
*andrade_a	166	94	12	5	0.1276595744680851
*anjos_j	163	100	9	5	0.09
*antunes_m	152	89	14	4	0.15730337078651685
*arañó_y	125	81	12	4	0.14814814814814814
*araújo_a	125	83	9	4	0.10843373493975904
*araújo_m	152	89	14	4	0.15730337078651685
*araújo_r	150	101	6	4	0.0594059405940594
*assis_g	198	117	15	6	0.1282051282051282
*avritzer_l	189	108	12	5	0.1111111111111111
*backes_j	145	94	11	4	0.11702127659574468
*bairros_f	196	113	13	6	0.11504424778761062
*balaban_m	111	79	12	3	0.1518987341772152
*barata_r	152	89	14	4	0.15730337078651685
*barbosa-fohrmann_a	85	57	7	2	0.12280701754385964
*barbosa_c	147	97	25	5	0.25773195876288657
*barbosa_i	152	89	14	4	0.15730337078651685
*barbosa_j	152	89	14	4	0.15730337078651685
*barbosa_m	197	107	12	5	0.11214953271028037
*barone_a	188	116	15	5	0.12931034482758622
*barros_a	106	70	12	3	0.17142857142857143
*barros_m	188	126	24	6	0.19047619047619047
*barros_s	253	156	21	7	0.1346153846153846
*bastos_j	464	237	38	12	0.16033755274261605
*batista_l	253	156	21	7	0.1346153846153846
*bazani_a	134	82	6	3	0.07317073170731707
*bazon_m	144	102	15	4	0.14705882352941177
*bernardes_m	208	126	14	6	0.1111111111111111
*bezerra_h	152	89	14	4	0.15730337078651685
*bezerra_r	152	89	14	4	0.15730337078651685
*boing_a	315	163	23	9	0.1411042944785276
*bonilla-medina_s	168	104	14	5	0.1346153846153846
*bonomo_m	263	145	22	8	0.15172413793103448
*borges_m	152	89	14	4	0.15730337078651685
*borgongino_b	102	70	19	3	0.2714285714285714
*boscatti_a	125	81	12	4	0.14814814814814814
*braga_l	122	70	2	3	0.02857142857142857
*bragaia_f	90	73	13	2	0.1780821917808219
*bueno_j	105	64	4	3	0.0625
*cabrera_o	143	88	8	4	0.09090909090909091
*caetano_k	152	89	14	4	0.15730337078651685
*calil_m	153	86	8	4	0.09302325581395349
*calvo-gonzalez_e	103	68	8	3	0.11764705882352941
*calvo-gonzález_e	159	93	5	4	0.053763440860215055
*campos_l	411	227	27	12	0.11894273127753303
*candido_l	197	121	17	5	0.14049586776859505
*candido_m	165	116	7	5	0.0603448275862069
*canelas_l	122	78	13	3	0.16666666666666666
*carlos_j	110	68	6	3	0.08823529411764706
*carvalhaes_f	92	59	10	3	0.1694915254237288
*castro_f	80	60	8	2	0.13333333333333333
*colombini_i	172	97	21	5	0.21649484536082475
*conceição_í	130	78	12	4	0.15384615384615385
*conte_g_p	145	94	9	4	0.09574468085106383
*cordeiro_r	130	80	8	4	0.1
*costa_b	279	167	28	7	0.16766467065868262
*costa_t	318	159	17	8	0.1069182389937107
*couto_m	134	91	12	4	0.13186813186813187
*covre-sussai_m	175	97	9	5	0.09278350515463918
*cristiellen_r_r_m	170	110	12	4	0.10909090909090909
*cruvinel_t	121	77	11	3	0.14285714285714285
*cunha_r	122	76	6	4	0.07894736842105263
*da_costa_a	77	50	3	2	0.06
*da_costa_l	94	66	15	3	0.22727272727272727
*da_costa_m	258	147	18	7	0.12244897959183673
*da_cruz_d	122	76	6	4	0.07894736842105263
*da_gama_s	152	89	14	4	0.15730337078651685
*da_luz_c	132	85	11	4	0.12941176470588237
*da_rocha_e	171	98	11	4	0.11224489795918367
*da_rosa_c	125	94	14	4	0.14893617021276595
*da_s_b_r	119	88	14	3	0.1590909090909091
*da_s_s	152	94	27	4	0.2872340425531915
*da_silva_a	477	254	43	14	0.16929133858267717
*da_silva_c	125	94	14	4	0.14893617021276595
*da_silva_i	193	128	21	5	0.1640625
*da_silva_j	95	68	10	3	0.14705882352941177
*da_silva_m	242	151	26	6	0.17218543046357615
*da_silva_n	146	87	15	4	0.1724137931034483
*da_silva_s	263	145	22	8	0.15172413793103448
*da_silva_v	132	90	11	4	0.12222222222222222
*dachs_j	172	99	12	5	0.12121212121212122
*damasco_m	102	61	5	3	0.08196721311475409
*de_a_f	253	156	21	7	0.1346153846153846
*de_almeida_a	111	74	6	3	0.08108108108108109
*de_andrade_c	172	99	12	5	0.12121212121212122
*de_andrade_i	142	100	31	4	0.31
*de_andrade_m	226	135	19	7	0.14074074074074075
*de_araújo_e	288	151	16	8	0.10596026490066225
*de_araújo_pinho_o	116	83	11	3	0.13253012048192772
*de_araújo_t	152	93	6	4	0.06451612903225806
*de_araújo_w	152	89	14	4	0.15730337078651685
*de_assis_m	102	74	11	3	0.14864864864864866
*de_azevedo_barros_m	174	100	13	5	0.13
*de_azevedo_r	152	89	14	4	0.15730337078651685
*de_azevedo_weimer_r	135	88	11	3	0.125
*de_camilla_de_magalhães_gomes_t	130	78	12	4	0.15384615384615385
*de_carvalho_batista_j	132	76	14	4	0.18421052631578946
*de_carvalho_figueiredo_d	99	68	8	3	0.11764705882352941
*de_carvalho_m	255	141	10	8	0.07092198581560284
*de_castro_d	111	74	6	3	0.08108108108108109
*de_castro_pinto_e	226	135	19	7	0.14074074074074075
*de_emílio_circunde_vieira_andrade_d	263	157	23	7	0.1464968152866242
*de_freitas_s	197	121	17	5	0.14049586776859505
*de_jesus_g	106	70	12	3	0.17142857142857143
*de_lima_brandão_l	279	167	28	7	0.16766467065868262
*de_lima_c	230	130	16	6	0.12307692307692308
*de_m_g	119	88	14	3	0.1590909090909091
*de_medeiros_n	152	89	14	4	0.15730337078651685
*de_melo_a	89	64	9	3	0.140625
*de_melo_g	148	100	21	5	0.21
*de_melo_m	174	100	13	5	0.13
*de_miranda_s	149	94	4	4	0.0425531914893617
*de_moraes_c	197	107	12	5	0.11214953271028037
*de_moraes_j	152	89	14	4	0.15730337078651685
*de_novaes_marques_t	131	83	15	4	0.18072289156626506
*de_oliveira_a	369	196	20	10	0.10204081632653061
*de_oliveira_araújo_r	106	70	12	3	0.17142857142857143
*de_oliveira_c	152	89	14	4	0.15730337078651685
*de_oliveira_d	123	79	6	3	0.0759493670886076
*de_oliveira_f	159	94	17	5	0.18085106382978725
*de_oliveira_l	111	86	23	3	0.26744186046511625
*de_oliveira_r	152	79	16	5	0.20253164556962025
*de_oliveira_s	435	229	41	12	0.17903930131004367
*de_oliveira_v	224	114	14	6	0.12280701754385964
*de_sousa_r	93	70	13	2	0.18571428571428572
*de_souza_a	176	130	19	5	0.14615384615384616
*de_souza_f	256	134	19	7	0.1417910447761194
*de_souza_r	125	94	14	4	0.14893617021276595
*de_souza_v	123	76	10	4	0.13157894736842105
*diallo_c	434	222	31	12	0.13963963963963963
*dias_a	152	93	6	4	0.06451612903225806
*dias_l	106	70	12	3	0.17142857142857143
*do_bonfim_m	77	57	12	2	0.21052631578947367
*domingues_c	152	89	14	4	0.15730337078651685
*domingues_p	465	228	43	13	0.18859649122807018
*donalisio_m	174	100	13	5	0.13
*dos_anjos_j	122	79	11	3	0.13924050632911392
*dos_santos_araújo_l	106	70	12	3	0.17142857142857143
*dos_santos_e	152	89	14	4	0.15730337078651685
*dos_santos_gutterres_a	144	94	16	4	0.1702127659574468
*dos_santos_m	136	73	10	4	0.136986301369863
*dos_santos_n	105	64	4	3	0.0625
*dos_santos_p	123	79	11	4	0.13924050632911392
*ducatti_i	48	40	5	1	0.125
*durante_m	88	58	5	3	0.08620689655172414
*dziuba_a	153	103	30	4	0.2912621359223301
*déus_f	179	113	16	5	0.1415929203539823
*eiterer_c	149	94	4	4	0.0425531914893617
*ernica_m	111	64	6	3	0.09375
*espinoza_f	245	138	14	7	0.10144927536231885
*faustino_d	176	130	19	5	0.14615384615384616
*feitosa_a_l	99	62	6	3	0.0967741935483871
*fernandes_c	135	88	9	3	0.10227272727272728
*fernandes_f	152	89	14	4	0.15730337078651685
*ferraro_a	202	116	10	5	0.08620689655172414
*ferreira_c	104	77	16	3	0.2077922077922078
*ferreira_j	148	100	21	5	0.21
*ferreira_l	318	186	27	8	0.14516129032258066
*ferreira_m	149	94	4	4	0.0425531914893617
*fialho_c	263	145	22	8	0.15172413793103448
*filho_v	106	70	12	3	0.17142857142857143
*finardi_k	168	104	14	5	0.1346153846153846
*finkler_m	197	121	17	5	0.14049586776859505
*flaherty-echeverría_s	111	86	23	3	0.26744186046511625
*fogaça_g	196	113	13	6	0.11504424778761062
*francisco_p	188	126	24	6	0.19047619047619047
*franco_c	150	101	11	4	0.10891089108910891
*frança_a	152	89	14	4	0.15730337078651685
*frança_d	147	92	7	4	0.07608695652173914
*frança_i	137	98	9	4	0.09183673469387756
*freitas_m	117	64	7	3	0.109375
*galak_e	77	54	7	2	0.12962962962962962
*galinari_l	144	102	15	4	0.14705882352941177
*galvão_a	201	128	10	6	0.078125
*gantus-oliveira_t	125	87	12	4	0.13793103448275862
*garcia_s	256	134	19	7	0.1417910447761194
*gato_m	293	163	21	9	0.12883435582822086
*georgini_g	144	102	15	4	0.14705882352941177
*germani_a	201	128	10	6	0.078125
*giacomini_s	105	64	16	3	0.25
*gomes_d	118	77	4	3	0.05194805194805195
*gomes_f	110	66	10	3	0.15151515151515152
*gomes_l	189	108	12	5	0.1111111111111111
*gomes_n	365	184	25	10	0.1358695652173913
*gonçalves_s	152	94	27	4	0.2872340425531915
*gouvêa_m	89	61	5	3	0.08196721311475409
*guibu_i	152	89	14	4	0.15730337078651685
*guimaraes_a	207	107	15	6	0.14018691588785046
*guimarães_a	449	221	20	13	0.09049773755656108
*guizzo_b	144	72	6	4	0.08333333333333333
*gurgel_r	152	89	14	4	0.15730337078651685
*harris_a	130	78	12	4	0.15384615384615385
*hayashi_b	149	93	16	5	0.17204301075268819
*hibarino_d	95	68	10	3	0.14705882352941177
*higa_l	95	56	5	3	0.08928571428571429
*hirata_h	97	56	6	3	0.10714285714285714
*hogan_v	152	93	6	4	0.06451612903225806
*hora_g_j	37	31	1	1	0.03225806451612903
*júnior_j	165	116	7	5	0.0603448275862069
*kabad_j	267	146	21	7	0.14383561643835616
*kubota_r	95	68	10	3	0.14705882352941177
*kyrillos_g	193	123	14	5	0.11382113821138211
*la-rotta_e	174	100	13	5	0.13
*laguardia_j	105	61	6	3	0.09836065573770492
*lapera_p	131	86	4	3	0.046511627906976744
*leal_t	132	88	12	3	0.13636363636363635
*leite_i	122	76	6	4	0.07894736842105263
*lemos_a	198	117	19	6	0.1623931623931624
*lima_a	409	211	39	11	0.1848341232227488
*lima_f	136	75	10	4	0.13333333333333333
*lima_j	152	89	14	4	0.15730337078651685
*lima_l	152	89	14	4	0.15730337078651685
*lima_m	124	81	11	4	0.13580246913580246
*lima_n	130	80	8	4	0.1
*lima_t	159	94	17	5	0.18085106382978725
*lins_i	141	85	8	4	0.09411764705882353
*lombardi_m	125	83	9	4	0.10843373493975904
*lopes_j	99	68	8	3	0.11764705882352941
*lopes_p	95	56	5	3	0.08928571428571429
*luhm_k	152	89	14	4	0.15730337078651685
*luiz_o	377	225	29	11	0.1288888888888889
*lópez_l	207	115	4	6	0.034782608695652174
*macedo_m	137	98	9	4	0.09183673469387756
*machado_i	149	89	8	5	0.0898876404494382
*maciel_e	629	290	83	19	0.28620689655172415
*magalhães_m	122	70	2	3	0.02857142857142857
*maia_g	150	101	6	4	0.0594059405940594
*maia_s	116	70	7	3	0.1
*maio_m	102	61	5	3	0.08196721311475409
*makoni_s	216	115	23	6	0.2
*malfrán_y	125	81	12	4	0.14814814814814814
*mallmann_m	163	100	9	5	0.09
*mariz_s	67	52	4	2	0.07692307692307693
*markman_d	153	86	8	4	0.09302325581395349
*marques_d	102	74	11	3	0.14864864864864866
*martins_m	152	89	5	4	0.056179775280898875
*martins_r	92	66	14	3	0.21212121212121213
*massarani_l	132	88	12	3	0.13636363636363635
*matos_c	134	91	12	4	0.13186813186813187
*medeiros_a	132	88	12	3	0.13636363636363635
*menegotto_j	184	121	20	5	0.1652892561983471
*mengue_s	152	89	14	4	0.15730337078651685
*mesquita_f	174	100	13	5	0.13
*minella_l	160	100	8	4	0.08
*miranda_a	263	145	22	8	0.15172413793103448
*mizrahi_m	122	79	14	3	0.17721518987341772
*montanari_p	168	97	13	4	0.13402061855670103
*monteiro_r	236	125	14	7	0.112
*monteiro_s	102	61	5	3	0.08196721311475409
*moreira_s	134	82	6	3	0.07317073170731707
*mota_a	275	168	34	7	0.20238095238095238
*moura_j	132	90	11	4	0.12222222222222222
*mourão_l	100	63	4	3	0.06349206349206349
*moutinho_l	266	147	19	9	0.1292517006802721
*munareto_g	126	85	9	4	0.10588235294117647
*muraro_a	166	94	12	5	0.1276595744680851
*muñoz-cabrera_p	155	107	14	5	0.1308411214953271
*nardi_h	196	113	13	6	0.11504424778761062
*nascimento_d	206	129	21	7	0.16279069767441862
*nascimento_g	112	83	7	3	0.08433734939759036
*nascimento_v	152	89	14	4	0.15730337078651685
*navarro_p	125	81	12	4	0.14814814814814814
*negro_a	133	88	18	4	0.20454545454545456
*nogueira_m	122	76	6	4	0.07894736842105263
*noleto_r	140	87	18	4	0.20689655172413793
*oliveira_a	152	89	14	4	0.15730337078651685
*oliveira_d	195	115	11	5	0.09565217391304348
*oliveira_e	377	225	29	11	0.1288888888888889
*oliveira_l	152	93	6	4	0.06451612903225806
*oliveira_s	150	101	6	4	0.0594059405940594
*oraka_c	176	130	19	5	0.14615384615384616
*ortigão_i	150	101	11	4	0.10891089108910891
*osorio_r	133	80	9	4	0.1125
*paixão_m	110	66	10	3	0.15151515151515152
*panta_m	67	51	4	2	0.0784313725490196
*pantoja_g	127	82	10	4	0.12195121951219512
*partichelli_p	134	82	6	3	0.07317073170731707
*passador_l	89	66	6	3	0.09090909090909091
*passos_r	245	138	14	7	0.10144927536231885
*paulla_m	123	79	11	4	0.13924050632911392
*pedreira_c	197	107	12	5	0.11214953271028037
*pedroso_g	159	94	17	5	0.18085106382978725
*pena_s	174	114	23	5	0.20175438596491227
*pereira_b	119	69	5	4	0.07246376811594203
*pereira_l	138	81	8	3	0.09876543209876543
*pereira_p	85	59	7	2	0.11864406779661017
*pereira_r	94	66	8	2	0.12121212121212122
*peres_r	197	107	12	5	0.11214953271028037
*perussatto_m	137	90	5	4	0.05555555555555555
*petschelies_e	84	54	4	2	0.07407407407407407
*picanço_f	77	50	3	2	0.06
*pierobon_c	135	88	9	3	0.10227272727272728
*pimentel_m	93	70	13	2	0.18571428571428572
*pinheiro_a	152	94	27	4	0.2872340425531915
*pinto_c	235	126	23	7	0.18253968253968253
*pizzinato_a	145	94	9	4	0.09574468085106383
*policarpo_v	253	156	21	7	0.1346153846153846
*popinigis_f	136	93	14	5	0.15053763440860216
*portela_p	165	116	7	5	0.0603448275862069
*prado_m	188	126	24	6	0.19047619047619047
*prado_t	477	223	69	15	0.3094170403587444
*precioso_d	106	68	14	3	0.20588235294117646
*proni_m	118	77	4	3	0.05194805194805195
*queiroz_r	152	89	14	4	0.15730337078651685
*quezado_c_l_m	170	110	12	4	0.10909090909090909
*raminelli_r	129	95	31	4	0.3263157894736842
*ramos_a	152	89	14	4	0.15730337078651685
*ramos_i	127	82	10	4	0.12195121951219512
*ramos_p	286	157	21	7	0.1337579617834395
*rangel_p	155	107	14	5	0.1308411214953271
*ratusniak_c	151	100	12	4	0.12
*rezende_c	138	88	15	4	0.17045454545454544
*ribeiro_a	139	87	11	4	0.12643678160919541
*ribeiro_c	92	59	10	3	0.1694915254237288
*ribeiro_f	184	121	20	5	0.1652892561983471
*roble_o	102	74	11	3	0.14864864864864866
*rocha_v	159	93	5	4	0.053763440860215055
*rodrigues_a	134	85	13	3	0.15294117647058825
*rodrigues_e	111	64	6	3	0.09375
*rodrigues_g	123	79	11	4	0.13924050632911392
*rosa_k	205	124	9	5	0.07258064516129033
*rosa_r	196	113	13	6	0.11504424778761062
*rosemberg_f	270	143	17	7	0.11888111888111888
*salata_a	147	99	6	5	0.06060606060606061
*sales_c	477	223	69	15	0.3094170403587444
*santana_b	166	94	12	5	0.1276595744680851
*santana_e_s_c	224	114	14	6	0.12280701754385964
*santos_d	152	94	27	4	0.2872340425531915
*santos_e	85	59	7	2	0.11864406779661017
*santos_j	477	223	69	15	0.3094170403587444
*santos_l	441	222	27	13	0.12162162162162163
*santos_r	267	146	21	7	0.14383561643835616
*santos_s_k	152	89	5	4	0.056179775280898875
*saraiva_m	102	74	11	3	0.14864864864864866
*schemes_c	122	70	2	3	0.02857142857142857
*schneider_a	100	69	13	3	0.18840579710144928
*schrann_m	106	70	12	3	0.17142857142857143
*segnini_l	80	60	9	2	0.15
*senkevics_a	272	157	18	8	0.11464968152866242
*sento-sé_i	175	97	9	5	0.09278350515463918
*severo_c	216	115	23	6	0.2
*silva_d	254	162	35	7	0.21604938271604937
*silva_m	112	74	8	3	0.10810810810810811
*silva_n	253	156	21	7	0.1346153846153846
*silveira_l	343	172	10	10	0.05813953488372093
*silveira_r	196	113	13	6	0.11504424778761062
*silveira_t	121	77	11	3	0.14285714285714285
*simões_j	137	98	9	4	0.09183673469387756
*simões_t	152	89	14	4	0.15730337078651685
*siqueira_j	119	69	5	4	0.07246376811594203
*siqueira_n	183	101	6	5	0.0594059405940594
*siqueira_s	198	117	15	6	0.1282051282051282
*soares_a	222	120	19	5	0.15833333333333333
*soares_j	175	97	9	5	0.09278350515463918
*souza_t	48	40	5	1	0.125
*souza_v	185	115	13	6	0.11304347826086956
*spengler_f	136	75	10	4	0.13333333333333333
*stelzer_j	81	57	6	2	0.10526315789473684
*taquette_s	179	110	9	5	0.08181818181818182
*tarelow_g	125	84	14	3	0.16666666666666666
*tavares_j	134	91	12	4	0.13186813186813187
*tavolaro_l	184	96	9	5	0.09375
*teixeira_j	176	130	19	5	0.14615384615384616
*teixeira_m	152	89	14	4	0.15730337078651685
*teles_s	152	89	14	4	0.15730337078651685
*teodoro_m	263	157	23	7	0.1464968152866242
*terra_b	132	85	11	4	0.12941176470588237
*terra_p	136	93	14	5	0.15053763440860216
*thomaz_o	89	66	6	3	0.09090909090909091
*tittoni_j	111	74	6	3	0.08108108108108109
*tomas_m	160	92	4	5	0.043478260869565216
*tomasi_y	163	100	9	5	0.09
*trapp_r	298	162	28	9	0.1728395061728395
*trindade_a	88	58	5	3	0.08620689655172414
*uessler_l	99	68	8	3	0.11764705882352941
*vasconcelos_f	67	52	4	2	0.07692307692307693
*vasquez_v	152	89	5	4	0.056179775280898875
*viana_i	139	89	13	4	0.14606741573033707
*vieira_a	207	107	15	6	0.14018691588785046
*vieira_j	207	107	15	6	0.14018691588785046
*vieira_m	122	79	11	3	0.13924050632911392
*vilela_e	224	114	14	6	0.12280701754385964
*vinuto_j	152	88	8	4	0.09090909090909091
*vitorino_a	168	97	13	4	0.13402061855670103
*votre_s	100	63	4	3	0.06349206349206349
*waltz_i	132	88	12	3	0.13636363636363635
*xavier_a	89	61	5	3	0.08196721311475409
*xavier_g	104	74	10	3	0.13513513513513514
*xavier_n	204	122	15	6	0.12295081967213115
*zubaran_m	144	72	6	4	0.08333333333333333
*zullo_g	75	47	7	2	0.14893617021276595