AU,PY,TI,AB,DI
TRAPP R,2012,RACA: PUBLIC DEBATE IN BRAZIL (1997-2007),NA,NA
SANTANA D;EUFRAZIO M;DE FARIAS N;DA SILVA A,2022,"EDUCATION FOR ETHNIC-RACIAL RELATIONS IN HIGHER EDUCATION: ANALYSIS OF FEDERAL LAW NO 10,639/03 UNDER THE INTERSECTIONAL PERSPECTIVE",NA,NA
SILVA D;DZIUBA A,2023,RECLAIMING PRESENCE: ANTI-GENDER NATIONALISM AND MARIELLE FRANCO’S DEICTIC FIELD OF RESISTANCE IN BRAZIL,"POLITICAL ACTORS’ EMBEDDING OF THE HERE-AND-NOW OF ENUNCIATION INTO CONSTRUCTIONS OF GENDER, SEXUALITY AND RACE IS A DEICTIC PRACTICE THAT CAN BE UNCOUPLED FROM ITS CONTEXT AND PROJECTED INTO POLITICAL FIELDS. THIS ARTICLE UNPACKS ALTERNATIVE INVOCATIONS OF THE DEICTIC FIELD BY JAIR BOLSONARO’S NEW RIGHT IN BRAZIL AND BY MARIELLE FRANCO, A QUEER BLACK COUNCILWOMAN WHO WAS ASSASSINATED IN 2018, THE SAME YEAR BOLSONARO WAS ELECTED PRESIDENT. WHILE BOLSONARO HAS VILIFIED PROGRESSIVE TROPES, SUCH AS GENDER EQUALITY, SEX POSITIVE EDUCATION AND MARIELLE’S LEGACY, MARIELLE AND LATER HER MOURNING MOVEMENT HAVE MAPPED HER HERE-AND-NOW ONTO MOTTOS SUCH AS ‘MARIELLE LIVES’, WHICH DEFY CHRONOLOGIC TIME. MARIELLE’S CENTRAL FIGURE HAS THUS BEEN ‘PRESENT’ ACROSS THE POLITICAL SPECTRUM – FOR PROGRESSIVES AS A FIGURE OF IMMANENCE, AND FOR WHITE SUPREMACISTS AS A SYMBOL OF THE BLACK GENDERED BODY WHOSE LIFE IS NOT MOURNABLE BUT WHOSE PHANTASMATIC PRESENCE IS A CONTINUING THREAT. O ENCAIXE, REALIZADO POR ATORES POLÍTICOS, DO AQUI-E-AGORA DA ENUNCIAÇÃO EM CONSTRUÇÕES DE GÊNERO, SEXUALIDADE E RAÇA É UMA PRÁTICA DÊITICA QUE PODE SER SEPARADA DO SEU CONTEXTO E PROJETADA EM CAMPOS POLÍTICOS. ESTE ARTIGO ANALISA INVOCAÇÕES ALTERNATIVAS DO CAMPO DÊITICO PELA NOVA DIREITA BOLSONARISTA NO BRASIL E POR MARIELLE FRANCO, UMA VEREADORA LÉSBICA ASSASSINADA EM 2018, O MESMO ANO EM QUE JAIR BOLSONARO FOI ELEITO PRESIDENTE. AO PASSO QUE BOLSONARO VILIPENDIOU TROPOS PROGRESSISTAS, COMO A IGUALDADE DE GÊNERO, A EDUCAÇÃO SEXUAL E O LEGADO DE MARIELLE, A VEREADORA E POSTERIORMENTE SEU MOVIMENTO DE LUTO POLITIZARAM O AQUI-E-AGORA DE MARIELLE E O MAPEARAM EM MOTES COMO ‘MARIELLE VIVE’, QUE DESAFIAM O TEMPO CRONOLÓGICO. A FIGURA CENTRAL DE MARIELLE TEM ESTADO ASSIM ‘PRESENTE’ NO ESPECTRO POLÍTICO BRASILEIRO – PARA O CAMPO PROGRESSISTA, COMO FIGURA DE IMANÊNCIA, E PARA O BOLSONARISMO, COMO SINTOMA DO CORPO NEGRO GENERIFICADO CUJA VIDA NÃO É DIGNA DE LUTO, MAS CUJA PRESENÇA FANTASMÁTICA É UMA CONTÍNUA AMEAÇA. © 2023, EQUINOX PUBLISHING.",10.1558/genl.18549
FIALHO C;BONOMO M;DA SILVA S;MIRANDA A,2023,"EPIDEMIOLOGICAL PROFILE OF ADOLESCENTS LIVING WITH HIV/AIDS IN ESPIRITO SANTO, BRAZIL: A CROSS-SECTIONAL STUDY","INTRODUCTION: THE AIDS EPIDEMIC HAS UNDERGONE SEVERAL TRANSFORMATIONS, AND, IN RECENT YEARS, THERE HAS BEEN AN INCREASE IN CASES OF HIV/AIDS AMONG ADOLESCENTS AND YOUNG PEOPLE. THUS, IT IS ESSENTIAL TO KNOW THIS POPULATION TO BASE HEALTH ACTIONS SCIENTIFICALLY. OBJECTIVE: THIS STUDY AIMS TO ANALYZE THE EPIDEMIOLOGICAL PROFILE OF ADOLESCENTS LIVING WITH HIV/AIDS IN ESPÍRITO SANTO, BRAZIL. METHODS: A DESCRIPTIVE, SECTIONAL STUDY IN WHICH NOTIFICATIONS OF HIV/AIDS AMONG ADOLESCENTS AGED 13 TO 19 BETWEEN 2010 AND 2020 WERE ANALYZED. RESULTS: 523 ADOLESCENTS WITH HIV/AIDS WERE FOUND IN THE ANALYZED PERIOD (AN AVERAGE OF 47 CASES/YEAR). THERE WAS A PREDOMINANCE OF MALE ADOLESCENTS (68.8%), OLDER THAN 16 YEARS (MEAN=18.0 YEARS), OF MIXED RACE/COLOUR (54.6%), LIVING IN THE METROPOLITAN REGION NEAR THE CAPITAL. IT WAS OBSERVED THAT THE SCHOOLING OF FEMALES IS LOWER, WITH 47.2% OF THEM IN ELEMENTARY SCHOOL, WHILE 45.0% OF THE BOYS ARE IN HIGH SCHOOL. IN MOST CASES, THE INFECTION OCCURRED VIA SEXUAL INTERCOURSE, AMONG MEN, THROUGH HOMOSEXUAL RELATIONS (55.0%), AND AMONG WOMEN, THROUGH HETEROSEXUAL RELATIONS (82.2%). THE HIV VIRAL LOAD WAS DETECTABLE IN ALMOST ALL (84.8%) CASES, AND 11 (6.8%) OF THESE ADOLESCENTS DIED. CONCLUSION: THE EPIDEMIOLOGICAL PROFILE OF HIV AND AIDS CASES AMONG ADOLESCENTS IN ESPÍRITO SANTO SHOWS A HIGHER FREQUENCY OF CASES IN MALES AGED 16 TO 19 YEARS, WITH INCOMPLETE HIGH SCHOOL EDUCATION, WHO ACQUIRED HIV THROUGH UNPROTECTED SEX IN HOMOSEXUAL RELATIONSHIPS. WE HIGHLIGHT THE HIGH PERCENTAGE OF YOUNG PEOPLE WITH DETECTABLE VIRAL LOADS AND DEATHS DUE TO COMPLICATIONS OF AIDS. © 2023 THE AUTHORS (2023), THIS ARTICLE IS DISTRIBUTED UNDER THE TERMS OF THE CREATIVE COMMONS ATTRIBUTION 4.0 INTERNATIONAL LICENSE (HTTP://CREATIVECOMMONS.ORG/LICENSES/BY/4.0/); INTRODUÇÃO: A EPIDEMIA DA AIDS PASSOU POR DIVERSAS TRANSFORMAÇÕES E, NOS ÚLTIMOS ANOS, OBSERVA-SE AUMENTO DE CASOS DE HIV/AIDS ENTRE ADOLESCENTES E JOVENS. ASSIM, É FUNDAMENTAL CONHECER ESSA POPULAÇÃO PARA EMBASAR CIENTÍFICAMENTE AS AÇÕES EM SAÚDE. OBJETIVO: ANALISAR O PERFIL EPIDEMIOLÓGICO DE ADOLESCENTES QUE VIVEM COM HIV/AIDS NO ESTADO DO ESPÍRITO SANTO, BRASIL. MÉTODO: ESTUDO DESCRITIVO, SECCIONAL, NO QUAL FORAM ANALISADAS NOTIFICAÇÕES DE HIV/AIDS ENTRE ADOLESCENTES DE 13 A 19 ANOS, ENTRE 2010 E 2020. RESULTADOS: FORAM ENCONTRADOS 523 ADOLESCENTES VIVENDO COM HIV/AIDS NO PERÍODO ANALISADO (MÉDIA DE 47 CASOS/ANO). PREVALECEU OS ADOLESCENTES DO SEXO MASCULINO (68,8%), COM MAIS DE 16 ANOS (MÉDIA=18,0 ANOS), DE RAÇA/COR PARDA (54,6%), RESIDENTES NA REGIÃO METROPOLITANA, PRÓXIMA A CAPITAL. FOI OBSERVADO QUE A ESCOLARIDADE DO SEXO FEMININO É MENOR, ESTANDO 47,2% DELAS NO ENSINO FUNDAMENTAL, ENQUANTO 45,0% DOS RAPAZES JÁ ESTÃO NO ENSINO MÉDIO. EM GRANDE PARTE DOS CASOS A INFECÇÃO OCORREU VIA SEXUAL, SENDO, ENTRE OS HOMENS, ATRAVÉS DE RELAÇÕES HOMOSSEXUAIS (55,0%) E ENTRE AS MULHERES POR MEIO DE RELAÇÕES HETEROSSEXUAIS (82,2%). A CARGA VIRAL DE HIV FOI DETECTÁVEL EM QUASE TOTALIDADE (84,8%) DOS CASOS E 11 (6,8%) DESTES ADOLESCENTES EVOLUÍRAM PARA ÓBITO. CONCLUSÃO: O PERFIL EPIDEMIOLÓGICO DOS CASOS DE HIV E AIDS, ENTRE OS ADOLESCENTES, NO ESTADO DO ESPÍRITO SANTO, DEMONSTRA MAIOR FREQUÊNCIA DE CASOS NO SEXO MASCULINO, NA FAIXA ETÁRIA DE 16 A 19 ANOS, COM ENSINO MÉDIO INCOMPLETO, QUE ADQUIRIRAM HIV POR VIA SEXUAL DESPROTEGIDA, EM RELAÇÕES HOMOSSEXUAIS. DESTACA-SE A ALTA PORCENTAGEM DE JOVENS COM CARGA VIRAL DETECTÁVEL E OS ÓBITOS EM DECORRÊNCIA DE COMPLICAÇÕES DA AIDS. © 2023 THE AUTHORS (2023), THIS ARTICLE IS DISTRIBUTED UNDER THE TERMS OF THE CREATIVE COMMONS ATTRIBUTION 4.0 INTERNATIONAL LICENSE (HTTP://CREATIVECOMMONS.ORG/LICENSES/BY/4.0/)",10.36311/jhgd.v33.13332
TREVELIN G,2024,NOTION OF MOBILITY IN LAFONT: PORTRAIT OF A BLACK WOMAN IN THE WEST AS AN EXTERNALIZATION OF AFRICANITY; [NOÇÃO DE MOBILIDADE EM LAFONT: RETRATO DE UMA MULHER NEGRA NO OCIDENTE COMO EXTERNALIZAÇÃO DA AFRICANIDADE],"QUANDO NOS ATENTAMOS ÀS OBRAS ARTÍSTICAS COMO POSSIBILIDADES DE NARRAR A HISTÓRIA, PENSAR NAS RELAÇÕES DE GÊNERO QUE ESTÃO ENTRELAÇADAS A ESTES DISCURSOS É UM IMPORTANTE CAMINHO CRÍTICO PARA COMPREENDER A SOCIEDADE EM QUE VIVEMOS. ESSA CONCEPÇÃO PODE AINDA TOMAR OUTRA DIMENSÃO QUANDO REFLETIMOS SOBRE AS PRESENÇAS E AUSÊNCIAS DE CORPOS NEGROS NAS PRINCIPAIS OBRAS QUE REFERENCIAM A EXISTÊNCIA SOCIAL, E ESTE FATOR PERPASSA TAMBÉM PELAS ESCOLHAS DE GRANDES INSTITUIÇÕES, LUGARES DE MEMÓRIAS: MUSEUS, EXPOSIÇÕES E MONUMENTOS PÚBLICOS. PARTINDO DESSE PRINCÍPIO, O LIVRO DE ANNE LAFONT, UNE AFRICAINE AU LOUVRE EN 1800: LA PLACE DU MODÈLE [UMA AFRICANA NO LOUVRE] (2022), MOTIVO DESTA RESENHA, NOS PROPÕE ALGUMAS IMPORTANTES REFLEXÕES A RESPEITO DA TEMÁTICA. A AUTORA É UMA HISTORIADORA DA ARTE FRANCESA, PESQUISADORA E PROFESSORA NA ÉCOLE DES HAUTES ÉTUDES EN SCIENCES SOCIALES, EM PARIS. COM ALGUNS PROJETOS NA ÁREA DE HISTÓRIA DA ARTE, TAMBÉM É RECONHECIDA POR SEU LIVRO L’ART ET LA RACE. L’AFRICAIN (TOUT) CONTRE L’OEIL DES LUIMÈRES [A ARTE E A RAÇA – O AFRICANO DE (E AO) ENCONTRO DO OLHAR ILUMINISTA] (2019), QUE PENSA O LUGAR DE CORPOS NEGROS NA ARTE OCIDENTAL COMO TAMBÉM SUJEITOS DE POSIÇÃO ATIVA NAS CONSTRUÇÕES DE SUAS IMAGENS. ASSIM, UMA AFRICANA NO LOUVRE SURGE COMO ADAPTAÇÃO DE UMA CONFERÊNCIA MINISTRADA NO INSTITUTO WARBURG, EM LONDRES, NO DIA 24 DE JANEIRO DE 2018, QUE TOMA FORMA TAMBÉM A PARTIR DE SUAS PESQUISAS A RESPEITO DA ARTE FRANCESA DOS SÉCULOS XVIII E XIX EM SUA LIGAÇÃO COM O MUNDO ATLÂNTICO. COM ISSO, A AUTORA SENTIU A NECESSIDADE DE DEDICAR AO QUADRO PORTRAIT D’UNE FEMME NOIRE [RETRATO DE UMA MULHER © 2024 FEDERAL UNIVERSITY OF FRONTEIRA SUL. ALL RIGHTS RESERVED.",10.36661/2238-9717.2024n43.14133
LAHNI C,2021,"LESBIANS HAVE THIS HABIT OF GOING FROM HERE TO THERE, FROM HERE TO THERE…: INTERVIEW WITH HELIANA HEMETÉRIO; [AS LÉSBICΑS TÊM ESSA MANIA DE SAIR DAQUI PRA LÁ, DAQUI PRA ACOLÁ…: ENTREVISTA COM HELIANA HEMETÉRIO]; [LAS LESBIANAS TIENEN ESTA MANÍA DE IR DE AQUÍ PARA ALLÁ, DE AQUÍ PARA ACOLÁ…: ENTREVISTA CON HELIANA HEMETÉRIO]","A AFIRMAÇÃO ESCOLHIDA PARA SER TÍTULO É DE HELIANA HEMETÉRIO, LÉSBICA, NEGRA, FEMINISTA, QUE SAIU DO RIO DE JANEIRO PARA O PARANÁ, AO SE CASAR COM ÁNGELA MARIA MARTINS, COMO NOS CONTOU NESTA ENTREVISTA PENSADA PARA A REVISTA DE ESTUDOS FEMINISTAS. CHAMADA DE GRIÔ (ARIANA MARA DA SILVA, 2015) EM TRABALHOS ACADÉMICOS E MATÉRIAS DA MÍDIA ALTERNATIVA, HELIANA HEMETÉRIO INICIOU SUA MILITÂNCIA EM 1986 NO MOVIMENTO NEGRO, DEPOIS PASSOU A ATUAR NO MOVIMENTO DE MULHERES NEGRAS E FEMINISTAS. NA DÉCADA DE 1990, PASSOU A MILITAR EM COLETIVOS LGBT (LÉSBICAS, GAYS, BISSEXUAIS, TRAVESTIS, TRANSEXUAIS E TRANSGÊNEROS), ATUANDO ESPECIALMENTE NO COMBATE AO RACISMO E À LGBTFOBIA. HISTORIADORA, ESPECIALISTA EM GÊNERO E RAÇA, PARTICIPOU DO CONSELHO NACIONAL DE SAÚDE REPRESENTANDO O SEGMENTO LGBT. EM 2018, FOI VICE-PRESIDENTA DA ASSOCIAÇÃO BRASILEIRA DE GAYS, LÉSBICAS, TRAVESTIS E TRANSGÊNEROS. NO FAZENDO GÊNERO 2017, FOI PALESTRANTE NA MESA LGBTFOBIA NA VIDA E NA SAÚDE DAS MULHERES. NESTA ENTREVISTA, HELIANA HEMETÉRIO, QUE ESTÁ COM 69 ANOS DE IDADE, LEMBRA QUE, HISTORICAMENTE, AS LÉSBICAS SÃO LIDERANÇAS DO MOVIMENTO FEMINISTA; REAFIRMA O LUGAR DAS LÉSBICAS NO MOVIMENTO DE MULHERES E NOS CONTA QUEM É EXEMPLO PARA ESSA GRIÔ. A ENTREVISTA FOI REALIZADA NO DIA 29 DE MARÇO DE 2021, EM UMA SALA DO GOOGLE, NA INTERNET. NA OCASIÃO, TAMBÉM ESTIVERAM PRESENTES A PROFESSORA DANIELA AUAD, MINHA COMPANHEIRA NESTA ENTREVISTA E EM OUTRAS TANTAS SEARAS DA VIDA, E A PROFESSORA E MILITANTE ÁNGELA MARIA MARTINS, COMPANHEIRA DE HELIANA. © 2021. ALL RIGHTS RESERVED.",10.1590/1806-9584-2021V29N383445
GARRIDO A;LIBERALI F,2024,NECROCURRÍCULO: DEIXAR VIVER E FAZER MORRER O SABER AFRICANO E AFRODIASPÓRICO NA POLÍTICA EDUCACIONAL BRASILEIRA,"O PRESENTE ARTIGO ABORDA O CONCEITO DE NECROCURRÍCULO QUE ANALISA O ESPAÇO-TEMPO DA ESCOLA SOB A QUESTÃO DO RACISMO. UMA PERSPECTIVA QUE AVALIA NA ESCOLA A POLÍTICA EDUCACIONAL QUE PROMOVE A MORTE DA CULTURA, IDENTIDADE E DOS SABERES AFRODIASPÓRICOS. O OBJETIVO DO ARTIGO É ESCLARECER QUAIS SÃO OS ELEMENTOS CONCEITUAIS QUE CONSTITUEM A CARACTERIZAÇÃO DO NECROCURRÍCULO NA EDUCAÇÃO BRASILEIRA. O ESTUDO PRESSUPÕE QUE OS SABERES CORPÓREOS E IDENTITÁRIOS DO SER-NEGRO NO ESPAÇO-TEMPO DO CURRÍCULO DA ESCOLA NÃO FAZEM PARTE DA GEOPOLÍTICA DO CONHECIMENTO, AO CONTRÁRIO, SÃO CAPTURADOS E ELIMINADOS. A METODOLOGIA UTILIZADA PARA A COMPREENSÃO DO NECROCURRÍCULO, NECESSITOU DAS LEITURAS PROPOSTAS POR ACHILLE MBEMBE ACERCA DOS CONCEITOS DE NECROPOLÍTICA E DA POLÍTICA DE INIMIZADE QUE EXPLICITAM A POLÍTICA DE MORTE QUE PROMOVE A CAPTURA DOS CORPOS QUE SÃO OS SIGNOS DA MORTE. NESTE PRISMA, AS CONCEPÇÕES TEÓRICAS DA COLONIALIDADE/MODERNIDADE DO SER, DO SABER E DO PODER QUE ELUCIDAM SOBRE O EPISTEMICÍDIO, SILENCIAMENTO, INVISIBILIDADE, MARGINALIZAÇÃO E DESUMANIZAÇÃO DOS SABERES AFRODIASPÓRICOS, PRESENTES NA CORPORALIDADE DO SER-NEGRO, QUE FORAM NA RACIONALIDADE EUROCÊNTRICA ALOCADOS NA ZONA DO NÃO-SER. OS RESULTADOS APONTAM QUE A DEFINIÇÃO DO NECROCURRÍCULO PODE SER COMPREENDIDA COMO UMA FORMA DE CAPTURAR OS ELEMENTOS DO SIGNO DA MORTE, UM INVENTO DA NEGATIVIDADE CORPÓREA DO SER-NEGRO, EXCLUÍ A NORMA PARA INCLUIR NA PERMANENTE EXCEÇÃO. NA GEOPOLÍTICA DO CONHECIMENTO, NÃO EXISTE A DIALÉTICA DO CORPO ÁFRICA-NEGRO, QUE ESTÃO SUSPENSOS DAS HUMANIDADES QUE PRODUZEM O CONHECIMENTO DITO LEGÍTIMO, NO IMAGINÁRIO INVENTIVO, CONSTITUEM A VIDA NUA, A-HISTÓRICA DOS AFRICANOS, O FANTASMAGÓRICO DA NEGATIVIDADE DA VIDA. A ESCOLA É O NOMOS QUE DETERMINA A IDENTIDADE, CONHECIMENTOS, SABERES, CULTURAS E A RELIGIÃO QUE DEVEM VIVER E AS QUE DEVEM MORRER SOBRE A ÉGIDE DO CORPO-RAÇA. CONCLUI-SE QUE O ENFRENTAMENTO DO NECROCURRÍCULO REQUER UMA JUSTIÇA CURRICULAR QUE PERMITA A CONSTRUÇÃO DE UM CURRÍCULO ÉTICO-POLÍTICO, PARTICIPATIVO NA RADICALIDADE DEMOCRÁTICA QUE VISE O CUIDADO E ADOÇÃO DOS CONHECIMENTOS QUE COMPÕEM A DIVERSIDADE CULTURAL DA IDENTIDADE SOCIAL. © 2024 CURRICULUM AND PEDAGOGY GROUP.",10.1080/15505170.2024.2373120
MALLMANN M;BOING A;TOMASI Y;ANJOS J;BOING A,2018,EVOLUTION OF SOCIOECONOMIC INEQUALITIES IN CONDUCTING PRENATAL CONSULTATIONS AMONG BRAZILIAN PARTURIENT WOMEN: ANALYSIS OF THE PERIOD 2000-2015; [EVOLUÇÃO DAS DESIGUALDADES SOCIOECONÔMICAS NA REALIZAÇÃO DE CONSULTAS DE PRÉ-NATAL ENTRE PARTURIENTES BRASILEIRAS: ANÁLISE DO PERÍODO 2000-2015],"OBJECTIVE: TO ANALYZE EVOLUTION AS TO CONDUCTING SEVEN OR MORE PRENATAL CONSULTATIONS WITH PREGNANT WOMEN IN BRAZIL, IN THE PERIOD 2000-2015 ACCORDING TO MATERNAL EDUCATION LEVEL AND RACE/SKIN COLOR OF THE NEWBORN BABY. METHODS: THIS WAS A TIME SERIES STUDY BASED ON LIVE BIRTHS INFORMATION SYSTEM (SINASC) DATA; RELATIVE AND ABSOLUTE INEQUALITIES WERE INVESTIGATED, ADJUSTED FOR MATERNAL AGE AND GESTATIONAL WEEK IN WHICH CHILDBIRTH OCCURRED. RESULTS: WE ANALYZED APPROXIMATELY 48 MILLION BIRTHS; THE PROPORTION OF SEVEN OR MORE PRENATAL CONSULTATIONS INCREASED NATIONALLY (FROM 46.0% TO 66.9%) IN ALL GROUPS ANALYZED; THE RELATIVE DIFFERENCE BETWEEN THE EXTREMES OF EDUCATION LEVEL RANGED FROM 3.0 TO 2.0, WHILE THE ABSOLUTE DIFFERENCE RANGED FROM 53.1 TO 47.7 PERCENTAGE POINTS; THE ADJUSTED RATIO BETWEEN WHITE/BLACK RACE/SKIN COLOR WAS 1.4 IN 2000 AND 1.2 IN 2015. CONCLUSION: THE PROPORTION OF PREGNANT WOMEN HAVING SEVEN OR MORE PRENATAL CONSULTATIONS HAS INCREASED IN BRAZIL, ALTHOUGH INEQUALITIES ARE STILL FOUND.; OBJETIVO: ANALISAR A EVOLUÇÃO DA REALIZAÇÃO DE AO MENOS SETE CONSULTAS DE PRÉ-NATAL NO BRASIL, NO PERÍODO 2000-2015, SEGUNDO ESCOLARIDADE DA MÃE E RAÇA/COR DA PELE DO RECÉM-NASCIDO. MÉTODOS: ESTUDO DE SÉRIE TEMPORAL COM BASE NO SISTEMA DE INFORMAÇÕES SOBRE NASCIDOS VIVOS (SINASC); INVESTIGARAM-SE DESIGUALDADES RELATIVAS E ABSOLUTAS AJUSTADAS PELA IDADE MATERNA E SEMANA DE GESTAÇÃO QUANDO OCORREU O PARTO. RESULTADOS: ANALISARAM-SE APROXIMADAMENTE 48 MILHÕES DE NASCIMENTOS; A PROPORÇÃO DE REALIZAÇÃO DE SETE OU MAIS CONSULTAS DE PRÉ-NATAL AUMENTOU NACIONALMENTE (DE 46,0 PARA 66,9%) E EM TODOS OS GRUPOS ANALISADOS; A DIFERENÇA RELATIVA ENTRE OS EXTREMOS DE ESCOLARIDADE VARIOU DE 3,0 PARA 2,0 E A ABSOLUTA DE 53,1 PARA 47,7 PONTOS PERCENTUAIS; A RAZÃO AJUSTADA ENTRE RAÇA/COR DA PELE BRANCA E PRETA ERA DE 1,4 EM 2000 E CHEGOU A 1,2 EM 2015. CONCLUSÃO: A PROPORÇÃO DE GESTANTES COM SETE OU MAIS CONSULTAS DE PRÉ-NATAL AUMENTOU NO BRASIL, EMBORA DESIGUALDADES AINDA TENHAM SIDO OBSERVADAS.; OBJETIVO: ANALIZAR LA EVOLUCION DE COBERTURA DE SIETE O MÁS CONSULTAS PRENATALES EN MUJERES EMBARAZADAS EN BRASIL, EN EL PERÍODO 2000-2015 SEGÚN EL NIVEL DE EDUCACIÓN Y LA RAZA/COLOR DE PIEL DEL RECIÉN NACIDO. MÉTODOS: ESTUDIO DE SERIES TEMPORALES BASADO EN DATOS DEL SISTEMA DE INFORMACIONES SOBRE NACIDOS VIVOS (SINASC); SE INVESTIGARON LAS DESIGUALDADES RELATIVAS Y ABSOLUTAS, AJUSTADAS POR EDAD MATERNA Y SEMANA GESTACIONAL POR OCASIÓN DEL PARTO. RESULTADOS: SE ANALIZARON APROXIMADAMENTE 48 MILLONES DE NACIMIENTOS; LA PROPORCIÓN DE SIETE O MÁS CONSULTAS AUMENTÓ EN BRASIL (DE 46.0% A 66.9%) EN TODOS LOS GRUPOS ANALIZADOS; LA DIFERENCIA RELATIVA ENTRE LOS EXTREMOS DEL NIVEL EDUCATIVO VARIÓ DE 3.0 A 2.0 Y LA DIFERENCIA ABSOLUTA DE 53.1 A 47.7 PUNTOS PORCENTUALES; LA RAZÓN AJUSTADA ENTRE RAZA/COLOR BLANCA Y NEGRA, DE 1,4 EN 2000, LLEGÓ A 1,2 EN 2015. CONCLUSIÓN: LA PROPORCIÓN DE GESTANTES CON SIETE O MÁS CONSULTAS PRENATALES AUMENTÓ EN BRASIL, PERO AÚN SE OBSERVAN DESIGUALDADES.",10.5123/S1679-49742018000400014
CARVALHAES F;RIBEIRO C,2019,"HORIZONTAL OPPORTUNITIES IN ACCESS TO HIGHER EDUCATION IN BRAZIL: SOCIOECONOMIC STATUS, GENDER AND RACE IN A CONTEXT OF EDUCATIONAL EXPANSION; [ESTRATIFICAÇÃO HORIZONTAL DA EDUCAÇÃO SUPERIOR NO BRASIL: DESIGUALDADES DE CLASSE, GÊNERO E RAÇA EM UM CONTEXTO DE EXPANSÃO EDUCACIONAL]","ACCESS TO HIGHER EDUCATION IS ESSENTIAL TO REDUCE THE DISADVANTAGES OF PEOPLE WITH BACKGROUNDS IN DISADVANTAGED GROUPS ONCE IT INCREASES THE CHANCES OF UPWARD MOBILITY. THE LITERATURE ON EDUCATIONAL STRATIFICATION SHOWS THAT BOTH THE ACCESS TO THE DIFFERENT TYPES OF HIGHER EDUCATION (BACCALAUREATE, VOCATIONAL) AND WHICH FIELDS OF STUDY ARE CHOSEN (MEDICINE, BUSINESS OR TEACHING) INFLUENCE THE CHANCES OF REACHING THE BEST JOBS. GIVEN THAT DIFFERENT UNIVERSITY DEGREES ARE NOT EQUAL IN TERMS OF THE ADVANTAGES THEY BRING TO GRADUATES, DIFFERENCES IN ACCESS BETWEEN UNIVERSITY COURSES IN TERMS OF CLASS, GENDER AND RACE, THE PROFILE OF ACCESS TO THESE COURSES SHOULD BE ANALYZED. IN THIS ARTICLE, WE EVALUATE IN AN UNPRECEDENTED AND DISAGGREGATED WAY THE EXPANSION PATTERN OF BRAZILIAN HIGHER EDUCATION AND HOW THE OPPORTUNITIES IN THE SYSTEM ARE DISTRIBUTED. MOBILIZING INEP DATA, OUR RESULTS INDICATE THAT PEOPLE FROM THE UPPER SOCIOECONOMIC GROUPS (PARENTS WITH HIGHER EDUCATION) WERE SIGNIFICANTLY MORE LIKELY TO ENTER THE MOST PRESTIGIOUS COURSES (MEDICINE, DENTISTRY, ENGINEERING, ETC.) AND PUBLIC INSTITUTIONS THAN PEOPLE FROM THE LOWER STRATA. WE ALSO FIND STRONG GENDER STRATIFICATION. MEN ARE MORE LIKELY TO ATTEND COURSES IN THE HARD SCIENCES AND WOMEN IN COURSES RELATED TO TEACHING AND CARE. GENDER STRATIFICATION, HOWEVER, COMBINES NON-LINEARLY WITH STRATIFICATION BY SOCIOECONOMIC STATUS, AS THERE ARE TYPICAL COURSES OF UPPER-CLASS MEN, UPPER-CLASS WOMEN, LOWER-CLASS MEN, AND LOWER-CLASS WOMEN. © 2019 UNIVERSIDADE DE SAO PAULO.; O ACESSO AO ENSINO SUPERIOR É FUNDAMENTAL PARA DIMINUIR AS DESVANTAGENS DE PESSOAS COM ORIGENS NOS GRUPOS MENOS PRIVILEGIADOS, NA MEDIDA EM QUE AUMENTA AS CHANCES DE MOBILIDADE SOCIAL ASCENDENTE. A LITERATURA SOBRE ESTRATIFICAÇÃO EDUCACIONAL NOS ENSINA QUE TANTO O ACESSO AOS DIFERENTES TIPOS DE MODALIDADE OFERTADA (BACHARELADOS, LICENCIATURAS, CURSOS TECNOLÓGICOS) QUANTO QUAIS CURSOS SÃO ESCOLHIDOS (MEDICINA, ADMINISTRAÇÃO OU PEDAGOGIA) INFLUENCIAM AS CHANCES DE ALCANÇAR OS MELHORES EMPREGOS. TENDO EM VISTA QUE OS DIFERENTES DIPLOMAS UNIVERSITÁRIOS NÃO SÃO IGUAIS EM TERMOS DAS VANTAGENS QUE TRAZEM PARA OS DIPLOMADOS, E QUE HÁ DIFERENÇAS DE ACESSO ENTRE OS CURSOS UNIVERSITÁRIOS EM TERMOS DE CLASSE, GÊNERO E RAÇA, O PERFIL DE ACESSO A ESSES CURSOS DEVE SER ANALISADO. NESTE ARTIGO, AVALIAMOS DE FORMA INÉDITA E DESAGREGADA O PADRÃO DE EXPANSÃO DO ENSINO SUPERIOR BRASILEIRO E COMO SE CONFIGURAM AS OPORTUNIDADES NO SISTEMA. MOBILIZANDO DADOS DO INEP, NOSSOS RESULTADOS APONTAM QUE PESSOAS COM ORIGEM NOS ESTRATOS MAIS ALTOS (PAIS COM ENSINO SUPERIOR) TINHAM PROBABILIDADE SIGNIFICATIVAMENTE MAIOR DE ENTRAR NOS CURSOS DE MAIOR PRESTÍGIO (MEDICINA, ODONTOLOGIA, ENGENHARIAS ETC.) E EM INSTITUIÇÕES PÚBLICAS DO QUE PESSOAS COM ORIGEM NAS CLASSES MAIS BAIXAS. TAMBÉM ENCONTRAMOS FORTE ESTRATIFICAÇÃO POR GÊNERO TENDO EM VISTA QUE HOMENS TÊM MAIOR PROBABILIDADE DE ENTRAR EM CURSOS DAS CIÊNCIAS EXATAS E MULHERES EM CURSOS RELACIONADOS AO ENSINO E AOS CUIDADOS. A ESTRATIFICAÇÃO POR GÊNERO, NO ENTANTO, COMBINA-SE DE FORMA NÃO LINEAR COM A ESTRATIFICAÇÃO POR CLASSE DE ORIGEM, NA MEDIDA EM QUE HÁ CURSOS TÍPICOS DE HOMENS DE CLASSE ALTA, MULHERES DE CLASSE ALTA, HOMENS DE CLASSE BAIXA E MULHERES DE CLASSE BAIXA. © 2019 UNIVERSIDADE DE SAO PAULO.",10.11606/0103-2070.ts.2019.135035
NOLETO R,2018,JAMBO COLOUR AND OTHER AMAZONIAN HUES: ON THE ABOLITION OF THE MULATA AND THE ADVENT OF THE MORENA CHEIROSA AT THE JUNE FESTIVALS OF BELÉM; [COLOR DE YAMBO Y OTROS MATICES AMAZÓNICOS: SOBRE LA ABOLICIÓN DE LA MULATA Y LA LLEGADA DE LA MORENA CHEIROSA EN LAS FIESTAS DE JUNIO EN BELÉM]; [COR DE JAMBO E OUTROS MATIZES AMAZÔNICOS: SOBRE A ABOLIÇÃO DA MULATA E O ADVENTO DA MORENA CHEIROSA NAS FESTAS JUNINAS DE BELÉM],"IN THIS ARTICLE, I CONSIDER THE STATE'S CONSCIOUS PRODUCTION OF SOCIAL CATEGORIES THAT SEXUALIZE RACE AND RACIALIZE GENDER IN PUBLIC POLICIES IN ORDER TO PROMOTE POPULAR CULTURES. LOOKING AT THE PRACTICES AND DISCOURSES SURROUNDING THE CATEGORIES ""MISS MULATA"" AND ""MISS MORENA CHEIROSA"" AT THE JUNE FESTIVALS IN BELÉM, I ARGUE THAT THESE CATEGORIES REVEAL THE INTERFERENCE OF STATE ORGANS AND THEIR CULTURAL BROKERS IN THE PRODUCTION OF AMAZONIAN ETHNIC-RACIAL IDENTITIES. IN ADDITION TO LOOKING AT THE EXPLICIT TEXTUAL CONTENT OF THE REGULATIONS OF THE JUNE CONTESTS, I NOTE WHAT THE OMIT REGARDING ISSUES OF RACE, ETHNICITY AND SEXUALITY. SUCH OMISSIONS DO NOT REFLECT A LACK OF NORMATIVE PRESCRIPTIONS, BUT MEAN THAT THE REGULATION OF BODIES, SUBJECTS, AND PERFORMANCES REMAINS HIDDEN AND IMMOBILE IN THE INTERSTICES OF THE DISCOURSE OF CULTURAL BROKERS WHO FOSTER POLICIES GEARED TOWARD POPULAR CULTURES. © 2018, MANA.; NESTE TEXTO, BUSCO PENSAR NA ATUAÇÃO CONSCIENTE DO ESTADO AO PRODUZIR CATEGORIAS SOCIAIS QUE SEXUALIZAM A RAÇA E RACIALIZAM O GÊNERO NAS POLÍTICAS PÚBLICAS PARA A PROMOÇÃO DAS CULTURAS POPULARES. PERSCRUTANDO OS USOS E OS DISCURSOS EM TORNO DAS CATEGORIAS MISS MULATA E MISS MORENA CHEIROSA NAS FESTAS JUNINAS DE BELÉM, ARGUMENTO QUE ESSAS CATEGORIAS FALAM ACERCA DAS INTERFERÊNCIAS DOS ÓRGÃOS ESTATAIS E SEUS GESTORES CULTURAIS NA PRODUÇÃO DE IDENTIDADES ÉTNICORACIAIS AMAZÔNICAS. ALÉM DE ATENTAR PARA OS CONTEÚDOS TEXTUAIS EXPLÍCITOS NOS REGULAMENTOS DOS CONCURSOS JUNINOS, OBSERVO ESPECIALMENTE OS SEUS SILÊNCIOS QUANTO A QUESTÕES REFERENTES À RAÇA, ETNICIDADE E SEXUALIDADE. TAIS SILÊNCIOS NÃO REPRESENTAM AUSÊNCIA DE PRESCRIÇÕES NORMATIVAS, MAS SIGNIFICAM QUE A REGULAÇÃO DOS CORPOS, SUJEITOS E PERFORMANCES PERMANECE OCULTA NAS ENTRELINHAS DOS DISCURSOS DOS GESTORES CULTURAIS QUE FOMENTAM AÇÕES VOLTADAS PARA AS CULTURAS POPULARES. © 2018, MANA.; EN ESTE TEXTO, BUSCO PENSAR LA ACTUACIÓN CONSCIENTE DEL ESTADO AL PRODUCIR CATEGORÍAS SOCIALES QUE SEXUALIZAN LA RAZA Y RACIALIZAN EL GÉNERO EN LAS POLÍTICAS PÚBLICAS PARA LA PROMOCIÓN DE LAS CULTURAS POPULARES. INVESTIGANDO LOS USOS Y DISCURSOS EN TORNO A LAS CATEGORÍAS MISS MULATA Y MISS MORENA CHEIROSA EN LAS FIESTAS JUNINAS DE BELÉM, ARGUMENTO QUE ESAS CATEGORÍAS DEJAN EN EVIDENCIA LAS INTERFERENCIAS DE LOS ÓRGANOS ESTATALES Y SUS GESTORES CULTURALES EN LA PRODUCCIÓN DE IDENTIDADES ÉTNICORACIALES AMAZÓNICAS. ADEMÁS DE NOTAR LOS CONTENIDOS TEXTUALES EXPLÍCITOS EN LOS REGLAMENTOS DE LOS CONCURSOS JUNINOS, OBSERVO ESPECIALMENTE SUS SILENCIOS EN CUANTO A CUESTIONES DE RAZA, ETNICIDAD Y SEXUALIDAD. TALES SILENCIOS NO REPRESENTAN AUSENCIA DE PRESCRIPCIONES NORMATIVAS, SINO QUE SIGNIFICAN QUE LA REGULACIÓN DE LOS CUERPOS, SUJETOS Y PERFORMANCES PERMANECE OCULTA EN LAS ENTRELÍNEAS DE LOS DISCURSOS DE LOS GESTORES CULTURALES QUE FOMENTAN ACCIONES DIRIGIDAS A LAS CULTURAS POPULARES. © 2018, MANA.",10.1590/1678-49442018v24n2p132
PRADO M;FRANCISCO P;BARROS M,2017,"USE OF PSYCHOTROPIC MEDICATIONS IN ADULTS AND ELDERLY LIVING IN CAMPINAS, SÃO PAULO, BRAZIL: CROSS-SECTIONAL POPULATION-BASED STUDY; [USO DE MEDICAMENTOS PSICOTRÓPICOS EM ADULTOS E IDOSOS RESIDENTES EM CAMPINAS, SÃO PAULO: UM ESTUDO TRANSVERSAL DE BASE POPULACIONAL]","OBJECTIVE: TO ESTIMATE THE PREVALENCE OF USE OF PSYCHOTROPIC MEDICINES AND ASSOCIATED FACTORS IN ADULTS AND ELDERLY, AND TO IDENTIFY THE MAIN CLASSES USED. METHODS: CROSS-SECTIONAL POPULATION-BASED STUDY, CONDUCTED IN CAMPINAS-SP, BRAZIL (JANUARY/2008-APRIL/2009); CHI-SQUARE RAO-SCOTT TEST AND POISSON MULTIPLE REGRESSION WERE APPLIED. RESULTS: THE STUDY INCLUDED 2,472 INDIVIDUALS AND THE PREVALENCE OF USE OF AT LEAST ONE PSYCHOTROPIC MEDICATION IN THE THREE PREVIOUS DAYS WAS 6.8% (95%CI 5.5;8.1); IN THE ADJUSTED ANALYSES, THERE WERE POSITIVE ASSOCIATIONS BETWEEN USE AND FEMALE SEX (PR=1.48; 95%CI 1.01;2.18), WORSE HEALTH PERCEPTION (PR=2.10; 95%CI 1.13;3.89), COMMON MENTAL DISORDER (PR=1.66; 95%CI 1.09;2.51) AND EMOTIONAL PROBLEMS (PR=8.04; 95%CI 4.87;13.02); BLACK/BROWN-SKINNED INDIVIDUALS PRESENTED SIGNIFICANTLY LOWER USE (PR=0.58; 95%CI 0.39;0.88); ANTIDEPRESSANTS (52.6%), ANXIOLYTICS (28.1%) AND ANTIPSYCHOTICS (17.0%) WERE THE MOST USED. CONCLUSION: INEQUALITIES REGARDING SEX AND ETHNICITY/SKIN COLOR WERE OBSERVED; THE FINDINGS CONTRIBUTE TO THE EVALUATION OF THE RATIONAL USE OF THESE DRUGS.; OBJETIVO: ESTIMAR A PREVALÊNCIA DO USO DE PSICOTRÓPICOS E FATORES ASSOCIADOS EM ADULTOS E IDOSOS, E IDENTIFICAR AS PRINCIPAIS CLASSES UTILIZADAS. MÉTODOS: ESTUDO TRANSVERSAL DE BASE POPULACIONAL, REALIZADO EM CAMPINAS-SP, BRASIL (JANEIRO/2008-ABRIL/2009); EMPREGOU-SE TESTE QUI-QUADRADO (RAO-SCOTT) E REGRESSÃO MÚLTIPLA DE POISSON. RESULTADOS: PARTICIPARAM DO ESTUDO 2.472 INDIVÍDUOS; A PREVALÊNCIA DO USO DE AO MENOS UM PSICOFÁRMACO NOS TRÊS DIAS ANTERIORES À PESQUISA FOI DE 6,8% (IC95% 5,5;8,1); NAS ANÁLISES AJUSTADAS, OBSERVARAM-SE ASSOCIAÇÕES POSITIVAS ENTRE O USO E SEXO FEMININO (RP=1,48; IC95% 1,01;2,18), PIOR PERCEPÇÃO DA SAÚDE (RP=2,10; IC95% 1,13;3,89), TRANSTORNO MENTAL COMUM (RP=1,66; IC95% 1,09;2,51) E PROBLEMAS EMOCIONAIS (RP=8,04; IC95% 4,87;13,02); PRETOS/PARDOS APRESENTARAM USO SIGNIFICATIVAMENTE MENOR (RP=0,58; IC95% 0,39;0,88); DESTACARAM-SE OS ANTIDEPRESSIVOS (52,6%), ANSIOLÍTICOS (28,1%) E ANTIPSICÓTICOS (17,0%). CONCLUSÃO: OBSERVARAM-SE DESIGUALDADES DE SEXO E DE RAÇA/COR DA PELE NO USO DE PSICOTRÓPICOS; OS ACHADOS CONTRIBUEM PARA A AVALIAÇÃO DO USO RACIONAL DESSES FÁRMACOS.; OBJETIVO: ESTIMAR LA PREVALENCIA DE USO DE DROGAS PSICOTRÓPICAS Y FACTORES ASOCIADOS EN ADULTOS Y ANCIANOS, E IDENTIFICAR LOS PRINCIPALES TIPOS UTILIZADOS. MÉTODOS: ESTUDIO POBLACIONAL TRANSVERSAL EN CAMPINAS-SP, BRASIL (ENERO/2008-ABRIL/2009); LA ASOCIACIÓN ENTRE EL USO DE PSICOTRÓPICOS Y VARIABLES INDEPENDIENTES FUE VERIFICADA USANDO LA PRUEBA DE RAO-SCOTT CON UN NIVEL DE SIGNIFICANCIA DE 5%; LAS RAZONES DE PREVALENCIA FUERON ESTIMADAS USANDO REGRESIÓN MÚLTIPLE DE POISSON. RESULTADOS: EL ESTUDIO INCLUYÓ A 2.472 PERSONAS Y LA PREVALENCIA DE UTILIZACIÓN DE FÁRMACOS EN LOS TRES DÍAS ANTERIORES FUE 6,8% (IC95% 5,5;8,1); EN ANÁLISIS AJUSTADAS OBSERVAMOS UNA ASOCIACIÓN POSITIVA ENTRE USO Y SEXO FEMENINO (OR=1,48; IC95% 1,01;2,18), PEOR SALUD PERCIBIDA (OR=2,10; IC95% 1,13;3,89), TRASTORNO MENTAL COMÚN (OR=1,66; IC95% 1,09;2,51) Y PROBLEMAS EMOCIONALES (OR=8,04; IC95% 4,87;13,02); INDIVIDUOS NEGRO/MARRÓN MOSTRARON MENOR USO (OR=0,58; IC95% 0,39;0,88); SE DESTACARON ANTIDEPRESIVOS (52,6%), ANSIOLÍTICOS (28,1%) Y ANTIPSICÓTICOS (17,0%). CONCLUSIÓN: SE OBSERVARON DESIGUALDADES DE SEXO Y RAZA/COLOR DE PIEL; SUBGRUPOS CON MAYOR PREVALENCIA DE USO QUE REQUIEREN ATENCIÓN; ESTOS RESULTADOS CONTRIBUYEN A LA EVALUACIÓN DEL USO RACIONAL.",10.5123/S1679-49742017000400007
LAPERA P,2019,"""FILMS ON FIRE"": CINEMA, PRESS AND SENSATIONALISM IN RIO DE JANEIRO'S BELLE ÉPOQUE; [""FITAS EM CHAMMAS"": CINEMA, IMPRENSA E SENSACIONALISMO NA BELLE ÉPOQUE CARIOCA]","THIS ARTICLE ANALYZES THE JOURNALISTIC COVERAGE ON FIRES THAT HAD PLACE IN CINEMAS IN THE TURN OF THE TWENTIETH CENTURY, WHEN SOME STRUCTURING TRAITS OF RIO DE JANEIRO'S SOCIETY EMERGED IN RELATION TO CINEMATOGRAPHIC CONSUMPTION AND TO THE ROLE OF THE PRESS. OUR MAIN QUESTION IS: HOW WAS SENSATIONALISM USED AS A KEY FACTOR IN THE INTERPRETATION OF THESE FIRES? OUR HYPOTHESIS IS THAT IT CAN BE SEEN AS A PRACTICE OF COMMUNICATION BETWEEN DIFFERENT SOCIAL GROUPS, SINCE ITS MARKS PERMEATE DIFFERENT WAYS OF EXPERIMENTING MODERNITY. WE WILL TRY TO UNDERSTAND HOW SENSATIONALISM WAS ARTICULATED AS A KEY OF INTERPRETATION IN RELATION TO CINEMATOGRAPHIC CONSUMPTION, IN A HISTORICAL MOMENT IN WHICH HIERARCHIES OF CLASS, GENDER AND RACE WERE REINFORCED BY THE LOGIC OF THE NEW OCCUPATION OF THE URBAN SPACE. © 2019, ASSOCIACAO NACIONAL DE HISTORIA.; ESTE ARTIGO ANALISA A COBERTURA JORNALÍSTICA SOBRE INCÊNDIOS EM CINEMAS NA VIRADA PARA O SÉCULO XX, QUANDO EMERGIRAM ALGUNS TRAÇOS ESTRUTURANTES DA SOCIEDADE CARIOCA NO TOCANTE AO CONSUMO CINEMATOGRÁFICO E AO PAPEL DA IMPRENSA NO RIO DE JANEIRO. A QUESTÃO PRINCIPAL É: DE QUE MODO O SENSACIONALISMO OPEROU COMO CHAVE DE LEITURA DESSES INCÊNDIOS? PARTIMOS DA HIPÓTESE DE QUE O SENSACIONALISMO PODE SER VISTO COMO UMA PRÁTICA DE COMUNICAÇÃO ENTRE DIVERSOS GRUPOS SOCIAIS, NA MEDIDA EM QUE SUAS MARCAS PERPASSAM DIFERENTES FORMAS DE EXPERIMENTAR A MODERNIDADE. BUSCAREMOS COMPREENDER COMO O SENSACIONALISMO FOI ARTICULADO COMO UMA CHAVE DE LEITURA NA RELAÇÃO COM O CONSUMO CINEMATOGRÁFICO, EM UM MOMENTO HISTÓRICO NO QUAL HIERARQUIAS DE CLASSE, GÊNERO E RAÇA SAÍRAM REFORÇADAS PELA LÓGICA DA NOVA OCUPAÇÃO DO ESPAÇO URBANO. © 2019, ASSOCIACAO NACIONAL DE HISTORIA.",10.1590/1806-93472019v39n80-03
DOMINGUES P,2018,"THIS ""MAGNANIMOUS VOLITION"": THE COLORED MEN FEDERATIO; [ESTA ""MAGNÂNIMA VOLIÇÃO"": A FEDERAÇÃO DOS HOMENS DE COR]","THE AIM OF THIS ARTICLE IS TO INVESTIGATE THE COLORED MEN FEDERATION (FHC - FEDERAÇÃO DOS HOMENS DE COR), AN ASSOCIATION WHOSE MAIN GOAL WAS TO ACT TOWARDS THE MORAL, CULTURAL, POLITICAL AND SOCIAL DEVELOPMENT OF AFRO-BRAZILIANS. THE FEDERATION WAS FOUNDED IN SÃO PAULO, IN 1909, BUT IT WAS TRANSFERRED TO RIO DE JANEIRO, IN 1920. FHC PROMOTED COLLECTIVE ACTIONS, SET AFRICAN DIASPORIC REFERENCES, ADVOCATED FOR AN EQUALITY DISCOURSE, INFLUENCED THE NATIONAL AGENDA BY SETTING DEBATES AND ALLIANCES WITH DIFFERENT SECTORS OF BRAZILIAN SOCIETY. THUS, THE AIM OF THIS ARTICLE IS TO REBUILD SOME ASPECTS OF THE TRAJECTORY OF THIS ASSOCIATION ACCORDING TO ITS ASPIRATIONS AND ORGANIZATION, STRUGGLE AND IDENTITY FORMS. © 2018 UNIVERSIDADE ESTADUAL PAULISTA.; O ARTIGO INVESTIGA A FEDERAÇÃO DOS HOMENS DE COR (FHC) - UMA ASSOCIAÇÃO CUJA FINALIDADE PRINCIPAL ERA TRABALHAR PELO DESENVOLVIMENTO MORAL, CULTURAL, POLÍTICO E SOCIAL DOS AFROBRASILEIROS -, FUNDADA EM SÃO PAULO EM 1909, MAS QUE SE TRANSFERIU PARA O RIO DE JANEIRO EM 1920. A FHC PROMOVEU AÇÕES COLETIVAS, CELEBROU REFERENCIAIS AFRODIASPÓRICOS, PRECONIZOU NARRATIVAS DE IGUALDADE, INTERVEIO NA AGENDA NACIONAL, ESTABELECENDO DIÁLOGOS E URDINDO ALIANÇAS COM DIFERENTES SETORES DA SOCIEDADE. A PROPOSTA DESTE ARTIGO É RECONSTITUIR ALGUNS ASPECTOS DA TRAJETÓRIA DESSA ASSOCIAÇÃO À LUZ DE SUAS ASPIRAÇÕES E FORMAS DE ORGANIZAÇÃO, LUTA E IDENTIDADE. © 2018 UNIVERSIDADE ESTADUAL PAULISTA.",10.1590/1980-4369e2018032
MUÑOZ-CABRERA P;RANGEL P,2018,"GENDER JUSTICE IN FEMINIST ANALYSIS OF PUBLIC POLICIES IN ARGENTINA, BRAZIL AND CHILE; [JUSTIÇA DE GÊNERO NA ANÁLISE FEMINISTA DE POLÍTICAS PÚBLICAS EM ARGENTINA, BRASIL E CHILE]","ESTE TRABALHO APRESENTA PARTE DAS PESQUISAS PÓS-DOUTORAIS DE AMBAS AS AUTORAS (FFLCH/ USP). O TRABALHO FOCA NOS PROCESSOS DE TRANSFORMAÇÃO DAS AÇÕES GOVERNAMENTAIS SENSÍVEIS A GÊNERO NO BRASIL, NA ARGENTINA E NO CHILE AO LONGO DOS ÚLTIMOS ANOS, COM ESPECIAL ATENÇÃO PARA OS MANDATOS DE PRESIDENTAS (CRISTINA FERNÁNDEZ, DILMA ROUSSEFF E MICHELE BACHELET). A PARTIR DE CONCEITOS E TIPOLOGIAS DA LITERATURA ESPECIALIZADA, ABORDAM-SE QUESTÕES SOBRE A ATUAÇÃO DE GRUPOS DE PRESSÃO E AS DISPUTAS NA ARENA POLÍTICA PARA COMPREENDER O IMPACTO DOS FEMINISMOS NAS POLÍTICAS PÚBLICAS E BUSCAR IDENTIFICAR SE ESSAS POLÍTICAS DE ESTADO ATENDEM FOCOS ESPECÍFICOS DA ABORDAGEM INTERSECCIONAL (GÊNERO, RAÇA/ETNIA, CLASSE). TRATAMOS AQUI, ESPECIALMENTE, DE QUATRO GRANDES ÁREAS DE AÇÕES ESTATAIS (AUTONOMIA ECONÔMICA, EQUIPAMENTOS SOCIAIS, VIOLÊNCIA, SAÚDE) ADOTADAS NOS TRÊS PAÍSES, OBSERVANDO DOIS ASPECTOS EM PARTICULAR: 1) O PAPEL DAS AGÊNCIAS DE POLÍTICAS PARA MULHERES E FEMOCRATAS NO PROCESSO DE FORMULAÇÃO E APROVAÇÃO DAS POLÍTICAS PÚBLICAS; 2) JUSTIÇA DE GÊNERO, OU CONVERGÊNCIAS E DISSONÂNCIAS NA ANÁLISE FEMINISTA (ENGLOBANDO TEMAS COMO IGUALDADE FORMAL E SUBSTANTIVA, RECONHECIMENTO E JUSTIÇA DISTRIBUTIVA, A INTERSECCIONALIDADE DA JUSTIÇA DE GÊNERO). NESSE ESFORÇO, DISCUTIREMOS O VALOR AGREGADO DAS POLÍTICAS DE IGUALDADE DE GÊNERO E RESGATAREMOS A PROBLEMATIZAÇÃO DE POLÍTICAS PÚBLICAS COMO AÇÕES ""NEUTRAS"" OU ""CEGAS AO GÊNERO"" VS. POLÍTICAS PÚBLICAS DE GÊNERO. © 2018 UNIVERSIDADE FEDERAL DE SANTA CATARINA.; THIS PAPER PRESENTS PART OF THE AUTHORS' POSTDOCTORAL RESEARCH AT THE UNIVERSITY OF SÃO PAULO, BRAZIL. IT FOCUSES ON THE TRANSFORMATION PROCESSES TRIGGERED BY FEMINIST-DRIVEN GOVERNMENTAL ACTIONS IN BRAZIL, ARGENTINA AND CHILE OVER THE LAST FEW YEARS, ESPECIALLY DURING THE TERMS OF CRISTINA FERNÁNDEZ, DILMA ROUSSEFF AND MICHELE BACHELET. USING CONCEPTS AND THEORETICAL INSIGHTS FROM SPECIALIZED LITERATURE, WE ADDRESS QUESTIONS ABOUT LOBBYING AND DISPUTES IN THE POLITICAL ARENA IN ORDER TO UNDERSTAND THE IMPACT OF FEMINISMS ON PUBLIC POLICIES, AND THE EXTENT TO WHICH THESE POLICIES RELATE TO THE INTERSECTIONAL NATURE OF DISCRIMINATION (GENDER, RACE / ETHNICITY, CLASS). FOUR MAJOR PUBLIC POLICIES AREAS ARE EXAMINED, NAMELY ECONOMIC AUTONOMY, SOCIAL FACILITIES, HEALTH, AND VIOLENCE, FROM THREE ANALYTICAL ANGLES: 1) THE ROLE OF WOMEN'S POLICY AGENCIES IN POLICY MAKING PROCESSES; 2) GENDER-AWARE PUBLIC POLICIES DURING THE MANDATES OF FEMALE PRESIDENTS IN ARGENTINA, BRASIL E CHILE; 3) THE INTERSECTIONALITY OF GENDER JUSTICE IN PUBLIC POLICY-MAKING. © 2018 UNIVERSIDADE FEDERAL DE SANTA CATARINA.",10.1590/1806-9584-2018v26n358565
LIMA N;CORDEIRO R,2020,“A MINHA VIDA NÃO PODE PARAR”: ITINERÁRIOS ABORTIVOS DE MULHERES JOVENS,"NESTE ARTIGO OBJETIVAMOS ANALISAR COMO A CLASSE E A RAÇA CONSTITUEM DIFERENTES ITINERÁRIOS ABORTIVOS PARA MULHERES JOVENS DE UMA REGIÃO METROPOLITANA DO BRASIL. FORAM ENTREVISTADAS OITO JOVENS COM IDADES ENTRE 19 E 28 ANOS, SENDO QUATRO DE CLASSES POPULARES E CINCO DE CLASSES MÉDIAS, TRÊS BRANCAS E CINCO NEGRAS. COMO RESULTADOS, ENCONTRAMOS DIFERENÇAS DE CLASSE E RAÇA NOS ITINERÁRIOS. AS JOVENS BRANCAS E DE CLASSES MÉDIAS APRESENTAM PERCURSOS MAIS CURTOS, CONSEGUEM DISPOR DE UMA REDE DE INFORMAÇÕES UM POUCO MAIS CONSISTENTE E RELATAM UM PROCESSO DECISÓRIO MAIS CONFLITIVO. AS JOVENS NEGRAS E DE CLASSES POPULARES NARRAM ITINERÁRIOS MAIS LONGOS, DISPÕEM DE UMA REDE DE APOIO MAIS PRECÁRIA E SEUS PROCESSOS DECISÓRIOS SÃO MAIS IMEDIATOS. © 2020 XX; THIS ARTICLE DEALS WITH THE RESULTS OF RESEARCH CONDUCTED BETWEEN 2012 AND 2014, WHOSE OBJECTIVE WAS TO ANALYZE HOW THE CLASS AND THE RACE CONSTITUTE DIFFERENT ITINERARIES FOR YOUNG WOMEN OF A METROPOLITAN REGION OF BRAZIL. EIGHT YOUNG PEOPLE BETWEEN THE AGES OF 19 AND 28 WERE INTERVIEWED, FOUR OF THE POPULAR CLASSES AND FIVE OF MIDDLE CLASSES, THREE WHITE AND FIVE BLACK. AS RESULTS, WE FIND DIFFERENCES OF CLASS AND RACE IN THE ITINERARIES. WHITE AND MIDDLE-CLASS YOUNG PEOPLE HAVE SHORTER COURSES AND ARE ABLE TO HAVE A SOMEWHAT MORE CONSISTENT INFORMATION NETWORK AND REPORT A MORE CONFLICTIVE DECISION-MAKING PROCESS. WHILE THE BLACK AND WORKING CLASS YOUTHS NARRATE LONGER ROUTES, THEY HAVE A MORE PRECARIOUS SUPPORT NETWORK AND THEIR DECISION-MAKING PROCESSES NEED TO BE MORE IMMEDIATE © 2020 XX",10.1590/1806-9584-2020v28n158290
ALBUQUERQUE W,2018,BLACK FREEDOM AND MASTER'S AUTHORITY AT THE TIME OF ABOLITION; [O SAMBA NO SOBRADO DA BARONESA: LIBERDADE NEGRA E AUTORIDADE SENHORIAL NO TEMPO DA ABOLIÇÃO],"O OBJETIVO DESTE TEXTO É DISCUTIR EXPECTATIVAS E DISPUTAS EM TORNO DA SUBORDINAÇÃO NEGRA NA ÉPOCA EM QUE A ESCRAVIDÃO AGONIZAVA, A DÉCADA DE 1880. O PONTO DE PARTIDA É A QUEIXA DE UM REPRESENTANTE DA BARONESA DO RIO VERMELHO ACERCA DA AÇÃO POLICIAL OCORRIDA NA RESIDÊNCIA DELA QUANDO SEUS ESCRAVOS E CRIADOS REALIZAVAM UM SAMBA EM 1885. O REVIDE DO SUBDELEGADO QUE LIDEROU ESSA AÇÃO ESTAVA ARTICULADO AO DEBATE QUE PERMEAVA A CRISE DO ESCRAVISMO: O LIMITE DA LIBERDADE NEGRA. AO MESMO TEMPO, A INVESTIDA DOS ABOLICIONISTAS IRIA TER COMO PRINCIPAL ALVO EM 1884-1885 O BARÃO DE COTEGIPE, APONTADO COMO CARRASCO DA RAÇA NEGRA DA QUAL ELE DESCENDERIA. ENQUANTO RACIALIZAVAM SAMBISTAS INSUBORDINADOS, POR UM LADO, E O LÍDER DOS ESCRAVISTAS, POR OUTRO, OS SUJEITOS QUE VIVIAM AS GRANDES MUDANÇAS SOCIAIS DA ÉPOCA CONSTRUÍAM O MUNDO DO PÓS-ABOLIÇÃO. AS PRINCIPAIS FONTES SÃO DOCUMENTAÇÃO POLICIAL, CORRESPONDÊNCIAS PESSOAIS, A IMPRENSA ABOLICIONISTA E LEGISLAÇÃO. © 2018 ASSOCIACAO NACIONAL DE HISTORIA.; THIS TEXT AIMS AT DISCUSSING THE EXPECTATIONS AND DISPUTES ABOUT BLACK SUBORDINATION WHEN SLAVERY WAS AT ITS DOWNFALL, IN THE 1880S. THE DEPARTURE POINT IS A COMPLAINT MADE BY THE REPRESENTATIVE OF THE BARONESS OF RIO VERMELHO REGARDING A POLICE ACTION THAT OCCURRED AT HER RESIDENCE, IN 1885, WHEN HER SLAVES AND SERVANTS GATHERED TO DANCE SAMBA. THE RESPONSE OF THE POLICE'S SUBDELEGATE WHO LED THIS ACTION WAS LINKED TO THE DEBATE INHERENT TO THE SLAVERY CRISIS, SPECIFICALLY WITH RESPECT TO THE LIMITS OF BLACK FREEDOM. AT THE SAME TIME, IN 1884-1885, THE ABOLITIONIST MOVEMENT'S MAIN TARGET OF ATTACK WAS THE BARON OF COTEGIPE, WHOM THEY VIEWED AS A TORMENTOR OF THE BLACK RACE FROM WHICH HE WAS A DESCENDANT. ON ONE HAND INSUBORDINATE SAMBA PARTICIPANTS, AND THE PRO-SLAVERY LEADER ON THE OTHER, WERE BOTH SUBJECTED TO RACIALIZATION, WHILE THOSE LIVING THROUGH THE GREAT SOCIAL TRANSFORMATIONS OF THE TIME WERE CONSTRUCTING A POST-ABOLITION WORLD. THE MAIN SOURCES CONSULTED INCLUDE POLICE DOCUMENTATION, PERSONAL CORRESPONDENCE, ABOLITIONIST PRESS AND LEGISLATION. © 2018 ASSOCIACAO NACIONAL DE HISTORIA.",10.1590/1806-93472018v38n79-09
SENKEVICS A,2018,AGAINST RACIAL SILENCE IN UNIVERSITY DATA: CHALLENGES AND PROPOSALS ABOUT THE FEDERAL LAW OF QUOTAS; [CONTRA O SILÊNCIO RACIAL NOS DADOS UNIVERSITÁRIOS: DESAFIOS E PROPOSTAS ACERCA DA LEI DE COTAS],"DISCUSSIONS ON RACIAL INEQUALITIES IN THE ACCESS TO HIGHER EDUCATION HAVE PROMOTED, SINCE THE LAST DECADE, THE ADOPTION OF AFFIRMATIVE ACTION POLICIES AIMED AT CORRECTING HISTORICAL DISPARITIES, SUCH AS THE FEDERAL LAW OF QUOTAS (ACT NO. 12.711/2012). HOWEVER, IN SPITE OF ITS IMPORTANCE, THIS POLICY STILL LACKS MECHANISMS FOR MONITORING AND EVALUATION, GIVEN THAT ONE OF THE POTENTIALLY MOST USEFUL SURVEYS FOR THAT - THE CENSUS OF HIGHER EDUCATION (CES, IN PORTUGUESE) - PRESENTS HIGH RATES OF NON-RACIAL STATEMENT, DUE TO THE MISSING VALUES OF THE COLOR/RACE ITEM REPORTED BY THE FEDERAL HIGHER EDUCATION INSTITUTIONS (IFES, IN PORTUGUESE). INTENDING TO ENHANCE THE MONITORING PROCESS OF THIS LEGISLATION, THIS STUDY MADE USE OF THE INCOMING UNDERGRADUATE STUDENTS DATABASES OF THE IFES AT THE CES, FROM 2012 THROUGH 2015, IN ORDER TO, BY MERGING THEM WITH THE NATIONAL HIGH SCHOOL EXAM (ENEM, IN PORTUGUESE) DATASETS, SEARCH FOR THE COLOR/RACE INFORMATION SELF-ASCRIBED BY THE SAME INDIVIDUALS WHEN THEY SIGNED UP FOR THE EXAM, AND THUS TAKE THEIR RESPECTIVE RACIAL STATEMENTS IN ENEM WITH THE PURPOSE OF INCREASING THE RACIAL STATEMENT RATE IN THE CENSUS. AMONG 2015 STUDENTS, THIS PROCEDURE HAS INCREASED RACIAL STATEMENT FROM 75.9 PERCENT TO 96.4 PERCENT. IN ADDITION, I ANALYZE THE RESULTS OBTAINED ACCORDING TO THE COMBINATIONS FORMED BY INSTITUTION-COURSE-SHIFT, CONSIDERED AS THE REFERENCE UNIT OF THE LAW OF QUOTAS, AND CONCLUSION IS THAT THIS OPERATION, NOT ONLY ADDS UP FEW BIASES IN THE RACIAL COMPOSITION OF THE STUDENTS BUT IT CAN ALSO BE CONSIDERED A VALID STRATEGY TO ENHANCE THE MONITORING OF SUCH POLICY AS LONG AS HIGH RATES OF RACIAL UNDERREPORTING PERSIST. © 2018 EDUC. PESQUI., SÃO PAULO.; O DEBATE EM TORNO DAS DESIGUALDADES RACIAIS NO ACESSO À EDUCAÇÃO SUPERIOR TEM ENSEJADO, DESDE A ÚLTIMA DÉCADA, A ADOÇÃO DE POLÍTICAS DE AÇÃO AFIRMATIVA VOLTADAS À CORREÇÃO DE DISPARIDADES HISTÓRICAS, A EXEMPLO DA LEI DE COTAS (LEI NO 12.711/2012). PORÉM, A DESPEITO DE SUA IMPORTÂNCIA, ESTA AINDA CARECE DE MECANISMOS CONSOLIDADOS QUE POSSIBILITEM SEU MONITORAMENTO E AVALIAÇÃO, TENDO EM VISTA QUE UM DOS LEVANTAMENTOS POTENCIALMENTE MAIS ÚTEIS PARA TAL OPERAÇÃO - COMO O CENSO DA EDUCAÇÃO SUPERIOR (CES) - PADECE DE ELEVADOS ÍNDICES DE NÃO DECLARAÇÃO RACIAL, EM RAZÃO DA SUBNOTIFICAÇÃO DO QUESITO COR/RAÇA POR PARTE DAS INSTITUIÇÕES FEDERAIS DE EDUCAÇÃO SUPERIOR (IFES). COM O OBJETIVO DE PROPOR SOLUÇÕES PARA ESSE PROBLEMA, ESTA PESQUISA LANÇOU MÃO DA BASE DE DADOS DOS INGRESSANTES DOS CURSOS DE GRADUAÇÃO DAS IFES NO CES, ENTRE 2012 E 2015, PARA, A PARTIR DE CRUZAMENTOS COM A BASE DE DADOS DO EXAME NACIONAL DO ENSINO MÉDIO (ENEM), RASTREAR A INFORMAÇÃO DE COR/RAÇA AUTODECLARADA PELOS MESMOS INDIVÍDUOS QUANDO DE SUA INSCRIÇÃO NO EXAME E, ASSIM, TOMAR SUAS RESPECTIVAS DECLARAÇÕES RACIAIS NO ENEM COMO FORMA DE AUMENTAR A TAXA DE DECLARAÇÃO RACIAL NO CENSO. ENTRE OS INGRESSANTES DE 2015, ESSE PROCEDIMENTO ELEVOU A REFERIDA TAXA DE 75,9% PARA 96,4%. ADEMAIS, ANALISAMOS OS INCREMENTOS OBTIDOS SEGUNDO AS COMBINAÇÕES FORMADAS POR TRINCAS DE INSTITUIÇÃO-CURSO-TURNO, ENTENDIDAS COMO A UNIDADE DE REFERÊNCIA DA LEI DE COTAS E CONCLUÍMOS QUE TAL OPERAÇÃO, ALÉM DE INTRODUZIR POUCOS VIESES NA COMPOSIÇÃO RACIAL DOS INGRESSANTES, APRESENTA-SE COMO UMA ESTRATÉGIA VÁLIDA PARA POTENCIALIZAR O ACOMPANHAMENTO DA REFERIDA LEGISLAÇÃO ENQUANTO PERSISTIREM ELEVADAS TAXAS DE SUBNOTIFICAÇÃO RACIAL. © 2018 EDUC. PESQUI., SÃO PAULO.",10.1590/S1678-4634201844182839
